timeframe,move_start_ts,move_end_ts,move_low,move_high,move_duration_bars,consol_start_ts,consol_end_ts,consol_low,consol_high,consol_duration_bars,fib_retracement_depth,fib_50,entry_ts,entry_price,entry_score
5min,2005-01-14 14:40:00+00:00,2005-01-14 15:10:00+00:00,4709.5,4714.5,8,2005-01-14 15:10:00+00:00,2005-01-14 15:30:00+00:00,4709.5,4720.5,5,1.0,4712.0,2005-01-14 15:30:00+00:00,4720.0,1.0
5min,2005-01-18 15:30:00+00:00,2005-01-18 18:00:00+00:00,4714.5,4733.0,32,2005-01-18 18:00:00+00:00,2005-01-18 18:50:00+00:00,4728.0,4732.5,11,0.2702702702702703,4723.75,2005-01-18 18:50:00+00:00,4732.0,1.0
5min,2005-01-28 20:45:00+00:00,2005-01-28 21:00:00+00:00,4651.5,4659.0,5,2005-01-28 21:00:00+00:00,2005-01-31 15:00:00+00:00,4656.0,4678.5,8,0.4,4655.25,2005-01-31 15:00:00+00:00,4678.5,1.0
5min,2005-02-01 15:15:00+00:00,2005-02-01 16:30:00+00:00,4678.5,4683.5,17,2005-02-01 16:30:00+00:00,2005-02-01 17:05:00+00:00,4679.5,4686.0,8,0.8,4681.0,2005-02-01 17:05:00+00:00,4685.0,1.0
5min,2005-02-04 14:40:00+00:00,2005-02-04 16:20:00+00:00,4666.5,4684.5,22,2005-02-04 16:20:00+00:00,2005-02-04 18:45:00+00:00,4676.5,4687.5,30,0.4444444444444444,4675.5,2005-02-04 18:45:00+00:00,4687.0,1.0
5min,2005-02-11 15:35:00+00:00,2005-02-11 19:35:00+00:00,4666.0,4694.0,50,2005-02-11 19:35:00+00:00,2005-02-14 14:50:00+00:00,4686.0,4694.5,23,0.2857142857142857,4680.0,2005-02-14 14:50:00+00:00,4694.0,1.0
5min,2005-02-24 18:25:00+00:00,2005-02-25 14:35:00+00:00,4653.0,4675.0,35,2005-02-25 14:35:00+00:00,2005-02-25 16:55:00+00:00,4669.0,4682.5,29,0.2727272727272727,4664.0,2005-02-25 16:55:00+00:00,4681.0,1.0
5min,2005-03-02 15:30:00+00:00,2005-03-02 17:40:00+00:00,4675.0,4698.0,28,2005-03-02 17:40:00+00:00,2005-03-02 18:30:00+00:00,4690.0,4694.0,11,0.34782608695652173,4686.5,2005-03-02 18:30:00+00:00,4693.5,1.0
5min,2005-03-23 14:35:00+00:00,2005-03-23 15:40:00+00:00,4616.5,4630.0,15,2005-03-23 15:40:00+00:00,2005-03-23 16:10:00+00:00,4621.5,4629.0,7,0.6296296296296297,4623.25,2005-03-23 16:10:00+00:00,4628.5,1.0
5min,2005-04-04 17:45:00+00:00,2005-04-04 19:55:00+00:00,4619.0,4634.5,28,2005-04-04 19:55:00+00:00,2005-04-05 13:55:00+00:00,4630.0,4637.5,8,0.2903225806451613,4626.75,2005-04-05 13:55:00+00:00,4637.0,1.0
5min,2005-04-05 19:25:00+00:00,2005-04-06 14:45:00+00:00,4634.0,4645.5,25,2005-04-06 14:45:00+00:00,2005-04-06 15:05:00+00:00,4639.0,4648.0,5,0.5652173913043478,4639.75,2005-04-06 15:05:00+00:00,4647.5,1.0
5min,2005-04-07 14:05:00+00:00,2005-04-07 15:55:00+00:00,4635.5,4644.5,24,2005-04-07 15:55:00+00:00,2005-04-07 18:40:00+00:00,4639.0,4649.5,34,0.6111111111111112,4640.0,2005-04-07 18:40:00+00:00,4648.0,1.0
5min,2005-05-04 16:45:00+00:00,2005-05-04 20:00:00+00:00,4586.0,4602.5,41,2005-05-04 20:00:00+00:00,2005-05-05 14:05:00+00:00,4594.5,4605.5,9,0.48484848484848486,4594.25,2005-05-05 14:05:00+00:00,4603.5,1.0
5min,2005-05-06 17:30:00+00:00,2005-05-06 18:00:00+00:00,4601.0,4603.0,8,2005-05-06 18:00:00+00:00,2005-05-06 18:20:00+00:00,4601.0,4605.5,5,1.0,4602.0,2005-05-06 18:20:00+00:00,4605.0,1.0
5min,2005-05-11 18:10:00+00:00,2005-05-11 19:15:00+00:00,4593.5,4609.5,15,2005-05-11 19:15:00+00:00,2005-05-11 19:35:00+00:00,4601.5,4607.0,5,0.5,4601.5,2005-05-11 19:35:00+00:00,4606.5,1.0
5min,2005-05-17 17:25:00+00:00,2005-05-18 13:55:00+00:00,4621.5,4643.5,39,2005-05-18 13:55:00+00:00,2005-05-18 14:35:00+00:00,4637.0,4647.5,9,0.29545454545454547,4632.5,2005-05-18 14:35:00+00:00,4647.0,1.0
5min,2005-05-18 14:45:00+00:00,2005-05-18 18:00:00+00:00,4643.0,4663.0,41,2005-05-18 18:00:00+00:00,2005-05-19 14:00:00+00:00,4655.0,4664.0,32,0.4,4653.0,2005-05-19 14:00:00+00:00,4663.0,1.0
5min,2005-05-25 19:15:00+00:00,2005-05-25 19:55:00+00:00,4676.5,4682.0,10,2005-05-25 19:55:00+00:00,2005-05-26 13:40:00+00:00,4679.0,4691.0,5,0.5454545454545454,4679.25,2005-05-26 13:40:00+00:00,4690.5,1.0
5min,2005-06-01 13:45:00+00:00,2005-06-01 16:15:00+00:00,4689.5,4715.0,32,2005-06-01 16:15:00+00:00,2005-06-01 17:10:00+00:00,4708.0,4713.5,12,0.27450980392156865,4702.25,2005-06-01 17:10:00+00:00,4712.5,1.0
5min,2005-06-20 17:50:00+00:00,2005-06-20 18:20:00+00:00,4678.0,4680.5,8,2005-06-20 18:20:00+00:00,2005-06-20 18:40:00+00:00,4678.0,4684.0,5,1.0,4679.25,2005-06-20 18:40:00+00:00,4683.0,1.0
5min,2005-06-28 17:10:00+00:00,2005-06-28 18:25:00+00:00,4647.0,4652.0,17,2005-06-28 18:25:00+00:00,2005-06-28 18:45:00+00:00,4649.5,4654.0,5,0.5,4649.5,2005-06-28 18:45:00+00:00,4653.5,1.0
5min,2005-07-04 15:20:00+00:00,2005-07-05 15:40:00+00:00,4626.0,4649.5,31,2005-07-05 15:40:00+00:00,2005-07-05 16:05:00+00:00,4642.0,4646.5,6,0.3191489361702128,4637.75,2005-07-05 16:05:00+00:00,4646.0,1.0
5min,2005-07-07 15:20:00+00:00,2005-07-07 16:45:00+00:00,4629.0,4643.5,19,2005-07-07 16:45:00+00:00,2005-07-07 17:35:00+00:00,4636.5,4643.0,11,0.4827586206896552,4636.25,2005-07-07 17:35:00+00:00,4642.5,1.0
5min,2005-07-08 14:30:00+00:00,2005-07-08 17:45:00+00:00,4645.5,4666.5,41,2005-07-08 17:45:00+00:00,2005-07-08 18:20:00+00:00,4662.5,4669.5,8,0.19047619047619047,4656.0,2005-07-08 18:20:00+00:00,4668.5,1.0
5min,2005-07-14 15:45:00+00:00,2005-07-14 16:05:00+00:00,4709.0,4713.0,6,2005-07-14 16:05:00+00:00,2005-07-14 17:15:00+00:00,4710.0,4718.0,15,0.75,4711.0,2005-07-14 17:15:00+00:00,4717.5,1.0
5min,2005-07-19 15:35:00+00:00,2005-07-19 18:10:00+00:00,4724.5,4730.5,33,2005-07-19 18:10:00+00:00,2005-07-19 18:35:00+00:00,4726.0,4730.5,6,0.75,4727.5,2005-07-19 18:35:00+00:00,4730.0,1.0
5min,2005-07-20 15:00:00+00:00,2005-07-20 16:25:00+00:00,4723.0,4731.5,19,2005-07-20 16:25:00+00:00,2005-07-20 17:20:00+00:00,4726.5,4734.5,12,0.5882352941176471,4727.25,2005-07-20 17:20:00+00:00,4734.5,1.0
5min,2005-07-27 17:30:00+00:00,2005-07-28 13:35:00+00:00,4740.0,4753.5,34,2005-07-28 13:35:00+00:00,2005-07-28 15:45:00+00:00,4748.5,4758.0,27,0.37037037037037035,4746.75,2005-07-28 15:45:00+00:00,4757.0,1.0
5min,2005-08-02 13:35:00+00:00,2005-08-02 17:00:00+00:00,4748.0,4768.0,43,2005-08-02 17:00:00+00:00,2005-08-02 18:15:00+00:00,4762.0,4767.5,16,0.3,4758.0,2005-08-02 18:15:00+00:00,4766.0,1.0
5min,2005-08-29 13:40:00+00:00,2005-08-29 15:35:00+00:00,4688.5,4702.0,25,2005-08-29 15:35:00+00:00,2005-08-29 17:05:00+00:00,4696.5,4706.5,19,0.4074074074074074,4695.25,2005-08-29 17:05:00+00:00,4705.5,1.0
5min,2005-09-06 13:50:00+00:00,2005-09-06 15:40:00+00:00,4714.5,4731.5,24,2005-09-06 15:40:00+00:00,2005-09-06 16:20:00+00:00,4726.0,4731.0,9,0.3235294117647059,4723.0,2005-09-06 16:20:00+00:00,4730.0,1.0
5min,2005-09-09 15:25:00+00:00,2005-09-09 18:10:00+00:00,4735.0,4745.0,35,2005-09-09 18:10:00+00:00,2005-09-12 13:50:00+00:00,4739.0,4746.0,28,0.6,4740.0,2005-09-12 13:50:00+00:00,4745.0,1.0
5min,2005-09-12 14:00:00+00:00,2005-09-12 14:40:00+00:00,4742.5,4748.0,10,2005-09-12 14:40:00+00:00,2005-09-12 16:15:00+00:00,4742.5,4749.5,20,1.0,4745.25,2005-09-12 16:15:00+00:00,4749.5,1.0
5min,2005-09-13 17:00:00+00:00,2005-09-13 17:55:00+00:00,4742.5,4746.0,13,2005-09-13 17:55:00+00:00,2005-09-13 18:20:00+00:00,4743.5,4752.0,6,0.7142857142857143,4744.25,2005-09-13 18:20:00+00:00,4751.5,1.0
5min,2005-09-29 15:45:00+00:00,2005-09-29 18:40:00+00:00,4700.0,4719.5,37,2005-09-29 18:40:00+00:00,2005-09-29 19:20:00+00:00,4712.5,4721.0,9,0.358974358974359,4709.75,2005-09-29 19:20:00+00:00,4721.0,1.0
5min,2005-10-14 18:35:00+00:00,2005-10-17 13:35:00+00:00,4663.0,4673.5,21,2005-10-17 13:35:00+00:00,2005-10-17 14:05:00+00:00,4668.5,4675.0,7,0.47619047619047616,4668.25,2005-10-17 14:05:00+00:00,4674.5,1.0
5min,2005-10-21 13:35:00+00:00,2005-10-21 14:10:00+00:00,4690.0,4699.0,9,2005-10-21 14:10:00+00:00,2005-10-21 14:30:00+00:00,4690.0,4700.0,5,1.0,4694.5,2005-10-21 14:30:00+00:00,4699.5,1.0
5min,2005-10-24 15:35:00+00:00,2005-10-24 18:20:00+00:00,4696.5,4709.5,35,2005-10-24 18:20:00+00:00,2005-10-24 19:40:00+00:00,4702.5,4710.5,17,0.5384615384615384,4703.0,2005-10-24 19:40:00+00:00,4709.5,1.0
5min,2005-10-28 18:05:00+00:00,2005-10-28 19:35:00+00:00,4676.0,4685.0,20,2005-10-28 19:35:00+00:00,2005-10-31 14:40:00+00:00,4678.5,4692.0,9,0.7222222222222222,4680.5,2005-10-31 14:40:00+00:00,4691.0,1.0
5min,2005-11-02 14:40:00+00:00,2005-11-02 19:45:00+00:00,4701.5,4727.5,63,2005-11-02 19:45:00+00:00,2005-11-02 20:50:00+00:00,4717.5,4725.5,14,0.38461538461538464,4714.5,2005-11-02 20:50:00+00:00,4725.0,1.0
5min,2005-11-02 21:00:00+00:00,2005-11-03 15:25:00+00:00,4721.5,4744.0,14,2005-11-03 15:25:00+00:00,2005-11-03 16:20:00+00:00,4736.5,4749.0,12,0.3333333333333333,4732.75,2005-11-03 16:20:00+00:00,4747.0,1.0
5min,2005-11-16 20:05:00+00:00,2005-11-17 14:35:00+00:00,4773.5,4785.0,15,2005-11-17 14:35:00+00:00,2005-11-17 15:20:00+00:00,4782.5,4790.0,10,0.21739130434782608,4779.25,2005-11-17 15:20:00+00:00,4790.0,1.0
5min,2005-11-17 20:05:00+00:00,2005-11-18 14:40:00+00:00,4788.5,4811.5,16,2005-11-18 14:40:00+00:00,2005-11-18 15:05:00+00:00,4804.0,4811.5,6,0.32608695652173914,4800.0,2005-11-18 15:05:00+00:00,4810.5,1.0
5min,2005-11-23 14:45:00+00:00,2005-11-23 17:05:00+00:00,4818.5,4823.5,30,2005-11-23 17:05:00+00:00,2005-11-23 17:35:00+00:00,4820.5,4824.0,7,0.6,4821.0,2005-11-23 17:35:00+00:00,4823.5,1.0
5min,2005-12-01 14:35:00+00:00,2005-12-01 16:30:00+00:00,4806.0,4821.5,25,2005-12-01 16:30:00+00:00,2005-12-01 17:20:00+00:00,4815.5,4820.5,11,0.3870967741935484,4813.75,2005-12-01 17:20:00+00:00,4820.5,1.0
5min,2005-12-21 20:50:00+00:00,2005-12-22 17:10:00+00:00,4788.0,4796.5,37,2005-12-22 17:10:00+00:00,2005-12-22 18:35:00+00:00,4792.5,4796.0,18,0.47058823529411764,4792.25,2005-12-22 18:35:00+00:00,4796.0,1.0
5min,2006-01-03 19:10:00+00:00,2006-01-04 16:15:00+00:00,4770.5,4810.0,46,2006-01-04 16:15:00+00:00,2006-01-04 16:45:00+00:00,4802.0,4809.5,7,0.20253164556962025,4790.25,2006-01-04 16:45:00+00:00,4809.5,1.0
5min,2006-01-06 15:35:00+00:00,2006-01-06 16:10:00+00:00,4828.5,4833.0,9,2006-01-06 16:10:00+00:00,2006-01-06 17:05:00+00:00,4828.5,4840.0,12,1.0,4830.75,2006-01-06 17:05:00+00:00,4839.5,1.0
5min,2006-01-06 17:15:00+00:00,2006-01-06 20:45:00+00:00,4837.0,4853.0,44,2006-01-06 20:45:00+00:00,2006-01-09 15:30:00+00:00,4845.0,4855.0,17,0.5,4845.0,2006-01-09 15:30:00+00:00,4854.0,1.0
5min,2006-01-13 21:00:00+00:00,2006-01-16 14:40:00+00:00,4860.5,4864.5,5,2006-01-16 14:40:00+00:00,2006-01-16 15:25:00+00:00,4864.0,4865.5,9,0.125,4862.5,2006-01-16 15:25:00+00:00,4865.5,1.0
5min,2006-01-18 20:15:00+00:00,2006-01-19 14:30:00+00:00,4829.5,4839.5,12,2006-01-19 14:30:00+00:00,2006-01-19 15:20:00+00:00,4835.0,4841.5,11,0.45,4834.5,2006-01-19 15:20:00+00:00,4840.5,1.0
5min,2006-01-26 19:50:00+00:00,2006-01-26 20:55:00+00:00,4798.5,4805.0,15,2006-01-26 20:55:00+00:00,2006-01-27 14:50:00+00:00,4798.5,4820.5,7,1.0,4801.75,2006-01-27 14:50:00+00:00,4820.0,1.0
5min,2006-01-27 20:05:00+00:00,2006-01-27 20:45:00+00:00,4817.5,4823.5,10,2006-01-27 20:45:00+00:00,2006-01-30 14:30:00+00:00,4820.0,4826.5,5,0.5833333333333334,4820.5,2006-01-30 14:30:00+00:00,4826.0,1.0
5min,2006-02-08 19:50:00+00:00,2006-02-09 14:35:00+00:00,4772.5,4786.0,18,2006-02-09 14:35:00+00:00,2006-02-09 14:55:00+00:00,4781.0,4787.0,5,0.37037037037037035,4779.25,2006-02-09 14:55:00+00:00,4786.5,1.0
5min,2006-02-14 16:00:00+00:00,2006-02-14 17:55:00+00:00,4757.5,4768.0,25,2006-02-14 17:55:00+00:00,2006-02-14 18:20:00+00:00,4762.5,4766.5,6,0.5238095238095238,4762.75,2006-02-14 18:20:00+00:00,4765.5,1.0
5min,2006-02-15 18:05:00+00:00,2006-02-15 20:20:00+00:00,4770.0,4783.5,29,2006-02-15 20:20:00+00:00,2006-02-15 21:00:00+00:00,4776.5,4781.5,9,0.5185185185185185,4776.75,2006-02-15 21:00:00+00:00,4781.0,1.0
5min,2006-02-22 15:10:00+00:00,2006-02-22 18:40:00+00:00,4764.5,4792.5,44,2006-02-22 18:40:00+00:00,2006-02-23 16:30:00+00:00,4776.5,4792.0,54,0.5714285714285714,4778.5,2006-02-23 16:30:00+00:00,4791.0,1.0
5min,2006-02-27 14:50:00+00:00,2006-02-27 18:30:00+00:00,4789.5,4808.5,46,2006-02-27 18:30:00+00:00,2006-02-27 19:05:00+00:00,4804.0,4807.5,8,0.23684210526315788,4799.0,2006-02-27 19:05:00+00:00,4806.5,1.0
5min,2006-03-01 15:30:00+00:00,2006-03-01 18:15:00+00:00,4782.0,4800.0,35,2006-03-01 18:15:00+00:00,2006-03-01 18:35:00+00:00,4795.0,4798.0,5,0.2777777777777778,4791.0,2006-03-01 18:35:00+00:00,4797.5,1.0
5min,2006-03-14 16:00:00+00:00,2006-03-14 17:35:00+00:00,4763.5,4772.5,21,2006-03-14 17:35:00+00:00,2006-03-14 18:10:00+00:00,4766.5,4772.0,8,0.6666666666666666,4768.0,2006-03-14 18:10:00+00:00,4771.0,1.0
5min,2006-03-14 18:20:00+00:00,2006-03-15 14:50:00+00:00,4771.5,4794.0,39,2006-03-15 14:50:00+00:00,2006-03-15 19:20:00+00:00,4783.0,4795.5,55,0.4888888888888889,4782.75,2006-03-15 19:20:00+00:00,4795.5,1.0
5min,2006-03-15 19:30:00+00:00,2006-03-15 20:10:00+00:00,4789.5,4795.5,10,2006-03-15 20:10:00+00:00,2006-03-15 20:40:00+00:00,4789.5,4799.0,7,1.0,4792.5,2006-03-15 20:40:00+00:00,4798.5,1.0
5min,2006-03-22 14:40:00+00:00,2006-03-22 14:55:00+00:00,4766.0,4772.5,5,2006-03-22 14:55:00+00:00,2006-03-22 15:20:00+00:00,4766.0,4775.5,6,1.0,4769.25,2006-03-22 15:20:00+00:00,4774.5,0.8888888888888888
5min,2006-03-29 15:20:00+00:00,2006-03-29 20:45:00+00:00,4778.5,4813.0,67,2006-03-29 20:45:00+00:00,2006-03-30 14:30:00+00:00,4802.0,4809.0,5,0.3188405797101449,4795.75,2006-03-30 14:30:00+00:00,4808.5,0.6666666666666666
5min,2006-04-05 16:05:00+00:00,2006-04-05 18:40:00+00:00,4819.75,4832.0,33,2006-04-05 18:40:00+00:00,2006-04-05 19:00:00+00:00,4828.5,4832.5,5,0.2857142857142857,4825.875,2006-04-05 19:00:00+00:00,4831.75,1.0
5min,2006-04-27 14:05:00+00:00,2006-04-27 17:10:00+00:00,4790.75,4823.5,39,2006-04-27 17:10:00+00:00,2006-04-27 18:55:00+00:00,4811.75,4822.25,22,0.35877862595419846,4807.125,2006-04-27 18:55:00+00:00,4821.5,1.0
5min,2006-06-14 19:40:00+00:00,2006-06-15 15:45:00+00:00,4606.0,4640.75,34,2006-06-15 15:45:00+00:00,2006-06-15 18:00:00+00:00,4630.0,4639.75,28,0.30935251798561153,4623.375,2006-06-15 18:00:00+00:00,4639.25,1.0
5min,2006-06-21 13:40:00+00:00,2006-06-21 17:15:00+00:00,4635.5,4665.25,45,2006-06-21 17:15:00+00:00,2006-06-21 17:50:00+00:00,4661.0,4665.25,8,0.14285714285714285,4650.375,2006-06-21 17:50:00+00:00,4664.5,1.0
5min,2006-06-23 16:10:00+00:00,2006-06-23 17:25:00+00:00,4635.75,4650.5,17,2006-06-23 17:25:00+00:00,2006-06-23 17:45:00+00:00,4644.25,4648.0,5,0.423728813559322,4643.125,2006-06-23 17:45:00+00:00,4648.0,0.8888888888888888
5min,2006-06-28 18:05:00+00:00,2006-06-28 19:45:00+00:00,4609.0,4621.0,22,2006-06-28 19:45:00+00:00,2006-06-29 13:50:00+00:00,4616.75,4632.25,9,0.3541666666666667,4615.0,2006-06-29 13:50:00+00:00,4630.5,1.0
5min,2006-07-13 15:30:00+00:00,2006-07-13 15:50:00+00:00,4569.25,4577.5,6,2006-07-13 15:50:00+00:00,2006-07-13 16:10:00+00:00,4569.75,4579.0,5,0.9393939393939394,4573.375,2006-07-13 16:10:00+00:00,4578.75,0.7777777777777778
5min,2006-07-18 19:35:00+00:00,2006-07-19 16:10:00+00:00,4536.5,4566.0,40,2006-07-19 16:10:00+00:00,2006-07-19 16:35:00+00:00,4556.75,4561.75,6,0.3135593220338983,4551.25,2006-07-19 16:35:00+00:00,4561.5,1.0
5min,2006-07-28 14:45:00+00:00,2006-07-28 17:45:00+00:00,4563.0,4585.0,38,2006-07-28 17:45:00+00:00,2006-07-28 18:05:00+00:00,4575.0,4580.25,5,0.45454545454545453,4574.0,2006-07-28 18:05:00+00:00,4580.25,1.0
5min,2006-08-01 19:45:00+00:00,2006-08-01 20:00:00+00:00,4556.75,4561.75,5,2006-08-01 20:00:00+00:00,2006-08-02 13:45:00+00:00,4557.5,4574.25,5,0.85,4559.25,2006-08-02 13:45:00+00:00,4573.75,1.0
5min,2006-08-02 15:10:00+00:00,2006-08-02 17:25:00+00:00,4567.5,4585.0,29,2006-08-02 17:25:00+00:00,2006-08-02 18:10:00+00:00,4580.0,4584.5,10,0.2857142857142857,4576.25,2006-08-02 18:10:00+00:00,4583.75,1.0
5min,2006-08-03 16:15:00+00:00,2006-08-03 19:45:00+00:00,4570.5,4593.25,44,2006-08-03 19:45:00+00:00,2006-08-04 13:45:00+00:00,4582.0,4605.0,8,0.4945054945054945,4581.875,2006-08-04 13:45:00+00:00,4604.25,1.0
5min,2006-08-11 20:00:00+00:00,2006-08-14 14:10:00+00:00,4556.0,4574.75,11,2006-08-14 14:10:00+00:00,2006-08-14 15:00:00+00:00,4566.75,4573.75,11,0.4266666666666667,4565.375,2006-08-14 15:00:00+00:00,4572.75,1.0
5min,2006-08-15 14:15:00+00:00,2006-08-15 17:10:00+00:00,4582.75,4599.5,37,2006-08-15 17:10:00+00:00,2006-08-15 18:25:00+00:00,4591.75,4601.5,16,0.4626865671641791,4591.125,2006-08-15 18:25:00+00:00,4601.25,1.0
5min,2006-08-15 18:35:00+00:00,2006-08-16 17:30:00+00:00,4599.75,4629.25,68,2006-08-16 17:30:00+00:00,2006-08-16 17:50:00+00:00,4622.5,4627.25,5,0.2288135593220339,4614.5,2006-08-16 17:50:00+00:00,4627.25,1.0
5min,2006-08-16 18:00:00+00:00,2006-08-17 13:35:00+00:00,4624.75,4641.0,28,2006-08-17 13:35:00+00:00,2006-08-17 14:05:00+00:00,4634.75,4647.25,7,0.38461538461538464,4632.875,2006-08-17 14:05:00+00:00,4647.25,1.0
5min,2006-08-22 13:40:00+00:00,2006-08-22 15:10:00+00:00,4635.25,4646.0,20,2006-08-22 15:10:00+00:00,2006-08-22 15:30:00+00:00,4641.0,4647.75,5,0.46511627906976744,4640.625,2006-08-22 15:30:00+00:00,4647.5,1.0
5min,2006-08-25 17:55:00+00:00,2006-08-25 18:25:00+00:00,4628.25,4631.75,8,2006-08-25 18:25:00+00:00,2006-08-25 19:35:00+00:00,4628.5,4633.5,15,0.9285714285714286,4630.0,2006-08-25 19:35:00+00:00,4633.0,1.0
5min,2006-08-28 13:45:00+00:00,2006-08-28 17:05:00+00:00,4626.0,4645.0,42,2006-08-28 17:05:00+00:00,2006-08-28 17:55:00+00:00,4638.25,4642.5,11,0.35526315789473684,4635.5,2006-08-28 17:55:00+00:00,4642.25,1.0
5min,2006-08-29 18:45:00+00:00,2006-08-29 19:15:00+00:00,4631.75,4636.25,8,2006-08-29 19:15:00+00:00,2006-08-29 19:35:00+00:00,4631.75,4644.0,5,1.0,4634.0,2006-08-29 19:35:00+00:00,4644.0,1.0
5min,2006-09-01 14:55:00+00:00,2006-09-01 17:20:00+00:00,4654.0,4662.75,31,2006-09-01 17:20:00+00:00,2006-09-01 17:40:00+00:00,4658.75,4661.0,5,0.45714285714285713,4658.375,2006-09-01 17:40:00+00:00,4661.0,1.0
5min,2006-09-07 15:35:00+00:00,2006-09-07 15:50:00+00:00,4635.75,4640.25,5,2006-09-07 15:50:00+00:00,2006-09-07 16:10:00+00:00,4636.5,4646.75,5,0.8333333333333334,4638.0,2006-09-07 16:10:00+00:00,4645.25,0.7777777777777778
5min,2006-09-11 16:10:00+00:00,2006-09-11 18:30:00+00:00,4634.25,4659.25,30,2006-09-11 18:30:00+00:00,2006-09-11 19:00:00+00:00,4649.25,4655.0,7,0.4,4646.75,2006-09-11 19:00:00+00:00,4654.75,1.0
5min,2006-09-12 13:30:00+00:00,2006-09-12 16:30:00+00:00,4650.0,4668.5,38,2006-09-12 16:30:00+00:00,2006-09-12 17:45:00+00:00,4661.25,4668.5,16,0.3918918918918919,4659.25,2006-09-12 17:45:00+00:00,4667.5,1.0
5min,2006-09-12 17:55:00+00:00,2006-09-13 13:30:00+00:00,4667.25,4685.75,28,2006-09-13 13:30:00+00:00,2006-09-13 13:50:00+00:00,4678.75,4690.0,5,0.3783783783783784,4676.5,2006-09-13 13:50:00+00:00,4689.75,1.0
5min,2006-09-19 19:30:00+00:00,2006-09-20 15:55:00+00:00,4683.75,4715.0,38,2006-09-20 15:55:00+00:00,2006-09-21 15:20:00+00:00,4701.75,4720.25,73,0.424,4699.375,2006-09-21 15:20:00+00:00,4719.75,1.0
5min,2006-09-25 16:20:00+00:00,2006-09-26 13:35:00+00:00,4691.5,4719.25,48,2006-09-26 13:35:00+00:00,2006-09-26 14:05:00+00:00,4709.25,4722.0,7,0.36036036036036034,4705.375,2006-09-26 14:05:00+00:00,4721.0,1.0
5min,2006-10-03 15:20:00+00:00,2006-10-03 15:50:00+00:00,4690.5,4699.0,8,2006-10-03 15:50:00+00:00,2006-10-03 16:10:00+00:00,4694.5,4703.0,5,0.5294117647058824,4694.75,2006-10-03 16:10:00+00:00,4702.25,0.8888888888888888
5min,2006-10-04 14:15:00+00:00,2006-10-04 17:10:00+00:00,4701.25,4726.75,37,2006-10-04 17:10:00+00:00,2006-10-04 18:15:00+00:00,4718.75,4731.0,14,0.3137254901960784,4714.0,2006-10-04 18:15:00+00:00,4730.5,1.0
5min,2006-10-09 14:55:00+00:00,2006-10-09 17:10:00+00:00,4745.25,4757.0,29,2006-10-09 17:10:00+00:00,2006-10-09 17:30:00+00:00,4754.0,4759.5,5,0.2553191489361702,4751.125,2006-10-09 17:30:00+00:00,4758.5,1.0
5min,2006-10-11 14:15:00+00:00,2006-10-11 14:50:00+00:00,4747.75,4754.0,9,2006-10-11 14:50:00+00:00,2006-10-11 15:40:00+00:00,4747.75,4760.25,11,1.0,4750.875,2006-10-11 15:40:00+00:00,4758.5,1.0
5min,2006-10-11 19:55:00+00:00,2006-10-12 15:05:00+00:00,4751.0,4765.25,23,2006-10-12 15:05:00+00:00,2006-10-12 18:40:00+00:00,4759.0,4770.5,44,0.43859649122807015,4758.125,2006-10-12 18:40:00+00:00,4770.25,1.0
5min,2006-10-12 18:50:00+00:00,2006-10-13 18:35:00+00:00,4767.25,4791.25,78,2006-10-13 18:35:00+00:00,2006-10-16 13:55:00+00:00,4783.25,4790.75,24,0.3333333333333333,4779.25,2006-10-16 13:55:00+00:00,4790.25,1.0
5min,2006-10-23 13:55:00+00:00,2006-10-23 15:40:00+00:00,4766.25,4792.25,23,2006-10-23 15:40:00+00:00,2006-10-23 16:10:00+00:00,4785.5,4791.25,7,0.25961538461538464,4779.25,2006-10-23 16:10:00+00:00,4790.5,1.0
5min,2006-10-26 16:15:00+00:00,2006-10-26 19:15:00+00:00,4787.0,4804.25,38,2006-10-26 19:15:00+00:00,2006-10-26 19:40:00+00:00,4798.25,4802.75,6,0.34782608695652173,4795.625,2006-10-26 19:40:00+00:00,4802.25,1.0
5min,2006-11-03 21:00:00+00:00,2006-11-06 16:40:00+00:00,4760.0,4790.0,29,2006-11-06 16:40:00+00:00,2006-11-06 18:20:00+00:00,4785.0,4791.5,21,0.16666666666666666,4775.0,2006-11-06 18:20:00+00:00,4790.25,1.0
5min,2006-11-07 14:45:00+00:00,2006-11-07 16:50:00+00:00,4787.75,4809.25,27,2006-11-07 16:50:00+00:00,2006-11-07 17:55:00+00:00,4803.25,4808.25,14,0.27906976744186046,4798.5,2006-11-07 17:55:00+00:00,4807.75,1.0
5min,2006-11-08 17:55:00+00:00,2006-11-08 18:30:00+00:00,4792.25,4800.5,9,2006-11-08 18:30:00+00:00,2006-11-08 18:50:00+00:00,4793.0,4802.25,5,0.9090909090909091,4796.375,2006-11-08 18:50:00+00:00,4802.25,1.0
5min,2006-11-13 14:45:00+00:00,2006-11-13 16:30:00+00:00,4806.75,4825.5,23,2006-11-13 16:30:00+00:00,2006-11-13 17:30:00+00:00,4816.25,4822.25,13,0.49333333333333335,4816.125,2006-11-13 17:30:00+00:00,4822.0,1.0
5min,2006-11-14 17:45:00+00:00,2006-11-14 19:20:00+00:00,4818.5,4829.0,21,2006-11-14 19:20:00+00:00,2006-11-14 19:40:00+00:00,4823.5,4829.25,5,0.5238095238095238,4823.75,2006-11-14 19:40:00+00:00,4829.0,1.0
5min,2006-11-14 19:50:00+00:00,2006-11-15 15:55:00+00:00,4831.75,4851.5,34,2006-11-15 15:55:00+00:00,2006-11-15 17:10:00+00:00,4847.0,4852.5,16,0.22784810126582278,4841.625,2006-11-15 17:10:00+00:00,4852.25,1.0
5min,2006-11-20 15:05:00+00:00,2006-11-20 16:45:00+00:00,4847.5,4859.5,22,2006-11-20 16:45:00+00:00,2006-11-20 17:20:00+00:00,4854.75,4859.0,8,0.3958333333333333,4853.5,2006-11-20 17:20:00+00:00,4858.25,1.0
5min,2006-11-28 19:30:00+00:00,2006-11-29 16:35:00+00:00,4825.25,4847.25,46,2006-11-29 16:35:00+00:00,2006-11-29 17:10:00+00:00,4841.25,4846.0,8,0.2727272727272727,4836.25,2006-11-29 17:10:00+00:00,4844.75,1.0
5min,2006-12-01 20:45:00+00:00,2006-12-04 19:25:00+00:00,4819.5,4858.0,65,2006-12-04 19:25:00+00:00,2006-12-04 19:50:00+00:00,4852.5,4856.75,6,0.14285714285714285,4838.75,2006-12-04 19:50:00+00:00,4855.75,1.0
5min,2006-12-08 15:45:00+00:00,2006-12-08 17:40:00+00:00,4823.0,4848.25,25,2006-12-08 17:40:00+00:00,2006-12-08 18:00:00+00:00,4839.75,4844.0,5,0.33663366336633666,4835.625,2006-12-08 18:00:00+00:00,4842.75,0.8888888888888888
5min,2006-12-13 20:35:00+00:00,2006-12-14 16:25:00+00:00,4825.75,4859.75,31,2006-12-14 16:25:00+00:00,2006-12-15 14:35:00+00:00,4850.0,4869.5,58,0.2867647058823529,4842.75,2006-12-15 14:35:00+00:00,4869.25,1.0
5min,2006-12-26 20:20:00+00:00,2006-12-26 20:35:00+00:00,4795.25,4796.25,5,2006-12-26 20:35:00+00:00,2006-12-27 14:40:00+00:00,4795.5,4806.75,9,0.75,4795.75,2006-12-27 14:40:00+00:00,4806.25,0.8888888888888888
5min,2007-01-04 15:35:00+00:00,2007-01-04 17:15:00+00:00,4804.0,4828.25,22,2007-01-04 17:15:00+00:00,2007-01-04 17:35:00+00:00,4821.0,4825.0,5,0.29896907216494845,4816.125,2007-01-04 17:35:00+00:00,4825.0,1.0
5min,2007-01-09 18:40:00+00:00,2007-01-10 16:35:00+00:00,4823.25,4846.0,56,2007-01-10 16:35:00+00:00,2007-01-10 18:30:00+00:00,4837.5,4848.5,24,0.37362637362637363,4834.625,2007-01-10 18:30:00+00:00,4848.0,1.0
5min,2007-01-10 18:40:00+00:00,2007-01-11 17:10:00+00:00,4845.75,4881.75,63,2007-01-11 17:10:00+00:00,2007-01-11 18:00:00+00:00,4875.25,4880.25,11,0.18055555555555555,4863.75,2007-01-11 18:00:00+00:00,4880.0,1.0
5min,2007-01-24 14:35:00+00:00,2007-01-24 18:10:00+00:00,4818.5,4841.0,45,2007-01-24 18:10:00+00:00,2007-01-24 19:00:00+00:00,4833.75,4840.5,11,0.32222222222222224,4829.75,2007-01-24 19:00:00+00:00,4839.0,1.0
5min,2007-01-29 15:45:00+00:00,2007-01-29 16:05:00+00:00,4806.25,4810.25,6,2007-01-29 16:05:00+00:00,2007-01-29 17:15:00+00:00,4806.25,4813.0,15,1.0,4808.25,2007-01-29 17:15:00+00:00,4811.5,0.8888888888888888
5min,2007-02-02 20:20:00+00:00,2007-02-02 20:50:00+00:00,4829.25,4832.25,8,2007-02-02 20:50:00+00:00,2007-02-05 14:45:00+00:00,4829.25,4834.0,7,1.0,4830.75,2007-02-05 14:45:00+00:00,4833.0,1.0
5min,2007-02-06 19:55:00+00:00,2007-02-06 20:30:00+00:00,4822.0,4830.0,9,2007-02-06 20:30:00+00:00,2007-02-07 15:40:00+00:00,4826.0,4843.0,22,0.5,4826.0,2007-02-07 15:40:00+00:00,4842.5,1.0
5min,2007-02-13 20:45:00+00:00,2007-02-14 19:55:00+00:00,4816.0,4851.5,71,2007-02-14 19:55:00+00:00,2007-02-15 15:05:00+00:00,4844.5,4856.25,22,0.19718309859154928,4833.75,2007-02-15 15:05:00+00:00,4855.75,1.0
5min,2007-02-15 18:30:00+00:00,2007-02-15 19:10:00+00:00,4849.5,4851.5,10,2007-02-15 19:10:00+00:00,2007-02-15 20:00:00+00:00,4849.5,4855.0,11,1.0,4850.5,2007-02-15 20:00:00+00:00,4854.5,1.0
5min,2007-02-20 16:05:00+00:00,2007-02-20 18:20:00+00:00,4849.25,4866.5,29,2007-02-20 18:20:00+00:00,2007-02-20 19:00:00+00:00,4858.5,4864.0,9,0.463768115942029,4857.875,2007-02-20 19:00:00+00:00,4863.5,1.0
5min,2007-03-16 19:35:00+00:00,2007-03-19 13:30:00+00:00,4765.25,4777.75,8,2007-03-19 13:30:00+00:00,2007-03-19 14:55:00+00:00,4771.75,4783.5,18,0.48,4771.5,2007-03-19 14:55:00+00:00,4783.0,1.0
5min,2007-04-02 19:10:00+00:00,2007-04-02 19:55:00+00:00,4790.0,4795.75,11,2007-04-02 19:55:00+00:00,2007-04-03 14:05:00+00:00,4792.5,4816.25,10,0.5652173913043478,4792.875,2007-04-03 14:05:00+00:00,4815.25,1.0
5min,2007-04-05 15:50:00+00:00,2007-04-05 19:40:00+00:00,4823.75,4831.75,48,2007-04-05 19:40:00+00:00,2007-04-05 20:00:00+00:00,4829.5,4834.0,5,0.28125,4827.75,2007-04-05 20:00:00+00:00,4833.75,1.0
5min,2007-04-09 16:10:00+00:00,2007-04-09 16:25:00+00:00,4833.25,4834.75,5,2007-04-09 16:25:00+00:00,2007-04-09 16:50:00+00:00,4833.75,4838.5,6,0.6666666666666666,4834.0,2007-04-09 16:50:00+00:00,4837.25,0.7777777777777778
5min,2007-04-10 18:15:00+00:00,2007-04-10 18:35:00+00:00,4830.75,4833.5,6,2007-04-10 18:35:00+00:00,2007-04-10 19:05:00+00:00,4830.75,4833.25,7,1.0,4832.125,2007-04-10 19:05:00+00:00,4833.0,0.8888888888888888
5min,2007-04-12 14:10:00+00:00,2007-04-12 15:25:00+00:00,4814.0,4829.0,17,2007-04-12 15:25:00+00:00,2007-04-12 16:05:00+00:00,4822.0,4830.25,9,0.4666666666666667,4821.5,2007-04-12 16:05:00+00:00,4829.75,1.0
5min,2007-04-13 17:40:00+00:00,2007-04-13 18:10:00+00:00,4825.75,4829.25,8,2007-04-13 18:10:00+00:00,2007-04-13 18:50:00+00:00,4825.75,4836.5,9,1.0,4827.5,2007-04-13 18:50:00+00:00,4835.0,1.0
5min,2007-04-13 19:00:00+00:00,2007-04-16 14:25:00+00:00,4833.25,4849.5,26,2007-04-16 14:25:00+00:00,2007-04-16 14:45:00+00:00,4843.25,4848.25,5,0.38461538461538464,4841.375,2007-04-16 14:45:00+00:00,4848.25,1.0
5min,2007-04-19 13:50:00+00:00,2007-04-19 14:15:00+00:00,4839.25,4847.25,7,2007-04-19 14:15:00+00:00,2007-04-19 15:20:00+00:00,4842.75,4853.5,14,0.5625,4843.25,2007-04-19 15:20:00+00:00,4851.25,1.0
5min,2007-04-25 14:35:00+00:00,2007-04-25 15:00:00+00:00,4878.75,4882.25,7,2007-04-25 15:00:00+00:00,2007-04-25 15:50:00+00:00,4878.75,4884.75,11,1.0,4880.5,2007-04-25 15:50:00+00:00,4884.25,1.0
5min,2007-04-25 16:00:00+00:00,2007-04-25 19:25:00+00:00,4886.0,4900.75,43,2007-04-25 19:25:00+00:00,2007-04-26 18:40:00+00:00,4895.75,4910.5,71,0.3389830508474576,4893.375,2007-04-26 18:40:00+00:00,4910.5,1.0
5min,2007-05-01 19:50:00+00:00,2007-05-02 19:05:00+00:00,4886.5,4909.75,72,2007-05-02 19:05:00+00:00,2007-05-03 14:45:00+00:00,4902.5,4912.25,28,0.3118279569892473,4898.125,2007-05-03 14:45:00+00:00,4911.5,1.0
5min,2007-05-11 14:20:00+00:00,2007-05-11 16:15:00+00:00,4893.75,4910.0,25,2007-05-11 16:15:00+00:00,2007-05-11 19:35:00+00:00,4902.0,4912.75,41,0.49230769230769234,4901.875,2007-05-11 19:35:00+00:00,4911.5,1.0
5min,2007-05-28 13:55:00+00:00,2007-05-29 13:30:00+00:00,4898.25,4900.0,15,2007-05-29 13:30:00+00:00,2007-05-29 13:50:00+00:00,4899.0,4905.25,5,0.5714285714285714,4899.125,2007-05-29 13:50:00+00:00,4905.0,1.0
5min,2007-06-08 17:25:00+00:00,2007-06-11 14:20:00+00:00,4898.25,4919.5,44,2007-06-11 14:20:00+00:00,2007-06-11 16:50:00+00:00,4908.25,4919.25,31,0.5294117647058824,4908.875,2007-06-11 16:50:00+00:00,4919.0,1.0
5min,2007-06-13 18:05:00+00:00,2007-06-14 15:10:00+00:00,4901.0,4935.25,46,2007-06-14 15:10:00+00:00,2007-06-14 18:40:00+00:00,4923.75,4933.75,43,0.3357664233576642,4918.125,2007-06-14 18:40:00+00:00,4933.25,1.0
5min,2007-06-15 18:55:00+00:00,2007-06-15 19:45:00+00:00,4944.5,4947.25,12,2007-06-15 19:45:00+00:00,2007-06-18 13:30:00+00:00,4944.75,4952.25,5,0.9090909090909091,4945.875,2007-06-18 13:30:00+00:00,4951.75,0.6666666666666666
5min,2007-06-27 13:45:00+00:00,2007-06-27 15:05:00+00:00,4906.5,4917.5,18,2007-06-27 15:05:00+00:00,2007-06-27 16:40:00+00:00,4909.75,4921.75,20,0.7045454545454546,4912.0,2007-06-27 16:40:00+00:00,4920.5,1.0
5min,2007-06-27 17:50:00+00:00,2007-06-28 13:35:00+00:00,4917.0,4936.25,30,2007-06-28 13:35:00+00:00,2007-06-28 14:00:00+00:00,4931.75,4937.75,6,0.23376623376623376,4926.625,2007-06-28 14:00:00+00:00,4937.75,1.0
5min,2007-07-02 13:40:00+00:00,2007-07-02 16:30:00+00:00,4939.75,4954.5,36,2007-07-02 16:30:00+00:00,2007-07-02 17:05:00+00:00,4949.0,4952.25,8,0.3728813559322034,4947.125,2007-07-02 17:05:00+00:00,4951.75,1.0
5min,2007-07-02 18:35:00+00:00,2007-07-02 19:45:00+00:00,4951.0,4954.25,16,2007-07-02 19:45:00+00:00,2007-07-03 14:00:00+00:00,4951.0,4959.75,11,1.0,4952.625,2007-07-03 14:00:00+00:00,4959.5,1.0
5min,2007-07-06 16:50:00+00:00,2007-07-06 19:55:00+00:00,4980.25,4989.0,39,2007-07-06 19:55:00+00:00,2007-07-09 14:15:00+00:00,4984.75,4990.5,12,0.4857142857142857,4984.625,2007-07-09 14:15:00+00:00,4990.5,1.0
5min,2007-07-11 14:20:00+00:00,2007-07-11 16:50:00+00:00,4971.5,4980.0,32,2007-07-11 16:50:00+00:00,2007-07-11 17:40:00+00:00,4975.75,4981.25,11,0.5,4975.75,2007-07-11 17:40:00+00:00,4980.5,1.0
5min,2007-07-11 19:25:00+00:00,2007-07-12 13:45:00+00:00,4977.75,4992.75,13,2007-07-12 13:45:00+00:00,2007-07-12 15:40:00+00:00,4987.75,4997.0,24,0.3333333333333333,4985.25,2007-07-12 15:40:00+00:00,4997.0,1.0
5min,2007-07-12 15:50:00+00:00,2007-07-12 18:15:00+00:00,4995.25,5006.0,31,2007-07-12 18:15:00+00:00,2007-07-12 18:45:00+00:00,5000.75,5005.0,7,0.4883720930232558,5000.625,2007-07-12 18:45:00+00:00,5004.5,1.0
5min,2007-07-12 18:55:00+00:00,2007-07-13 14:15:00+00:00,5005.0,5021.75,25,2007-07-13 14:15:00+00:00,2007-07-13 14:45:00+00:00,5014.25,5021.0,7,0.44776119402985076,5013.375,2007-07-13 14:45:00+00:00,5019.75,1.0
5min,2007-07-18 19:40:00+00:00,2007-07-19 13:50:00+00:00,5024.5,5050.5,11,2007-07-19 13:50:00+00:00,2007-07-19 16:25:00+00:00,5042.75,5051.75,32,0.2980769230769231,5037.5,2007-07-19 16:25:00+00:00,5050.75,1.0
5min,2007-07-30 16:40:00+00:00,2007-07-30 17:35:00+00:00,4951.75,4966.5,13,2007-07-30 17:35:00+00:00,2007-07-30 19:05:00+00:00,4957.25,4972.5,19,0.6271186440677966,4959.125,2007-07-30 19:05:00+00:00,4971.5,1.0
5min,2007-08-01 19:45:00+00:00,2007-08-02 14:10:00+00:00,4914.0,4952.25,14,2007-08-02 14:10:00+00:00,2007-08-02 15:55:00+00:00,4935.25,4950.25,22,0.4444444444444444,4933.125,2007-08-02 15:55:00+00:00,4949.25,1.0
5min,2007-08-06 18:15:00+00:00,2007-08-07 13:35:00+00:00,4919.75,4944.25,25,2007-08-07 13:35:00+00:00,2007-08-07 14:00:00+00:00,4932.25,4943.5,6,0.4897959183673469,4932.0,2007-08-07 14:00:00+00:00,4941.75,1.0
5min,2007-08-07 19:05:00+00:00,2007-08-08 15:10:00+00:00,4946.25,4976.25,34,2007-08-08 15:10:00+00:00,2007-08-08 16:50:00+00:00,4965.0,4975.5,21,0.375,4961.25,2007-08-08 16:50:00+00:00,4975.25,1.0
5min,2007-08-10 19:15:00+00:00,2007-08-13 13:30:00+00:00,4904.75,4932.75,12,2007-08-13 13:30:00+00:00,2007-08-13 15:35:00+00:00,4922.75,4936.75,26,0.35714285714285715,4918.75,2007-08-13 15:35:00+00:00,4934.75,1.0
5min,2007-08-17 16:30:00+00:00,2007-08-17 17:00:00+00:00,4850.0,4858.25,8,2007-08-17 17:00:00+00:00,2007-08-17 17:20:00+00:00,4850.0,4865.0,5,1.0,4854.125,2007-08-17 17:20:00+00:00,4863.25,1.0
5min,2007-08-20 18:30:00+00:00,2007-08-21 16:50:00+00:00,4867.25,4903.5,61,2007-08-21 16:50:00+00:00,2007-08-22 13:30:00+00:00,4890.0,4913.0,40,0.3724137931034483,4885.375,2007-08-22 13:30:00+00:00,4912.25,0.8888888888888888
5min,2007-08-29 13:35:00+00:00,2007-08-29 16:55:00+00:00,4897.5,4916.5,42,2007-08-29 16:55:00+00:00,2007-08-29 18:25:00+00:00,4905.0,4915.0,19,0.6052631578947368,4907.0,2007-08-29 18:25:00+00:00,4915.0,1.0
5min,2007-08-29 18:35:00+00:00,2007-08-30 13:35:00+00:00,4914.0,4941.5,21,2007-08-30 13:35:00+00:00,2007-08-30 13:55:00+00:00,4926.25,4945.75,5,0.5545454545454546,4927.75,2007-08-30 13:55:00+00:00,4943.5,1.0
5min,2007-08-31 18:00:00+00:00,2007-09-03 14:20:00+00:00,4969.75,4979.5,36,2007-09-03 14:20:00+00:00,2007-09-03 14:40:00+00:00,4974.5,4976.5,5,0.5128205128205128,4974.625,2007-09-03 14:40:00+00:00,4976.5,1.0
5min,2007-09-04 13:35:00+00:00,2007-09-04 16:20:00+00:00,4973.0,5001.5,35,2007-09-04 16:20:00+00:00,2007-09-04 16:45:00+00:00,4995.25,5000.75,6,0.21929824561403508,4987.25,2007-09-04 16:45:00+00:00,5000.5,1.0
5min,2007-09-11 16:25:00+00:00,2007-09-11 18:55:00+00:00,4959.25,4974.5,32,2007-09-11 18:55:00+00:00,2007-09-11 19:15:00+00:00,4966.75,4972.75,5,0.5081967213114754,4966.875,2007-09-11 19:15:00+00:00,4972.25,1.0
5min,2007-09-13 14:30:00+00:00,2007-09-13 14:50:00+00:00,4975.75,4979.75,6,2007-09-13 14:50:00+00:00,2007-09-13 15:25:00+00:00,4976.5,4984.75,8,0.8125,4977.75,2007-09-13 15:25:00+00:00,4983.75,1.0
5min,2007-09-14 13:45:00+00:00,2007-09-14 16:55:00+00:00,4966.5,4983.75,40,2007-09-14 16:55:00+00:00,2007-09-14 17:25:00+00:00,4975.5,4981.0,7,0.4782608695652174,4975.125,2007-09-14 17:25:00+00:00,4980.75,1.0
5min,2007-09-24 14:25:00+00:00,2007-09-24 15:40:00+00:00,5033.75,5050.75,17,2007-09-24 15:40:00+00:00,2007-09-24 16:10:00+00:00,5044.5,5048.75,7,0.36764705882352944,5042.25,2007-09-24 16:10:00+00:00,5047.75,1.0
5min,2007-09-25 13:55:00+00:00,2007-09-25 15:45:00+00:00,5027.25,5045.5,24,2007-09-25 15:45:00+00:00,2007-09-25 17:30:00+00:00,5037.25,5047.25,22,0.4520547945205479,5036.375,2007-09-25 17:30:00+00:00,5047.0,1.0
5min,2007-10-04 19:20:00+00:00,2007-10-05 13:55:00+00:00,5077.5,5101.0,16,2007-10-05 13:55:00+00:00,2007-10-05 15:05:00+00:00,5093.0,5109.75,15,0.3404255319148936,5089.25,2007-10-05 15:05:00+00:00,5108.5,1.0
5min,2007-10-05 15:15:00+00:00,2007-10-05 16:55:00+00:00,5106.25,5119.5,22,2007-10-05 16:55:00+00:00,2007-10-05 17:35:00+00:00,5116.0,5121.5,9,0.2641509433962264,5112.875,2007-10-05 17:35:00+00:00,5120.5,1.0
5min,2007-10-05 19:35:00+00:00,2007-10-05 19:50:00+00:00,5119.0,5124.5,5,2007-10-05 19:50:00+00:00,2007-10-08 13:45:00+00:00,5119.5,5127.0,7,0.9090909090909091,5121.75,2007-10-08 13:45:00+00:00,5127.0,1.0
5min,2007-10-08 18:10:00+00:00,2007-10-09 13:35:00+00:00,5123.0,5143.75,26,2007-10-09 13:35:00+00:00,2007-10-09 18:50:00+00:00,5132.75,5146.25,64,0.5301204819277109,5133.375,2007-10-09 18:50:00+00:00,5145.5,1.0
5min,2007-10-10 18:35:00+00:00,2007-10-11 13:40:00+00:00,5144.5,5164.25,22,2007-10-11 13:40:00+00:00,2007-10-11 14:05:00+00:00,5158.5,5166.0,6,0.2911392405063291,5154.375,2007-10-11 14:05:00+00:00,5164.25,1.0
5min,2007-10-12 13:50:00+00:00,2007-10-12 16:10:00+00:00,5125.75,5147.0,30,2007-10-12 16:10:00+00:00,2007-10-12 16:45:00+00:00,5138.5,5149.5,8,0.4,5136.375,2007-10-12 16:45:00+00:00,5148.5,1.0
5min,2007-10-22 19:40:00+00:00,2007-10-23 15:00:00+00:00,5118.0,5157.25,25,2007-10-23 15:00:00+00:00,2007-10-23 18:05:00+00:00,5140.5,5157.75,38,0.4267515923566879,5137.625,2007-10-23 18:05:00+00:00,5156.0,1.0
5min,2007-10-30 14:20:00+00:00,2007-10-30 19:00:00+00:00,5164.5,5184.25,58,2007-10-30 19:00:00+00:00,2007-10-30 19:20:00+00:00,5180.5,5187.75,5,0.189873417721519,5174.375,2007-10-30 19:20:00+00:00,5187.25,1.0
5min,2007-11-23 16:05:00+00:00,2007-11-23 16:25:00+00:00,4970.5,4977.5,6,2007-11-23 16:25:00+00:00,2007-11-23 16:45:00+00:00,4970.5,4982.5,5,1.0,4974.0,2007-11-23 16:45:00+00:00,4981.25,1.0
5min,2007-11-23 16:55:00+00:00,2007-11-26 14:35:00+00:00,4978.5,4994.0,20,2007-11-26 14:35:00+00:00,2007-11-26 15:00:00+00:00,4987.0,5007.5,6,0.45161290322580644,4986.25,2007-11-26 15:00:00+00:00,5007.5,1.0
5min,2007-11-27 20:20:00+00:00,2007-11-28 16:45:00+00:00,4968.75,5051.0,38,2007-11-28 16:45:00+00:00,2007-11-28 17:05:00+00:00,5036.0,5048.0,5,0.182370820668693,5009.875,2007-11-28 17:05:00+00:00,5047.0,1.0
5min,2007-11-28 17:15:00+00:00,2007-11-28 18:15:00+00:00,5042.75,5048.25,14,2007-11-28 18:15:00+00:00,2007-11-28 18:55:00+00:00,5042.75,5053.75,9,1.0,5045.5,2007-11-28 18:55:00+00:00,5053.25,1.0
5min,2007-11-29 19:00:00+00:00,2007-11-29 20:40:00+00:00,5051.0,5069.0,22,2007-11-29 20:40:00+00:00,2007-11-30 14:30:00+00:00,5055.5,5082.5,6,0.75,5060.0,2007-11-30 14:30:00+00:00,5081.0,0.6666666666666666
5min,2007-12-05 14:45:00+00:00,2007-12-05 18:00:00+00:00,5041.0,5063.25,41,2007-12-05 18:00:00+00:00,2007-12-05 18:55:00+00:00,5052.0,5059.5,12,0.5056179775280899,5052.125,2007-12-05 18:55:00+00:00,5058.5,1.0
5min,2007-12-06 19:15:00+00:00,2007-12-07 14:35:00+00:00,5065.5,5087.25,25,2007-12-07 14:35:00+00:00,2007-12-07 16:45:00+00:00,5075.25,5086.75,27,0.5517241379310345,5076.375,2007-12-07 16:45:00+00:00,5086.5,1.0
5min,2007-12-10 15:10:00+00:00,2007-12-10 18:00:00+00:00,5088.5,5099.75,36,2007-12-10 18:00:00+00:00,2007-12-10 18:20:00+00:00,5093.25,5098.75,5,0.5777777777777777,5094.125,2007-12-10 18:20:00+00:00,5098.5,1.0
5min,2007-12-10 21:00:00+00:00,2007-12-11 14:45:00+00:00,5092.5,5098.75,6,2007-12-11 14:45:00+00:00,2007-12-11 15:10:00+00:00,5094.75,5100.0,6,0.64,5095.625,2007-12-11 15:10:00+00:00,5099.75,1.0
5min,2007-12-18 18:40:00+00:00,2007-12-18 19:00:00+00:00,4982.75,4992.25,6,2007-12-18 19:00:00+00:00,2007-12-18 19:20:00+00:00,4984.75,4997.75,5,0.7894736842105263,4987.5,2007-12-18 19:20:00+00:00,4995.0,0.8888888888888888
5min,2007-12-20 18:20:00+00:00,2007-12-20 20:35:00+00:00,5002.25,5025.75,29,2007-12-20 20:35:00+00:00,2007-12-21 14:30:00+00:00,5018.75,5061.0,7,0.2978723404255319,5014.0,2007-12-21 14:30:00+00:00,5059.25,1.0
5min,2007-12-21 18:20:00+00:00,2007-12-21 20:50:00+00:00,5053.75,5067.75,32,2007-12-21 20:50:00+00:00,2007-12-24 14:50:00+00:00,5058.25,5083.25,8,0.6785714285714286,5060.75,2007-12-24 14:50:00+00:00,5080.5,1.0
5min,2007-12-26 15:20:00+00:00,2007-12-26 15:45:00+00:00,5075.5,5082.0,7,2007-12-26 15:45:00+00:00,2007-12-26 16:10:00+00:00,5075.5,5083.0,6,1.0,5078.75,2007-12-26 16:10:00+00:00,5082.25,1.0
5min,2007-12-26 16:50:00+00:00,2007-12-26 17:05:00+00:00,5078.25,5082.5,5,2007-12-26 17:05:00+00:00,2007-12-26 17:25:00+00:00,5078.25,5083.0,5,1.0,5080.375,2007-12-26 17:25:00+00:00,5082.75,1.0
5min,2008-01-03 16:10:00+00:00,2008-01-03 16:45:00+00:00,5000.5,5006.5,9,2008-01-03 16:45:00+00:00,2008-01-03 17:15:00+00:00,5002.0,5012.0,7,0.75,5003.5,2008-01-03 17:15:00+00:00,5011.25,0.8888888888888888
5min,2008-01-14 18:00:00+00:00,2008-01-14 20:25:00+00:00,4877.5,4897.75,31,2008-01-14 20:25:00+00:00,2008-01-14 20:45:00+00:00,4888.5,4898.5,5,0.4567901234567901,4887.625,2008-01-14 20:45:00+00:00,4896.5,1.0
5min,2008-01-16 19:05:00+00:00,2008-01-16 20:00:00+00:00,4816.5,4853.0,13,2008-01-16 20:00:00+00:00,2008-01-16 20:20:00+00:00,4832.5,4847.75,5,0.5616438356164384,4834.75,2008-01-16 20:20:00+00:00,4845.5,1.0
5min,2008-01-22 19:25:00+00:00,2008-01-22 19:40:00+00:00,4734.25,4749.25,5,2008-01-22 19:40:00+00:00,2008-01-22 20:05:00+00:00,4733.25,4748.0,6,1.0666666666666667,4741.75,2008-01-22 20:05:00+00:00,4747.75,1.0
5min,2008-01-31 16:00:00+00:00,2008-01-31 18:10:00+00:00,4732.5,4771.25,28,2008-01-31 18:10:00+00:00,2008-01-31 18:35:00+00:00,4753.0,4761.0,6,0.47096774193548385,4751.875,2008-01-31 18:35:00+00:00,4761.0,1.0
5min,2008-02-01 18:10:00+00:00,2008-02-01 19:05:00+00:00,4777.5,4788.0,13,2008-02-01 19:05:00+00:00,2008-02-01 19:25:00+00:00,4779.0,4791.25,5,0.8571428571428571,4782.75,2008-02-01 19:25:00+00:00,4790.75,1.0
5min,2008-02-08 20:25:00+00:00,2008-02-11 14:45:00+00:00,4697.5,4723.5,13,2008-02-11 14:45:00+00:00,2008-02-11 17:40:00+00:00,4708.0,4727.0,36,0.5961538461538461,4710.5,2008-02-11 17:40:00+00:00,4726.25,1.0
5min,2008-02-27 15:45:00+00:00,2008-02-27 17:25:00+00:00,4725.5,4742.75,22,2008-02-27 17:25:00+00:00,2008-02-27 17:45:00+00:00,4733.25,4738.75,5,0.5507246376811594,4734.125,2008-02-27 17:45:00+00:00,4738.75,1.0
5min,2008-03-07 14:55:00+00:00,2008-03-07 15:15:00+00:00,4646.0,4663.5,6,2008-03-07 15:15:00+00:00,2008-03-07 15:40:00+00:00,4649.75,4664.25,6,0.7857142857142857,4654.75,2008-03-07 15:40:00+00:00,4663.25,0.8888888888888888
5min,2008-03-11 17:05:00+00:00,2008-03-12 13:40:00+00:00,4627.75,4684.25,40,2008-03-12 13:40:00+00:00,2008-03-12 14:45:00+00:00,4671.0,4689.75,14,0.2345132743362832,4656.0,2008-03-12 14:45:00+00:00,4687.5,1.0
5min,2008-03-17 19:00:00+00:00,2008-03-17 20:00:00+00:00,4618.25,4639.5,14,2008-03-17 20:00:00+00:00,2008-03-18 15:25:00+00:00,4618.5,4659.5,25,0.9882352941176471,4628.875,2008-03-18 15:25:00+00:00,4659.25,1.0
5min,2008-03-20 17:30:00+00:00,2008-03-20 18:20:00+00:00,4656.75,4672.0,12,2008-03-20 18:20:00+00:00,2008-03-20 18:40:00+00:00,4663.75,4675.5,5,0.5409836065573771,4664.375,2008-03-20 18:40:00+00:00,4674.75,1.0
5min,2008-03-20 18:50:00+00:00,2008-03-24 17:45:00+00:00,4672.0,4752.25,68,2008-03-24 17:45:00+00:00,2008-03-25 17:55:00+00:00,4733.0,4758.0,82,0.2398753894080997,4712.125,2008-03-25 17:55:00+00:00,4757.5,1.0
5min,2008-04-03 15:55:00+00:00,2008-04-03 16:30:00+00:00,4781.25,4787.0,9,2008-04-03 16:30:00+00:00,2008-04-03 16:50:00+00:00,4782.5,4798.0,5,0.782608695652174,4784.125,2008-04-03 16:50:00+00:00,4797.5,1.0
5min,2008-04-04 15:35:00+00:00,2008-04-04 16:05:00+00:00,4792.5,4797.75,8,2008-04-04 16:05:00+00:00,2008-04-04 17:00:00+00:00,4793.0,4814.25,12,0.9047619047619048,4795.125,2008-04-04 17:00:00+00:00,4811.0,1.0
5min,2008-04-08 14:40:00+00:00,2008-04-08 15:05:00+00:00,4782.5,4791.5,7,2008-04-08 15:05:00+00:00,2008-04-08 15:35:00+00:00,4786.25,4792.5,7,0.5833333333333334,4787.0,2008-04-08 15:35:00+00:00,4791.75,0.8888888888888888
5min,2008-04-10 13:35:00+00:00,2008-04-10 16:15:00+00:00,4759.75,4794.0,34,2008-04-10 16:15:00+00:00,2008-04-10 16:40:00+00:00,4787.75,4791.75,6,0.18248175182481752,4776.875,2008-04-10 16:40:00+00:00,4791.75,1.0
5min,2008-04-15 19:30:00+00:00,2008-04-16 17:25:00+00:00,4721.25,4775.25,56,2008-04-16 17:25:00+00:00,2008-04-16 18:55:00+00:00,4765.75,4776.0,19,0.17592592592592593,4748.25,2008-04-16 18:55:00+00:00,4775.5,1.0
5min,2008-04-17 19:10:00+00:00,2008-04-17 19:45:00+00:00,4768.5,4777.25,9,2008-04-17 19:45:00+00:00,2008-04-18 15:05:00+00:00,4772.75,4831.75,24,0.5142857142857142,4772.875,2008-04-18 15:05:00+00:00,4831.25,1.0
5min,2008-04-22 19:50:00+00:00,2008-04-23 13:40:00+00:00,4814.0,4831.5,7,2008-04-23 13:40:00+00:00,2008-04-23 14:25:00+00:00,4820.0,4833.25,10,0.6571428571428571,4822.75,2008-04-23 14:25:00+00:00,4832.25,1.0
5min,2008-04-24 15:05:00+00:00,2008-04-24 17:25:00+00:00,4824.25,4864.25,30,2008-04-24 17:25:00+00:00,2008-04-24 17:45:00+00:00,4854.25,4861.75,5,0.25,4844.25,2008-04-24 17:45:00+00:00,4860.75,1.0
5min,2008-04-29 16:30:00+00:00,2008-04-29 19:35:00+00:00,4852.5,4874.25,39,2008-04-29 19:35:00+00:00,2008-04-30 14:35:00+00:00,4864.0,4875.5,20,0.47126436781609193,4863.375,2008-04-30 14:35:00+00:00,4874.75,1.0
5min,2008-05-01 13:40:00+00:00,2008-05-01 17:55:00+00:00,4852.25,4906.0,53,2008-05-01 17:55:00+00:00,2008-05-01 18:15:00+00:00,4895.25,4901.75,5,0.2,4879.125,2008-05-01 18:15:00+00:00,4900.75,1.0
5min,2008-05-01 18:25:00+00:00,2008-05-01 19:40:00+00:00,4896.75,4906.75,17,2008-05-01 19:40:00+00:00,2008-05-01 20:00:00+00:00,4899.0,4912.25,5,0.775,4901.75,2008-05-01 20:00:00+00:00,4911.0,1.0
5min,2008-05-02 19:45:00+00:00,2008-05-05 13:45:00+00:00,4904.0,4914.0,9,2008-05-05 13:45:00+00:00,2008-05-05 14:10:00+00:00,4905.75,4924.25,6,0.825,4909.0,2008-05-05 14:10:00+00:00,4924.0,1.0
5min,2008-05-06 16:00:00+00:00,2008-05-06 18:10:00+00:00,4903.75,4921.75,28,2008-05-06 18:10:00+00:00,2008-05-06 18:35:00+00:00,4913.75,4919.0,6,0.4444444444444444,4912.75,2008-05-06 18:35:00+00:00,4918.5,1.0
5min,2008-05-08 16:55:00+00:00,2008-05-08 17:20:00+00:00,4892.25,4900.75,7,2008-05-08 17:20:00+00:00,2008-05-08 17:55:00+00:00,4892.25,4910.25,8,1.0,4896.5,2008-05-08 17:55:00+00:00,4908.75,1.0
5min,2008-05-12 14:30:00+00:00,2008-05-12 17:15:00+00:00,4893.25,4919.25,35,2008-05-12 17:15:00+00:00,2008-05-12 18:15:00+00:00,4909.75,4918.25,13,0.36538461538461536,4906.25,2008-05-12 18:15:00+00:00,4918.25,1.0
5min,2008-05-13 17:40:00+00:00,2008-05-14 15:20:00+00:00,4921.25,4957.25,53,2008-05-14 15:20:00+00:00,2008-05-14 17:15:00+00:00,4946.0,4955.75,24,0.3125,4939.25,2008-05-14 17:15:00+00:00,4954.75,1.0
5min,2008-05-15 16:00:00+00:00,2008-05-15 18:35:00+00:00,4935.25,4955.25,33,2008-05-15 18:35:00+00:00,2008-05-15 19:10:00+00:00,4945.5,4954.0,8,0.4875,4945.25,2008-05-15 19:10:00+00:00,4953.5,1.0
5min,2008-05-19 13:55:00+00:00,2008-05-19 15:10:00+00:00,4962.0,4976.5,17,2008-05-19 15:10:00+00:00,2008-05-19 15:45:00+00:00,4967.0,4978.5,8,0.6551724137931034,4969.25,2008-05-19 15:45:00+00:00,4977.75,1.0
5min,2008-05-28 19:25:00+00:00,2008-05-29 18:05:00+00:00,4918.5,4957.0,65,2008-05-29 18:05:00+00:00,2008-05-30 14:25:00+00:00,4946.25,4964.5,36,0.2792207792207792,4937.75,2008-05-30 14:25:00+00:00,4964.25,1.0
5min,2008-05-30 15:50:00+00:00,2008-05-30 17:20:00+00:00,4960.75,4965.75,20,2008-05-30 17:20:00+00:00,2008-05-30 17:45:00+00:00,4961.75,4965.75,6,0.8,4963.25,2008-05-30 17:45:00+00:00,4965.75,1.0
5min,2008-06-02 19:50:00+00:00,2008-06-03 13:40:00+00:00,4931.5,4944.5,7,2008-06-03 13:40:00+00:00,2008-06-03 14:05:00+00:00,4937.75,4954.75,6,0.5192307692307693,4938.0,2008-06-03 14:05:00+00:00,4954.25,1.0
5min,2008-06-05 13:45:00+00:00,2008-06-05 18:10:00+00:00,4953.75,4979.25,55,2008-06-05 18:10:00+00:00,2008-06-05 19:00:00+00:00,4965.0,4976.0,11,0.5588235294117647,4966.5,2008-06-05 19:00:00+00:00,4975.5,1.0
5min,2008-06-16 14:00:00+00:00,2008-06-16 16:10:00+00:00,4884.25,4910.25,28,2008-06-16 16:10:00+00:00,2008-06-16 16:30:00+00:00,4896.5,4901.0,5,0.5288461538461539,4897.25,2008-06-16 16:30:00+00:00,4900.75,0.8888888888888888
5min,2008-06-19 15:50:00+00:00,2008-06-19 17:50:00+00:00,4877.0,4904.5,26,2008-06-19 17:50:00+00:00,2008-06-19 18:25:00+00:00,4892.5,4899.75,8,0.43636363636363634,4890.75,2008-06-19 18:25:00+00:00,4899.0,1.0
5min,2008-06-25 13:45:00+00:00,2008-06-25 15:50:00+00:00,4842.0,4863.5,27,2008-06-25 15:50:00+00:00,2008-06-25 16:25:00+00:00,4855.75,4862.25,8,0.36046511627906974,4852.75,2008-06-25 16:25:00+00:00,4862.0,1.0
5min,2008-07-15 17:50:00+00:00,2008-07-15 18:15:00+00:00,4725.5,4736.75,7,2008-07-15 18:15:00+00:00,2008-07-15 19:05:00+00:00,4725.5,4751.0,11,1.0,4731.125,2008-07-15 19:05:00+00:00,4746.5,1.0
5min,2008-07-23 18:30:00+00:00,2008-07-23 19:10:00+00:00,4756.0,4765.5,10,2008-07-23 19:10:00+00:00,2008-07-24 13:30:00+00:00,4757.25,4778.0,12,0.868421052631579,4760.75,2008-07-24 13:30:00+00:00,4775.75,0.6666666666666666
5min,2008-07-29 13:50:00+00:00,2008-07-29 16:20:00+00:00,4734.75,4773.0,32,2008-07-29 16:20:00+00:00,2008-07-30 14:15:00+00:00,4756.25,4778.5,55,0.43790849673202614,4753.875,2008-07-30 14:15:00+00:00,4778.25,1.0
5min,2008-08-05 13:35:00+00:00,2008-08-06 13:35:00+00:00,4743.75,4791.25,81,2008-08-06 13:35:00+00:00,2008-08-06 15:30:00+00:00,4773.5,4798.0,24,0.3736842105263158,4767.5,2008-08-06 15:30:00+00:00,4797.75,1.0
5min,2008-08-06 15:40:00+00:00,2008-08-06 19:35:00+00:00,4794.25,4824.25,49,2008-08-06 19:35:00+00:00,2008-08-06 19:55:00+00:00,4812.5,4817.75,5,0.39166666666666666,4809.25,2008-08-06 19:55:00+00:00,4817.5,0.8888888888888888
5min,2008-08-08 13:55:00+00:00,2008-08-08 19:25:00+00:00,4812.25,4848.5,68,2008-08-08 19:25:00+00:00,2008-08-08 19:50:00+00:00,4839.75,4848.75,6,0.2413793103448276,4830.375,2008-08-08 19:50:00+00:00,4848.0,1.0
5min,2008-08-13 17:40:00+00:00,2008-08-13 17:55:00+00:00,4852.75,4861.5,5,2008-08-13 17:55:00+00:00,2008-08-13 18:40:00+00:00,4852.75,4866.25,10,1.0,4857.125,2008-08-13 18:40:00+00:00,4865.75,1.0
5min,2008-08-14 13:45:00+00:00,2008-08-14 17:35:00+00:00,4859.25,4890.5,48,2008-08-14 17:35:00+00:00,2008-08-14 18:20:00+00:00,4880.0,4888.75,10,0.336,4874.875,2008-08-14 18:20:00+00:00,4887.5,1.0
5min,2008-08-21 17:15:00+00:00,2008-08-21 17:35:00+00:00,4816.25,4821.75,6,2008-08-21 17:35:00+00:00,2008-08-21 18:15:00+00:00,4817.5,4828.25,9,0.7727272727272727,4819.0,2008-08-21 18:15:00+00:00,4827.75,0.8888888888888888
5min,2008-08-21 19:20:00+00:00,2008-08-21 20:00:00+00:00,4824.5,4832.5,10,2008-08-21 20:00:00+00:00,2008-08-22 13:50:00+00:00,4824.5,4847.0,6,1.0,4828.5,2008-08-22 13:50:00+00:00,4846.25,1.0
5min,2008-08-27 16:05:00+00:00,2008-08-27 18:00:00+00:00,4810.0,4832.0,25,2008-08-27 18:00:00+00:00,2008-08-27 18:45:00+00:00,4824.75,4834.0,10,0.32954545454545453,4821.0,2008-08-27 18:45:00+00:00,4833.25,1.0
5min,2008-08-27 20:00:00+00:00,2008-08-28 16:15:00+00:00,4818.5,4841.5,36,2008-08-28 16:15:00+00:00,2008-08-28 17:35:00+00:00,4831.5,4839.25,17,0.43478260869565216,4830.0,2008-08-28 17:35:00+00:00,4839.25,1.0
5min,2008-09-11 13:55:00+00:00,2008-09-11 15:25:00+00:00,4636.75,4664.0,20,2008-09-11 15:25:00+00:00,2008-09-11 15:45:00+00:00,4652.75,4669.0,5,0.41284403669724773,4650.375,2008-09-11 15:45:00+00:00,4668.0,1.0
5min,2008-09-11 17:35:00+00:00,2008-09-11 19:35:00+00:00,4661.0,4682.0,26,2008-09-11 19:35:00+00:00,2008-09-11 19:55:00+00:00,4668.5,4685.5,5,0.6428571428571429,4671.5,2008-09-11 19:55:00+00:00,4685.5,1.0
5min,2008-09-30 16:40:00+00:00,2008-09-30 17:10:00+00:00,4471.5,4480.75,8,2008-09-30 17:10:00+00:00,2008-09-30 17:30:00+00:00,4472.0,4485.0,5,0.9459459459459459,4476.125,2008-09-30 17:30:00+00:00,4484.25,0.8888888888888888
5min,2008-09-30 17:40:00+00:00,2008-09-30 19:20:00+00:00,4481.0,4499.0,22,2008-09-30 19:20:00+00:00,2008-09-30 19:45:00+00:00,4488.0,4507.25,6,0.6111111111111112,4490.0,2008-09-30 19:45:00+00:00,4507.25,1.0
5min,2008-10-03 13:40:00+00:00,2008-10-03 15:55:00+00:00,4424.0,4463.25,29,2008-10-03 15:55:00+00:00,2008-10-03 16:45:00+00:00,4445.0,4461.0,11,0.46496815286624205,4443.625,2008-10-03 16:45:00+00:00,4460.75,1.0
5min,2008-10-06 19:20:00+00:00,2008-10-06 19:40:00+00:00,4295.75,4331.5,6,2008-10-06 19:40:00+00:00,2008-10-07 13:30:00+00:00,4302.25,4350.75,6,0.8181818181818182,4313.625,2008-10-07 13:30:00+00:00,4347.5,0.8888888888888888
5min,2008-10-10 19:20:00+00:00,2008-10-13 13:35:00+00:00,4160.75,4257.0,12,2008-10-13 13:35:00+00:00,2008-10-13 14:40:00+00:00,4229.5,4258.75,14,0.2857142857142857,4208.875,2008-10-13 14:40:00+00:00,4258.75,1.0
5min,2008-10-16 18:45:00+00:00,2008-10-17 13:35:00+00:00,4161.75,4229.75,19,2008-10-17 13:35:00+00:00,2008-10-17 14:00:00+00:00,4192.25,4229.25,6,0.5514705882352942,4195.75,2008-10-17 14:00:00+00:00,4228.25,1.0
5min,2008-10-28 16:15:00+00:00,2008-10-28 16:30:00+00:00,4097.25,4105.25,5,2008-10-28 16:30:00+00:00,2008-10-28 17:15:00+00:00,4097.25,4119.25,10,1.0,4101.25,2008-10-28 17:15:00+00:00,4117.0,1.0
5min,2008-10-28 18:20:00+00:00,2008-10-29 13:35:00+00:00,4111.75,4214.5,24,2008-10-29 13:35:00+00:00,2008-10-29 16:30:00+00:00,4183.0,4219.5,36,0.30656934306569344,4163.125,2008-10-29 16:30:00+00:00,4219.25,1.0
5min,2008-10-31 14:10:00+00:00,2008-10-31 14:50:00+00:00,4229.0,4243.25,10,2008-10-31 14:50:00+00:00,2008-10-31 15:55:00+00:00,4230.75,4254.25,14,0.8771929824561403,4236.125,2008-10-31 15:55:00+00:00,4254.25,1.0
5min,2008-11-04 15:35:00+00:00,2008-11-04 17:35:00+00:00,4268.25,4294.5,26,2008-11-04 17:35:00+00:00,2008-11-04 18:05:00+00:00,4280.25,4289.25,7,0.5428571428571428,4281.375,2008-11-04 18:05:00+00:00,4287.5,1.0
5min,2008-11-21 20:20:00+00:00,2008-11-24 14:35:00+00:00,3958.25,4022.5,12,2008-11-24 14:35:00+00:00,2008-11-24 15:15:00+00:00,4006.25,4028.75,9,0.2529182879377432,3990.375,2008-11-24 15:15:00+00:00,4028.75,1.0
5min,2008-11-24 18:30:00+00:00,2008-11-24 18:50:00+00:00,4035.0,4041.5,6,2008-11-24 18:50:00+00:00,2008-11-24 20:05:00+00:00,4035.0,4054.75,16,1.0,4038.25,2008-11-24 20:05:00+00:00,4054.25,1.0
5min,2008-11-25 20:00:00+00:00,2008-11-26 18:40:00+00:00,4040.0,4092.0,65,2008-11-26 18:40:00+00:00,2008-11-26 19:35:00+00:00,4072.75,4090.75,12,0.3701923076923077,4066.0,2008-11-26 19:35:00+00:00,4089.5,1.0
5min,2008-12-03 15:10:00+00:00,2008-12-03 17:10:00+00:00,4024.25,4069.5,26,2008-12-03 17:10:00+00:00,2008-12-03 17:40:00+00:00,4049.5,4061.25,7,0.4419889502762431,4046.875,2008-12-03 17:40:00+00:00,4060.5,1.0
5min,2008-12-03 19:25:00+00:00,2008-12-04 15:15:00+00:00,4038.0,4077.25,31,2008-12-04 15:15:00+00:00,2008-12-04 15:40:00+00:00,4058.0,4071.25,6,0.49044585987261147,4057.625,2008-12-04 15:40:00+00:00,4069.0,1.0
5min,2008-12-10 16:20:00+00:00,2008-12-10 16:40:00+00:00,4134.0,4141.5,6,2008-12-10 16:40:00+00:00,2008-12-10 17:15:00+00:00,4134.0,4147.75,8,1.0,4137.75,2008-12-10 17:15:00+00:00,4147.5,1.0
5min,2008-12-12 14:35:00+00:00,2008-12-12 16:25:00+00:00,4065.5,4110.5,24,2008-12-12 16:25:00+00:00,2008-12-12 17:35:00+00:00,4090.25,4104.0,15,0.45,4088.0,2008-12-12 17:35:00+00:00,4103.75,1.0
5min,2008-12-15 20:45:00+00:00,2008-12-16 14:35:00+00:00,4089.5,4111.25,7,2008-12-16 14:35:00+00:00,2008-12-16 15:10:00+00:00,4104.75,4118.5,8,0.2988505747126437,4100.375,2008-12-16 15:10:00+00:00,4117.25,1.0
5min,2008-12-16 15:20:00+00:00,2008-12-16 18:00:00+00:00,4110.25,4126.5,34,2008-12-16 18:00:00+00:00,2008-12-16 18:30:00+00:00,4117.25,4122.5,7,0.5692307692307692,4118.375,2008-12-16 18:30:00+00:00,4122.0,1.0
5min,2008-12-17 16:50:00+00:00,2008-12-17 18:15:00+00:00,4133.0,4148.75,19,2008-12-17 18:15:00+00:00,2008-12-17 18:40:00+00:00,4138.75,4151.0,6,0.6349206349206349,4140.875,2008-12-17 18:40:00+00:00,4150.25,1.0
5min,2008-12-26 19:40:00+00:00,2008-12-26 19:55:00+00:00,4092.0,4094.25,5,2008-12-26 19:55:00+00:00,2008-12-26 20:30:00+00:00,4092.75,4096.25,8,0.6666666666666666,4093.125,2008-12-26 20:30:00+00:00,4095.75,0.8888888888888888
5min,2008-12-30 20:35:00+00:00,2008-12-31 17:25:00+00:00,4101.25,4129.5,43,2008-12-31 17:25:00+00:00,2008-12-31 17:50:00+00:00,4124.0,4128.25,6,0.19469026548672566,4115.375,2008-12-31 17:50:00+00:00,4128.25,1.0
5min,2009-01-05 15:15:00+00:00,2009-01-05 16:30:00+00:00,4158.5,4175.75,17,2009-01-05 16:30:00+00:00,2009-01-05 16:50:00+00:00,4166.0,4172.25,5,0.5652173913043478,4167.125,2009-01-05 16:50:00+00:00,4171.5,1.0
5min,2009-01-08 19:15:00+00:00,2009-01-08 20:35:00+00:00,4143.75,4160.25,18,2009-01-08 20:35:00+00:00,2009-01-08 20:55:00+00:00,4150.0,4160.5,5,0.6212121212121212,4152.0,2009-01-08 20:55:00+00:00,4159.0,1.0
5min,2009-01-16 18:40:00+00:00,2009-01-16 18:55:00+00:00,4085.75,4094.25,5,2009-01-16 18:55:00+00:00,2009-01-16 20:00:00+00:00,4085.75,4101.5,14,1.0,4090.0,2009-01-16 20:00:00+00:00,4100.75,1.0
5min,2009-01-23 16:10:00+00:00,2009-01-23 17:45:00+00:00,4070.0,4083.25,21,2009-01-23 17:45:00+00:00,2009-01-23 18:20:00+00:00,4072.75,4090.25,8,0.7924528301886793,4076.625,2009-01-23 18:20:00+00:00,4089.25,1.0
5min,2009-01-27 19:45:00+00:00,2009-01-28 14:30:00+00:00,4098.5,4119.75,18,2009-01-28 14:30:00+00:00,2009-01-28 15:35:00+00:00,4117.75,4132.25,14,0.09411764705882353,4109.125,2009-01-28 15:35:00+00:00,4130.75,1.0
5min,2009-02-02 14:35:00+00:00,2009-02-02 16:10:00+00:00,4074.75,4103.0,21,2009-02-02 16:10:00+00:00,2009-02-02 16:35:00+00:00,4090.75,4097.25,6,0.4336283185840708,4088.875,2009-02-02 16:35:00+00:00,4096.5,0.8888888888888888
5min,2009-02-03 18:40:00+00:00,2009-02-03 18:55:00+00:00,4101.0,4107.5,5,2009-02-03 18:55:00+00:00,2009-02-03 19:15:00+00:00,4101.0,4115.0,5,1.0,4104.25,2009-02-03 19:15:00+00:00,4113.75,1.0
5min,2009-02-05 14:40:00+00:00,2009-02-05 15:00:00+00:00,4105.75,4116.5,6,2009-02-05 15:00:00+00:00,2009-02-05 15:20:00+00:00,4107.0,4122.0,5,0.8837209302325582,4111.125,2009-02-05 15:20:00+00:00,4121.75,1.0
5min,2009-02-05 15:30:00+00:00,2009-02-05 18:25:00+00:00,4119.25,4156.75,37,2009-02-05 18:25:00+00:00,2009-02-05 18:45:00+00:00,4142.75,4148.0,5,0.37333333333333335,4138.0,2009-02-05 18:45:00+00:00,4147.75,1.0
5min,2009-02-05 20:30:00+00:00,2009-02-06 17:20:00+00:00,4145.75,4179.25,43,2009-02-06 17:20:00+00:00,2009-02-06 17:40:00+00:00,4172.25,4178.5,5,0.208955223880597,4162.5,2009-02-06 17:40:00+00:00,4177.75,1.0
5min,2009-03-10 13:35:00+00:00,2009-03-10 17:05:00+00:00,3970.0,4014.5,44,2009-03-10 17:05:00+00:00,2009-03-10 17:35:00+00:00,4008.5,4016.0,7,0.1348314606741573,3992.25,2009-03-10 17:35:00+00:00,4015.75,1.0
5min,2009-03-10 18:35:00+00:00,2009-03-10 18:55:00+00:00,4004.75,4015.0,6,2009-03-10 18:55:00+00:00,2009-03-10 19:30:00+00:00,4005.0,4018.75,8,0.975609756097561,4009.875,2009-03-10 19:30:00+00:00,4016.75,1.0
5min,2009-03-10 19:40:00+00:00,2009-03-11 13:35:00+00:00,4011.25,4031.5,8,2009-03-11 13:35:00+00:00,2009-03-11 13:55:00+00:00,4015.0,4039.25,5,0.8148148148148148,4021.375,2009-03-11 13:55:00+00:00,4038.75,1.0
5min,2009-03-12 14:05:00+00:00,2009-03-12 15:30:00+00:00,4024.75,4046.75,19,2009-03-12 15:30:00+00:00,2009-03-12 16:55:00+00:00,4037.5,4054.5,18,0.42045454545454547,4035.75,2009-03-12 16:55:00+00:00,4054.25,1.0
5min,2009-03-12 17:05:00+00:00,2009-03-13 13:35:00+00:00,4051.5,4073.0,39,2009-03-13 13:35:00+00:00,2009-03-13 14:10:00+00:00,4060.25,4076.0,8,0.5930232558139535,4062.25,2009-03-13 14:10:00+00:00,4076.0,1.0
5min,2009-03-17 14:00:00+00:00,2009-03-17 15:35:00+00:00,4060.5,4070.5,21,2009-03-17 15:35:00+00:00,2009-03-17 16:00:00+00:00,4064.25,4070.5,6,0.625,4065.5,2009-03-17 16:00:00+00:00,4069.75,1.0
5min,2009-03-17 18:20:00+00:00,2009-03-17 18:35:00+00:00,4070.0,4076.5,5,2009-03-17 18:35:00+00:00,2009-03-17 18:55:00+00:00,4069.75,4082.5,5,1.0384615384615385,4073.25,2009-03-17 18:55:00+00:00,4081.75,1.0
5min,2009-03-23 14:05:00+00:00,2009-03-23 17:05:00+00:00,4118.0,4143.5,38,2009-03-23 17:05:00+00:00,2009-03-23 18:50:00+00:00,4130.0,4143.0,22,0.5294117647058824,4130.75,2009-03-23 18:50:00+00:00,4142.5,1.0
5min,2009-03-26 14:40:00+00:00,2009-03-26 17:00:00+00:00,4160.5,4178.25,30,2009-03-26 17:00:00+00:00,2009-03-26 17:25:00+00:00,4169.5,4185.0,6,0.49295774647887325,4169.375,2009-03-26 17:25:00+00:00,4182.5,1.0
5min,2009-04-01 14:20:00+00:00,2009-04-01 17:00:00+00:00,4131.25,4156.75,34,2009-04-01 17:00:00+00:00,2009-04-01 17:55:00+00:00,4146.25,4156.0,12,0.4117647058823529,4144.0,2009-04-01 17:55:00+00:00,4155.25,1.0
5min,2009-04-01 19:35:00+00:00,2009-04-02 17:05:00+00:00,4149.25,4217.75,51,2009-04-02 17:05:00+00:00,2009-04-02 18:50:00+00:00,4197.75,4214.5,22,0.291970802919708,4183.5,2009-04-02 18:50:00+00:00,4212.75,1.0
5min,2009-04-03 15:40:00+00:00,2009-04-03 16:55:00+00:00,4206.75,4217.75,17,2009-04-03 16:55:00+00:00,2009-04-03 17:55:00+00:00,4210.5,4219.0,13,0.6590909090909091,4212.25,2009-04-03 17:55:00+00:00,4219.0,1.0
5min,2009-04-08 19:40:00+00:00,2009-04-09 14:55:00+00:00,4199.75,4247.25,24,2009-04-09 14:55:00+00:00,2009-04-09 15:20:00+00:00,4237.75,4242.75,6,0.2,4223.5,2009-04-09 15:20:00+00:00,4242.5,1.0
5min,2009-04-16 16:30:00+00:00,2009-04-16 17:55:00+00:00,4237.5,4246.5,19,2009-04-16 17:55:00+00:00,2009-04-16 18:15:00+00:00,4240.25,4248.5,5,0.6944444444444444,4242.0,2009-04-16 18:15:00+00:00,4248.5,1.0
5min,2009-04-21 19:10:00+00:00,2009-04-22 16:35:00+00:00,4222.25,4266.0,50,2009-04-22 16:35:00+00:00,2009-04-22 18:35:00+00:00,4248.0,4265.5,25,0.4114285714285714,4244.125,2009-04-22 18:35:00+00:00,4264.0,1.0
5min,2009-04-23 19:50:00+00:00,2009-04-24 13:40:00+00:00,4243.0,4263.0,7,2009-04-24 13:40:00+00:00,2009-04-24 14:00:00+00:00,4250.0,4260.75,5,0.65,4253.0,2009-04-24 14:00:00+00:00,4260.5,1.0
5min,2009-04-29 13:40:00+00:00,2009-04-29 16:25:00+00:00,4275.25,4298.5,35,2009-04-29 16:25:00+00:00,2009-04-29 17:25:00+00:00,4291.25,4297.5,13,0.3118279569892473,4286.875,2009-04-29 17:25:00+00:00,4296.5,1.0
5min,2009-05-04 13:50:00+00:00,2009-05-04 15:45:00+00:00,4310.0,4329.0,25,2009-05-04 15:45:00+00:00,2009-05-04 16:05:00+00:00,4320.75,4327.0,5,0.4342105263157895,4319.5,2009-05-04 16:05:00+00:00,4326.75,1.0
5min,2009-05-11 14:00:00+00:00,2009-05-11 15:40:00+00:00,4278.75,4313.0,22,2009-05-11 15:40:00+00:00,2009-05-11 17:15:00+00:00,4299.5,4309.5,20,0.39416058394160586,4295.875,2009-05-11 17:15:00+00:00,4309.5,1.0
5min,2009-05-18 14:30:00+00:00,2009-05-18 16:05:00+00:00,4268.25,4278.25,21,2009-05-18 16:05:00+00:00,2009-05-18 16:25:00+00:00,4274.5,4278.75,5,0.375,4273.25,2009-05-18 16:25:00+00:00,4278.5,1.0
5min,2009-05-18 16:35:00+00:00,2009-05-18 18:30:00+00:00,4282.0,4288.75,25,2009-05-18 18:30:00+00:00,2009-05-18 18:50:00+00:00,4282.75,4296.75,5,0.8888888888888888,4285.375,2009-05-18 18:50:00+00:00,4294.75,1.0
5min,2009-05-20 13:35:00+00:00,2009-05-20 15:25:00+00:00,4306.0,4330.0,24,2009-05-20 15:25:00+00:00,2009-05-20 15:45:00+00:00,4321.0,4326.0,5,0.375,4318.0,2009-05-20 15:45:00+00:00,4326.0,1.0
5min,2009-05-25 15:30:00+00:00,2009-05-26 18:55:00+00:00,4253.0,4321.5,68,2009-05-26 18:55:00+00:00,2009-05-26 20:00:00+00:00,4310.75,4320.5,14,0.15693430656934307,4287.25,2009-05-26 20:00:00+00:00,4319.25,1.0
5min,2009-05-29 19:15:00+00:00,2009-06-01 13:35:00+00:00,4322.5,4360.25,13,2009-06-01 13:35:00+00:00,2009-06-01 13:55:00+00:00,4353.0,4369.5,5,0.19205298013245034,4341.375,2009-06-01 13:55:00+00:00,4368.75,1.0
5min,2009-06-01 14:05:00+00:00,2009-06-01 17:05:00+00:00,4367.5,4387.5,38,2009-06-01 17:05:00+00:00,2009-06-01 18:00:00+00:00,4379.0,4388.5,12,0.425,4377.5,2009-06-01 18:00:00+00:00,4387.5,1.0
5min,2009-06-01 19:30:00+00:00,2009-06-02 13:35:00+00:00,4373.5,4386.75,10,2009-06-02 13:35:00+00:00,2009-06-02 13:55:00+00:00,4373.5,4387.75,5,1.0,4380.125,2009-06-02 13:55:00+00:00,4387.0,1.0
5min,2009-06-03 19:55:00+00:00,2009-06-04 16:05:00+00:00,4376.75,4396.0,35,2009-06-04 16:05:00+00:00,2009-06-04 16:25:00+00:00,4385.5,4390.75,5,0.5454545454545454,4386.375,2009-06-04 16:25:00+00:00,4390.25,1.0
5min,2009-06-10 19:40:00+00:00,2009-06-11 13:30:00+00:00,4393.75,4403.25,7,2009-06-11 13:30:00+00:00,2009-06-11 13:50:00+00:00,4398.75,4416.5,5,0.47368421052631576,4398.5,2009-06-11 13:50:00+00:00,4413.75,1.0
5min,2009-06-25 14:00:00+00:00,2009-06-25 16:45:00+00:00,4361.5,4382.75,35,2009-06-25 16:45:00+00:00,2009-06-25 17:10:00+00:00,4376.75,4383.5,6,0.2823529411764706,4372.125,2009-06-25 17:10:00+00:00,4383.25,1.0
5min,2009-06-26 15:15:00+00:00,2009-06-26 18:05:00+00:00,4378.75,4388.25,36,2009-06-26 18:05:00+00:00,2009-06-26 19:00:00+00:00,4383.75,4388.25,12,0.47368421052631576,4383.5,2009-06-26 19:00:00+00:00,4387.75,1.0
5min,2009-07-13 14:35:00+00:00,2009-07-13 17:00:00+00:00,4321.5,4349.25,31,2009-07-13 17:00:00+00:00,2009-07-13 17:20:00+00:00,4341.75,4348.5,5,0.2702702702702703,4335.375,2009-07-13 17:20:00+00:00,4347.5,1.0
5min,2009-07-14 19:45:00+00:00,2009-07-15 17:05:00+00:00,4354.0,4400.5,49,2009-07-15 17:05:00+00:00,2009-07-15 17:30:00+00:00,4396.25,4399.5,6,0.0913978494623656,4377.25,2009-07-15 17:30:00+00:00,4399.25,1.0
5min,2009-07-16 17:45:00+00:00,2009-07-17 15:15:00+00:00,4411.75,4428.75,51,2009-07-17 15:15:00+00:00,2009-07-17 16:05:00+00:00,4421.0,4426.5,11,0.45588235294117646,4420.25,2009-07-17 16:05:00+00:00,4426.5,1.0
5min,2009-07-21 18:45:00+00:00,2009-07-22 14:35:00+00:00,4445.25,4473.25,31,2009-07-22 14:35:00+00:00,2009-07-22 15:00:00+00:00,4460.0,4467.25,6,0.4732142857142857,4459.25,2009-07-22 15:00:00+00:00,4467.0,1.0
5min,2009-07-22 19:55:00+00:00,2009-07-23 18:05:00+00:00,4467.25,4512.0,59,2009-07-23 18:05:00+00:00,2009-07-23 18:50:00+00:00,4504.5,4510.0,10,0.16759776536312848,4489.625,2009-07-23 18:50:00+00:00,4509.0,1.0
5min,2009-07-24 15:25:00+00:00,2009-07-24 17:05:00+00:00,4489.75,4500.0,22,2009-07-24 17:05:00+00:00,2009-07-24 17:25:00+00:00,4494.5,4499.25,5,0.5365853658536586,4494.875,2009-07-24 17:25:00+00:00,4499.25,1.0
5min,2009-07-28 17:15:00+00:00,2009-07-28 17:50:00+00:00,4497.75,4505.5,9,2009-07-28 17:50:00+00:00,2009-07-28 18:10:00+00:00,4502.0,4510.75,5,0.45161290322580644,4501.625,2009-07-28 18:10:00+00:00,4510.25,1.0
5min,2009-08-03 15:55:00+00:00,2009-08-03 19:00:00+00:00,4524.0,4535.75,39,2009-08-03 19:00:00+00:00,2009-08-03 19:20:00+00:00,4530.25,4533.25,5,0.46808510638297873,4529.875,2009-08-03 19:20:00+00:00,4533.25,1.0
5min,2009-08-05 18:45:00+00:00,2009-08-05 19:10:00+00:00,4519.0,4525.0,7,2009-08-05 19:10:00+00:00,2009-08-05 19:30:00+00:00,4522.0,4527.0,5,0.5,4522.0,2009-08-05 19:30:00+00:00,4526.0,0.6666666666666666
5min,2009-08-12 13:40:00+00:00,2009-08-12 16:20:00+00:00,4506.0,4533.25,34,2009-08-12 16:20:00+00:00,2009-08-12 17:15:00+00:00,4528.0,4533.25,12,0.1926605504587156,4519.625,2009-08-12 17:15:00+00:00,4532.25,1.0
5min,2009-08-18 15:10:00+00:00,2009-08-18 16:20:00+00:00,4482.75,4491.25,16,2009-08-18 16:20:00+00:00,2009-08-18 16:45:00+00:00,4489.0,4493.25,6,0.2647058823529412,4487.0,2009-08-18 16:45:00+00:00,4492.75,1.0
5min,2009-08-19 15:35:00+00:00,2009-08-19 18:20:00+00:00,4486.75,4508.75,35,2009-08-19 18:20:00+00:00,2009-08-20 14:00:00+00:00,4498.75,4521.0,28,0.45454545454545453,4497.75,2009-08-20 14:00:00+00:00,4520.75,1.0
5min,2009-09-04 14:10:00+00:00,2009-09-04 17:50:00+00:00,4517.75,4548.75,46,2009-09-04 17:50:00+00:00,2009-09-04 19:00:00+00:00,4538.75,4544.5,15,0.3225806451612903,4533.25,2009-09-04 19:00:00+00:00,4544.5,1.0
5min,2009-09-08 19:25:00+00:00,2009-09-09 13:40:00+00:00,4556.5,4565.5,12,2009-09-09 13:40:00+00:00,2009-09-09 14:10:00+00:00,4557.25,4572.0,7,0.9166666666666666,4561.0,2009-09-09 14:10:00+00:00,4570.5,1.0
5min,2009-09-10 15:40:00+00:00,2009-09-10 16:30:00+00:00,4581.25,4585.25,12,2009-09-10 16:30:00+00:00,2009-09-10 17:50:00+00:00,4582.25,4589.0,17,0.75,4583.25,2009-09-10 17:50:00+00:00,4588.5,1.0
5min,2009-09-11 19:25:00+00:00,2009-09-14 15:50:00+00:00,4581.5,4597.75,38,2009-09-14 15:50:00+00:00,2009-09-14 16:35:00+00:00,4590.5,4594.5,10,0.4461538461538462,4589.625,2009-09-14 16:35:00+00:00,4594.5,1.0
5min,2009-09-14 17:35:00+00:00,2009-09-14 19:30:00+00:00,4593.0,4601.0,25,2009-09-14 19:30:00+00:00,2009-09-14 19:55:00+00:00,4596.0,4602.0,6,0.625,4597.0,2009-09-14 19:55:00+00:00,4601.25,1.0
5min,2009-09-15 14:35:00+00:00,2009-09-15 18:40:00+00:00,4601.25,4610.25,51,2009-09-15 18:40:00+00:00,2009-09-15 19:15:00+00:00,4604.75,4608.75,8,0.6111111111111112,4605.75,2009-09-15 19:15:00+00:00,4608.5,1.0
5min,2009-09-16 14:45:00+00:00,2009-09-16 15:30:00+00:00,4613.25,4616.75,11,2009-09-16 15:30:00+00:00,2009-09-16 15:50:00+00:00,4613.25,4622.5,5,1.0,4615.0,2009-09-16 15:50:00+00:00,4620.75,1.0
5min,2009-09-16 16:00:00+00:00,2009-09-16 18:50:00+00:00,4620.75,4633.75,36,2009-09-16 18:50:00+00:00,2009-09-17 13:55:00+00:00,4625.5,4636.25,21,0.6346153846153846,4627.25,2009-09-17 13:55:00+00:00,4635.75,1.0
5min,2009-09-21 14:25:00+00:00,2009-09-21 17:05:00+00:00,4626.75,4644.0,34,2009-09-21 17:05:00+00:00,2009-09-21 17:40:00+00:00,4635.5,4639.75,8,0.4927536231884058,4635.375,2009-09-21 17:40:00+00:00,4639.25,1.0
5min,2009-09-23 15:45:00+00:00,2009-09-23 17:30:00+00:00,4644.0,4651.25,23,2009-09-23 17:30:00+00:00,2009-09-23 17:50:00+00:00,4647.5,4651.75,5,0.5172413793103449,4647.625,2009-09-23 17:50:00+00:00,4651.25,1.0
5min,2009-09-28 13:45:00+00:00,2009-09-28 17:00:00+00:00,4613.75,4642.75,41,2009-09-28 17:00:00+00:00,2009-09-28 17:35:00+00:00,4637.75,4641.5,8,0.1724137931034483,4628.25,2009-09-28 17:35:00+00:00,4641.25,1.0
5min,2009-10-07 18:55:00+00:00,2009-10-08 13:35:00+00:00,4611.5,4631.5,17,2009-10-08 13:35:00+00:00,2009-10-08 15:25:00+00:00,4621.5,4638.0,23,0.5,4621.5,2009-10-08 15:25:00+00:00,4637.25,1.0
5min,2009-10-09 13:45:00+00:00,2009-10-09 15:20:00+00:00,4622.5,4635.25,21,2009-10-09 15:20:00+00:00,2009-10-09 19:05:00+00:00,4629.25,4636.25,46,0.47058823529411764,4628.875,2009-10-09 19:05:00+00:00,4636.0,1.0
5min,2009-10-19 14:35:00+00:00,2009-10-19 17:20:00+00:00,4649.0,4666.75,35,2009-10-19 17:20:00+00:00,2009-10-19 17:40:00+00:00,4660.5,4665.75,5,0.352112676056338,4657.875,2009-10-19 17:40:00+00:00,4664.25,1.0
5min,2009-10-19 19:00:00+00:00,2009-10-19 19:30:00+00:00,4660.0,4664.75,8,2009-10-19 19:30:00+00:00,2009-10-19 19:50:00+00:00,4660.0,4664.75,5,1.0,4662.375,2009-10-19 19:50:00+00:00,4664.25,1.0
5min,2009-10-29 14:05:00+00:00,2009-10-29 16:00:00+00:00,4603.0,4615.75,25,2009-10-29 16:00:00+00:00,2009-10-29 16:40:00+00:00,4610.75,4618.0,9,0.39215686274509803,4609.375,2009-10-29 16:40:00+00:00,4615.5,1.0
5min,2009-11-03 17:30:00+00:00,2009-11-03 19:40:00+00:00,4573.0,4586.25,28,2009-11-03 19:40:00+00:00,2009-11-03 20:30:00+00:00,4577.75,4584.25,11,0.6415094339622641,4579.625,2009-11-03 20:30:00+00:00,4584.25,1.0
5min,2009-11-04 15:05:00+00:00,2009-11-04 17:15:00+00:00,4591.75,4610.25,28,2009-11-04 17:15:00+00:00,2009-11-04 17:45:00+00:00,4600.75,4604.25,7,0.5135135135135135,4601.0,2009-11-04 17:45:00+00:00,4604.25,0.8888888888888888
5min,2009-11-05 14:35:00+00:00,2009-11-05 16:40:00+00:00,4606.25,4632.25,27,2009-11-05 16:40:00+00:00,2009-11-05 18:00:00+00:00,4621.5,4628.25,17,0.41346153846153844,4619.25,2009-11-05 18:00:00+00:00,4628.0,1.0
5min,2009-11-09 14:45:00+00:00,2009-11-09 17:35:00+00:00,4656.5,4669.5,36,2009-11-09 17:35:00+00:00,2009-11-09 18:40:00+00:00,4666.5,4672.5,14,0.23076923076923078,4663.0,2009-11-09 18:40:00+00:00,4672.0,1.0
5min,2009-11-09 18:50:00+00:00,2009-11-09 20:40:00+00:00,4668.25,4674.25,24,2009-11-09 20:40:00+00:00,2009-11-09 21:00:00+00:00,4670.25,4677.0,5,0.6666666666666666,4671.25,2009-11-09 21:00:00+00:00,4676.5,1.0
5min,2009-11-10 18:00:00+00:00,2009-11-10 18:50:00+00:00,4676.0,4680.0,12,2009-11-10 18:50:00+00:00,2009-11-10 19:10:00+00:00,4676.25,4681.75,5,0.9375,4678.0,2009-11-10 19:10:00+00:00,4681.75,1.0
5min,2009-11-13 15:25:00+00:00,2009-11-13 16:50:00+00:00,4688.5,4697.5,19,2009-11-13 16:50:00+00:00,2009-11-13 17:15:00+00:00,4692.75,4697.25,6,0.5277777777777778,4693.0,2009-11-13 17:15:00+00:00,4696.75,1.0
5min,2009-11-16 14:45:00+00:00,2009-11-16 16:15:00+00:00,4708.75,4721.25,20,2009-11-16 16:15:00+00:00,2009-11-16 16:50:00+00:00,4716.25,4722.25,8,0.4,4715.0,2009-11-16 16:50:00+00:00,4722.0,1.0
5min,2009-11-23 19:45:00+00:00,2009-11-23 20:00:00+00:00,4698.75,4700.5,5,2009-11-23 20:00:00+00:00,2009-11-23 20:20:00+00:00,4698.75,4703.0,5,1.0,4699.625,2009-11-23 20:20:00+00:00,4702.0,0.8888888888888888
5min,2009-11-27 14:40:00+00:00,2009-11-27 17:05:00+00:00,4660.25,4690.0,31,2009-11-27 17:05:00+00:00,2009-11-27 17:50:00+00:00,4677.0,4687.75,10,0.4369747899159664,4675.125,2009-11-27 17:50:00+00:00,4686.75,1.0
5min,2009-11-30 20:10:00+00:00,2009-12-01 19:15:00+00:00,4669.0,4709.25,70,2009-12-01 19:15:00+00:00,2009-12-02 15:10:00+00:00,4696.5,4710.75,31,0.3167701863354037,4689.125,2009-12-02 15:10:00+00:00,4710.75,1.0
5min,2009-12-09 19:15:00+00:00,2009-12-10 15:55:00+00:00,4684.0,4719.0,41,2009-12-10 15:55:00+00:00,2009-12-10 16:20:00+00:00,4712.75,4717.5,6,0.17857142857142858,4701.5,2009-12-10 16:20:00+00:00,4716.5,1.0
5min,2009-12-10 18:40:00+00:00,2009-12-10 18:55:00+00:00,4711.5,4714.25,5,2009-12-10 18:55:00+00:00,2009-12-10 19:20:00+00:00,4711.75,4715.5,6,0.9090909090909091,4712.875,2009-12-10 19:20:00+00:00,4715.5,1.0
5min,2009-12-14 16:10:00+00:00,2009-12-14 18:45:00+00:00,4711.25,4721.0,33,2009-12-14 18:45:00+00:00,2009-12-14 19:15:00+00:00,4715.0,4719.5,7,0.6153846153846154,4716.125,2009-12-14 19:15:00+00:00,4719.25,1.0
5min,2009-12-18 17:05:00+00:00,2009-12-18 20:20:00+00:00,4702.5,4715.0,41,2009-12-18 20:20:00+00:00,2009-12-18 20:50:00+00:00,4709.25,4716.0,7,0.46,4708.75,2009-12-18 20:50:00+00:00,4715.25,1.0
5min,2009-12-23 16:25:00+00:00,2009-12-23 20:15:00+00:00,4756.0,4764.0,48,2009-12-23 20:15:00+00:00,2009-12-24 14:45:00+00:00,4759.5,4770.25,14,0.5625,4760.0,2009-12-24 14:45:00+00:00,4770.0,1.0
5min,2009-12-24 14:55:00+00:00,2009-12-24 16:10:00+00:00,4770.0,4777.0,17,2009-12-24 16:10:00+00:00,2009-12-24 16:35:00+00:00,4774.25,4777.75,6,0.39285714285714285,4773.5,2009-12-24 16:35:00+00:00,4777.5,1.0
5min,2009-12-24 17:55:00+00:00,2009-12-28 15:45:00+00:00,4779.0,4793.75,22,2009-12-28 15:45:00+00:00,2009-12-28 16:05:00+00:00,4787.5,4790.5,5,0.423728813559322,4786.375,2009-12-28 16:05:00+00:00,4790.5,1.0
5min,2010-01-08 15:10:00+00:00,2010-01-08 19:25:00+00:00,4789.0,4802.75,53,2010-01-08 19:25:00+00:00,2010-01-08 20:30:00+00:00,4798.25,4801.75,14,0.32727272727272727,4795.875,2010-01-08 20:30:00+00:00,4801.75,1.0
5min,2010-01-13 17:10:00+00:00,2010-01-14 14:30:00+00:00,4778.75,4801.75,49,2010-01-14 14:30:00+00:00,2010-01-14 14:50:00+00:00,4790.25,4797.75,5,0.5,4790.25,2010-01-14 14:50:00+00:00,4797.5,1.0
5min,2010-01-18 14:35:00+00:00,2010-01-19 18:40:00+00:00,4778.25,4806.75,76,2010-01-19 18:40:00+00:00,2010-01-19 19:10:00+00:00,4803.25,4805.5,7,0.12280701754385964,4792.5,2010-01-19 19:10:00+00:00,4805.5,1.0
5min,2010-01-26 15:15:00+00:00,2010-01-26 18:35:00+00:00,4714.5,4735.5,42,2010-01-26 18:35:00+00:00,2010-01-26 19:00:00+00:00,4730.5,4735.5,6,0.23809523809523808,4725.0,2010-01-26 19:00:00+00:00,4735.5,1.0
5min,2010-02-01 17:25:00+00:00,2010-02-01 18:45:00+00:00,4657.5,4667.25,18,2010-02-01 18:45:00+00:00,2010-02-02 15:30:00+00:00,4660.0,4678.0,41,0.7435897435897436,4662.375,2010-02-02 15:30:00+00:00,4677.0,1.0
5min,2010-02-02 15:40:00+00:00,2010-02-02 18:15:00+00:00,4670.25,4682.0,33,2010-02-02 18:15:00+00:00,2010-02-02 18:40:00+00:00,4676.5,4684.0,6,0.46808510638297873,4676.125,2010-02-02 18:40:00+00:00,4683.75,1.0
5min,2010-02-02 18:50:00+00:00,2010-02-02 19:50:00+00:00,4679.25,4685.5,14,2010-02-02 19:50:00+00:00,2010-02-02 20:15:00+00:00,4679.75,4687.0,6,0.92,4682.375,2010-02-02 20:15:00+00:00,4686.75,1.0
5min,2010-02-03 17:10:00+00:00,2010-02-03 19:20:00+00:00,4685.5,4697.0,28,2010-02-03 19:20:00+00:00,2010-02-03 20:05:00+00:00,4690.75,4697.75,10,0.5434782608695652,4691.25,2010-02-03 20:05:00+00:00,4697.25,1.0
5min,2010-02-16 19:50:00+00:00,2010-02-17 14:45:00+00:00,4707.5,4721.25,20,2010-02-17 14:45:00+00:00,2010-02-17 15:35:00+00:00,4712.5,4722.25,11,0.6363636363636364,4714.375,2010-02-17 15:35:00+00:00,4721.25,1.0
5min,2010-03-01 14:35:00+00:00,2010-03-01 18:05:00+00:00,4738.0,4759.0,44,2010-03-01 18:05:00+00:00,2010-03-01 18:45:00+00:00,4754.25,4757.5,9,0.2261904761904762,4748.5,2010-03-01 18:45:00+00:00,4757.0,1.0
5min,2010-03-04 19:05:00+00:00,2010-03-04 20:15:00+00:00,4764.0,4769.0,16,2010-03-04 20:15:00+00:00,2010-03-04 20:45:00+00:00,4765.5,4771.0,7,0.7,4766.5,2010-03-04 20:45:00+00:00,4771.0,1.0
5min,2010-03-04 20:55:00+00:00,2010-03-05 16:45:00+00:00,4770.25,4797.75,31,2010-03-05 16:45:00+00:00,2010-03-05 18:00:00+00:00,4794.25,4798.5,16,0.12727272727272726,4784.0,2010-03-05 18:00:00+00:00,4798.25,1.0
5min,2010-03-09 20:45:00+00:00,2010-03-10 16:50:00+00:00,4810.5,4831.5,34,2010-03-10 16:50:00+00:00,2010-03-10 19:50:00+00:00,4822.25,4833.5,37,0.44047619047619047,4821.0,2010-03-10 19:50:00+00:00,4832.5,1.0
5min,2010-03-15 19:25:00+00:00,2010-03-16 13:40:00+00:00,4827.0,4838.25,12,2010-03-16 13:40:00+00:00,2010-03-16 15:00:00+00:00,4831.75,4842.25,17,0.5777777777777777,4832.625,2010-03-16 15:00:00+00:00,4841.75,1.0
5min,2010-03-16 19:00:00+00:00,2010-03-17 16:45:00+00:00,4839.25,4854.5,54,2010-03-17 16:45:00+00:00,2010-03-17 17:20:00+00:00,4851.75,4853.5,8,0.18032786885245902,4846.875,2010-03-17 17:20:00+00:00,4853.5,1.0
5min,2010-03-19 20:00:00+00:00,2010-03-22 16:20:00+00:00,4834.25,4860.5,37,2010-03-22 16:20:00+00:00,2010-03-22 16:55:00+00:00,4855.75,4861.5,8,0.18095238095238095,4847.375,2010-03-22 16:55:00+00:00,4861.25,1.0
5min,2010-04-07 15:05:00+00:00,2010-04-07 16:25:00+00:00,4888.5,4896.25,18,2010-04-07 16:25:00+00:00,2010-04-07 17:00:00+00:00,4893.0,4896.0,8,0.41935483870967744,4892.375,2010-04-07 17:00:00+00:00,4896.0,1.0
5min,2010-04-08 15:45:00+00:00,2010-04-08 18:00:00+00:00,4882.5,4897.25,29,2010-04-08 18:00:00+00:00,2010-04-08 18:20:00+00:00,4891.5,4894.25,5,0.3898305084745763,4889.875,2010-04-08 18:20:00+00:00,4894.0,1.0
5min,2010-04-09 17:20:00+00:00,2010-04-09 18:05:00+00:00,4896.0,4900.75,11,2010-04-09 18:05:00+00:00,2010-04-09 19:30:00+00:00,4896.0,4904.0,18,1.0,4898.375,2010-04-09 19:30:00+00:00,4904.0,1.0
5min,2010-04-12 16:05:00+00:00,2010-04-12 16:25:00+00:00,4906.5,4908.75,6,2010-04-12 16:25:00+00:00,2010-04-12 16:45:00+00:00,4907.0,4908.75,5,0.7777777777777778,4907.625,2010-04-12 16:45:00+00:00,4908.5,0.8888888888888888
5min,2010-04-13 16:20:00+00:00,2010-04-13 19:15:00+00:00,4906.75,4917.0,37,2010-04-13 19:15:00+00:00,2010-04-14 13:50:00+00:00,4914.5,4930.75,15,0.24390243902439024,4911.875,2010-04-14 13:50:00+00:00,4929.75,1.0
5min,2010-04-14 14:00:00+00:00,2010-04-14 18:00:00+00:00,4924.75,4936.75,50,2010-04-14 18:00:00+00:00,2010-04-14 18:40:00+00:00,4931.75,4937.25,9,0.4166666666666667,4930.75,2010-04-14 18:40:00+00:00,4936.75,1.0
5min,2010-04-14 18:50:00+00:00,2010-04-15 15:35:00+00:00,4935.0,4952.5,42,2010-04-15 15:35:00+00:00,2010-04-15 17:30:00+00:00,4944.0,4950.5,24,0.4857142857142857,4943.75,2010-04-15 17:30:00+00:00,4950.5,1.0
5min,2010-04-19 19:00:00+00:00,2010-04-19 19:45:00+00:00,4912.25,4923.75,11,2010-04-19 19:45:00+00:00,2010-04-20 13:30:00+00:00,4918.75,4936.0,5,0.43478260869565216,4918.0,2010-04-20 13:30:00+00:00,4935.5,1.0
5min,2010-04-20 14:55:00+00:00,2010-04-20 17:15:00+00:00,4927.5,4939.5,30,2010-04-20 17:15:00+00:00,2010-04-20 18:50:00+00:00,4933.5,4938.75,20,0.5,4933.5,2010-04-20 18:50:00+00:00,4938.25,1.0
5min,2010-04-22 17:10:00+00:00,2010-04-23 13:35:00+00:00,4934.5,4959.75,38,2010-04-23 13:35:00+00:00,2010-04-23 13:55:00+00:00,4953.75,4961.75,5,0.2376237623762376,4947.125,2010-04-23 13:55:00+00:00,4961.25,1.0
5min,2010-05-03 15:20:00+00:00,2010-05-03 18:10:00+00:00,4930.5,4952.75,36,2010-05-03 18:10:00+00:00,2010-05-03 18:30:00+00:00,4946.5,4950.75,5,0.2808988764044944,4941.625,2010-05-03 18:30:00+00:00,4950.25,1.0
5min,2010-05-12 13:35:00+00:00,2010-05-12 15:30:00+00:00,4859.25,4883.25,25,2010-05-12 15:30:00+00:00,2010-05-12 16:00:00+00:00,4871.25,4878.5,7,0.5,4871.25,2010-05-12 16:00:00+00:00,4878.0,1.0
5min,2010-05-21 19:50:00+00:00,2010-05-24 15:20:00+00:00,4722.0,4753.0,27,2010-05-24 15:20:00+00:00,2010-05-24 15:40:00+00:00,4739.5,4746.0,5,0.43548387096774194,4737.5,2010-05-24 15:40:00+00:00,4745.0,0.8888888888888888
5min,2010-05-27 13:35:00+00:00,2010-05-27 17:10:00+00:00,4745.5,4764.0,45,2010-05-27 17:10:00+00:00,2010-05-27 17:40:00+00:00,4755.25,4767.25,7,0.47297297297297297,4754.75,2010-05-27 17:40:00+00:00,4766.0,1.0
5min,2010-05-28 18:45:00+00:00,2010-05-28 19:10:00+00:00,4762.75,4774.0,7,2010-05-28 19:10:00+00:00,2010-05-28 19:30:00+00:00,4769.0,4779.0,5,0.4444444444444444,4768.375,2010-05-28 19:30:00+00:00,4778.25,1.0
5min,2010-06-02 18:35:00+00:00,2010-06-03 14:25:00+00:00,4768.5,4809.25,31,2010-06-03 14:25:00+00:00,2010-06-03 15:05:00+00:00,4793.0,4805.0,9,0.3987730061349693,4788.875,2010-06-03 15:05:00+00:00,4805.0,1.0
5min,2010-06-09 14:25:00+00:00,2010-06-09 14:40:00+00:00,4710.75,4716.75,5,2010-06-09 14:40:00+00:00,2010-06-09 15:00:00+00:00,4709.25,4723.5,5,1.25,4713.75,2010-06-09 15:00:00+00:00,4723.25,1.0
5min,2010-06-11 15:30:00+00:00,2010-06-11 16:30:00+00:00,4738.25,4749.75,14,2010-06-11 16:30:00+00:00,2010-06-11 17:05:00+00:00,4741.75,4749.5,8,0.6956521739130435,4744.0,2010-06-11 17:05:00+00:00,4749.25,1.0
5min,2010-06-15 13:40:00+00:00,2010-06-16 14:30:00+00:00,4773.0,4814.75,91,2010-06-16 14:30:00+00:00,2010-06-16 15:00:00+00:00,4804.0,4813.5,7,0.25748502994011974,4793.875,2010-06-16 15:00:00+00:00,4812.75,1.0
5min,2010-06-18 19:55:00+00:00,2010-06-21 13:40:00+00:00,4827.5,4854.0,6,2010-06-21 13:40:00+00:00,2010-06-21 14:00:00+00:00,4842.25,4854.5,5,0.44339622641509435,4840.75,2010-06-21 14:00:00+00:00,4853.0,1.0
5min,2010-07-07 13:30:00+00:00,2010-07-07 15:55:00+00:00,4651.5,4677.5,31,2010-07-07 15:55:00+00:00,2010-07-07 17:15:00+00:00,4668.25,4678.5,17,0.3557692307692308,4664.5,2010-07-07 17:15:00+00:00,4678.5,1.0
5min,2010-07-08 19:25:00+00:00,2010-07-09 15:15:00+00:00,4701.25,4724.0,31,2010-07-09 15:15:00+00:00,2010-07-09 15:40:00+00:00,4714.75,4721.0,6,0.4065934065934066,4712.625,2010-07-09 15:40:00+00:00,4720.75,1.0
5min,2010-07-12 16:15:00+00:00,2010-07-12 17:05:00+00:00,4725.5,4733.75,12,2010-07-12 17:05:00+00:00,2010-07-12 17:35:00+00:00,4725.5,4736.0,7,1.0,4729.625,2010-07-12 17:35:00+00:00,4735.75,1.0
5min,2010-07-12 18:45:00+00:00,2010-07-12 19:10:00+00:00,4729.0,4736.5,7,2010-07-12 19:10:00+00:00,2010-07-12 19:45:00+00:00,4729.0,4737.75,8,1.0,4732.75,2010-07-12 19:45:00+00:00,4736.5,1.0
5min,2010-07-13 18:10:00+00:00,2010-07-13 20:00:00+00:00,4752.0,4766.0,24,2010-07-13 20:00:00+00:00,2010-07-14 15:20:00+00:00,4757.0,4772.75,24,0.6428571428571429,4759.0,2010-07-14 15:20:00+00:00,4772.5,0.7777777777777778
5min,2010-07-20 14:25:00+00:00,2010-07-20 16:00:00+00:00,4706.5,4724.75,21,2010-07-20 16:00:00+00:00,2010-07-20 17:00:00+00:00,4716.5,4724.5,13,0.4520547945205479,4715.625,2010-07-20 17:00:00+00:00,4724.0,1.0
5min,2010-07-22 13:35:00+00:00,2010-07-22 15:45:00+00:00,4754.75,4785.75,28,2010-07-22 15:45:00+00:00,2010-07-22 17:15:00+00:00,4771.75,4779.25,19,0.45161290322580644,4770.25,2010-07-22 17:15:00+00:00,4779.0,1.0
5min,2010-07-23 17:20:00+00:00,2010-07-23 19:45:00+00:00,4770.0,4790.0,31,2010-07-23 19:45:00+00:00,2010-07-26 14:05:00+00:00,4781.0,4796.25,12,0.45,4780.0,2010-07-26 14:05:00+00:00,4794.75,1.0
5min,2010-07-30 14:10:00+00:00,2010-07-30 14:25:00+00:00,4761.5,4770.75,5,2010-07-30 14:25:00+00:00,2010-07-30 14:45:00+00:00,4761.5,4779.75,5,1.0,4766.125,2010-07-30 14:45:00+00:00,4778.75,0.8888888888888888
5min,2010-07-30 19:15:00+00:00,2010-08-02 13:40:00+00:00,4777.5,4802.75,14,2010-08-02 13:40:00+00:00,2010-08-02 14:05:00+00:00,4794.5,4812.75,6,0.32673267326732675,4790.125,2010-08-02 14:05:00+00:00,4812.5,1.0
5min,2010-08-16 13:50:00+00:00,2010-08-16 15:10:00+00:00,4731.25,4746.75,18,2010-08-16 15:10:00+00:00,2010-08-16 15:40:00+00:00,4738.5,4744.25,7,0.532258064516129,4739.0,2010-08-16 15:40:00+00:00,4742.75,1.0
5min,2010-08-16 20:00:00+00:00,2010-08-17 16:30:00+00:00,4735.75,4771.25,39,2010-08-17 16:30:00+00:00,2010-08-17 17:10:00+00:00,4767.25,4770.5,9,0.11267605633802817,4753.5,2010-08-17 17:10:00+00:00,4770.5,1.0
5min,2010-08-18 14:00:00+00:00,2010-08-18 14:55:00+00:00,4754.0,4765.0,13,2010-08-18 14:55:00+00:00,2010-08-18 15:45:00+00:00,4755.5,4766.0,11,0.8636363636363636,4759.5,2010-08-18 15:45:00+00:00,4765.75,1.0
5min,2010-08-20 17:55:00+00:00,2010-08-20 19:25:00+00:00,4734.5,4746.25,20,2010-08-20 19:25:00+00:00,2010-08-23 13:50:00+00:00,4739.75,4758.5,13,0.5531914893617021,4740.375,2010-08-23 13:50:00+00:00,4758.0,1.0
5min,2010-08-25 17:10:00+00:00,2010-08-25 17:30:00+00:00,4688.5,4692.25,6,2010-08-25 17:30:00+00:00,2010-08-25 18:05:00+00:00,4688.5,4696.25,8,1.0,4690.375,2010-08-25 18:05:00+00:00,4696.25,0.8888888888888888
5min,2010-08-27 17:30:00+00:00,2010-08-30 13:35:00+00:00,4698.0,4711.0,34,2010-08-30 13:35:00+00:00,2010-08-30 14:00:00+00:00,4698.75,4714.25,6,0.9423076923076923,4704.5,2010-08-30 14:00:00+00:00,4713.5,1.0
5min,2010-09-01 13:30:00+00:00,2010-09-01 16:05:00+00:00,4707.25,4741.5,33,2010-09-01 16:05:00+00:00,2010-09-02 15:05:00+00:00,4728.75,4750.5,68,0.3722627737226277,4724.375,2010-09-02 15:05:00+00:00,4750.25,1.0
5min,2010-09-02 17:40:00+00:00,2010-09-03 14:15:00+00:00,4746.0,4786.5,40,2010-09-03 14:15:00+00:00,2010-09-03 17:00:00+00:00,4767.5,4782.0,34,0.4691358024691358,4766.25,2010-09-03 17:00:00+00:00,4780.25,1.0
5min,2010-09-03 19:20:00+00:00,2010-09-03 19:40:00+00:00,4779.75,4783.5,6,2010-09-03 19:40:00+00:00,2010-09-03 20:00:00+00:00,4779.75,4786.25,5,1.0,4781.625,2010-09-03 20:00:00+00:00,4786.0,1.0
5min,2010-09-10 18:10:00+00:00,2010-09-10 19:45:00+00:00,4803.5,4812.0,21,2010-09-10 19:45:00+00:00,2010-09-13 13:30:00+00:00,4806.5,4824.75,5,0.6470588235294118,4807.75,2010-09-13 13:30:00+00:00,4824.75,1.0
5min,2010-09-14 14:00:00+00:00,2010-09-14 17:15:00+00:00,4833.0,4855.0,41,2010-09-14 17:15:00+00:00,2010-09-14 18:45:00+00:00,4843.0,4851.75,19,0.5454545454545454,4844.0,2010-09-14 18:45:00+00:00,4850.75,1.0
5min,2010-09-15 13:55:00+00:00,2010-09-15 18:25:00+00:00,4840.75,4855.0,56,2010-09-15 18:25:00+00:00,2010-09-15 18:55:00+00:00,4848.75,4853.0,7,0.43859649122807015,4847.875,2010-09-15 18:55:00+00:00,4852.5,1.0
5min,2010-09-20 13:55:00+00:00,2010-09-20 15:25:00+00:00,4878.75,4899.0,20,2010-09-20 15:25:00+00:00,2010-09-20 18:20:00+00:00,4888.5,4898.25,36,0.5185185185185185,4888.875,2010-09-20 18:20:00+00:00,4897.75,1.0
5min,2010-09-24 13:45:00+00:00,2010-09-24 17:50:00+00:00,4923.5,4941.0,51,2010-09-24 17:50:00+00:00,2010-09-24 18:40:00+00:00,4933.5,4939.5,11,0.42857142857142855,4932.25,2010-09-24 18:40:00+00:00,4938.75,1.0
5min,2010-09-29 15:40:00+00:00,2010-09-29 16:05:00+00:00,4924.75,4930.0,7,2010-09-29 16:05:00+00:00,2010-09-29 16:25:00+00:00,4924.75,4931.25,5,1.0,4927.375,2010-09-29 16:25:00+00:00,4930.75,1.0
5min,2010-10-05 13:35:00+00:00,2010-10-05 17:55:00+00:00,4912.75,4941.5,54,2010-10-05 17:55:00+00:00,2010-10-05 19:15:00+00:00,4934.5,4942.25,17,0.24347826086956523,4927.125,2010-10-05 19:15:00+00:00,4941.75,1.0
5min,2010-10-12 14:25:00+00:00,2010-10-12 16:50:00+00:00,4938.25,4952.75,31,2010-10-12 16:50:00+00:00,2010-10-12 18:05:00+00:00,4946.5,4953.25,16,0.43103448275862066,4945.5,2010-10-12 18:05:00+00:00,4951.75,1.0
5min,2010-10-13 14:30:00+00:00,2010-10-13 17:10:00+00:00,4970.25,4981.5,34,2010-10-13 17:10:00+00:00,2010-10-13 17:40:00+00:00,4976.25,4982.75,7,0.4666666666666667,4975.875,2010-10-13 17:40:00+00:00,4982.25,1.0
5min,2010-10-15 16:25:00+00:00,2010-10-15 19:15:00+00:00,4996.0,5005.5,36,2010-10-15 19:15:00+00:00,2010-10-15 19:40:00+00:00,4999.5,5009.25,6,0.631578947368421,5000.75,2010-10-15 19:40:00+00:00,5009.0,1.0
5min,2010-10-22 13:45:00+00:00,2010-10-22 17:40:00+00:00,5005.75,5021.25,49,2010-10-22 17:40:00+00:00,2010-10-22 18:25:00+00:00,5015.5,5020.25,10,0.3709677419354839,5013.5,2010-10-22 18:25:00+00:00,5019.5,1.0
5min,2010-10-28 18:10:00+00:00,2010-10-28 19:25:00+00:00,5040.0,5047.5,17,2010-10-28 19:25:00+00:00,2010-10-28 19:50:00+00:00,5041.25,5050.5,6,0.8333333333333334,5043.75,2010-10-28 19:50:00+00:00,5050.5,1.0
5min,2010-11-03 18:45:00+00:00,2010-11-04 14:05:00+00:00,5060.25,5106.25,25,2010-11-04 14:05:00+00:00,2010-11-04 15:00:00+00:00,5095.25,5108.0,12,0.2391304347826087,5083.25,2010-11-04 15:00:00+00:00,5107.0,1.0
5min,2010-11-22 19:20:00+00:00,2010-11-22 19:35:00+00:00,5052.75,5057.25,5,2010-11-22 19:35:00+00:00,2010-11-22 20:45:00+00:00,5053.75,5067.25,15,0.7777777777777778,5055.0,2010-11-22 20:45:00+00:00,5066.75,1.0
5min,2010-12-01 14:35:00+00:00,2010-12-01 18:35:00+00:00,5067.0,5093.0,50,2010-12-01 18:35:00+00:00,2010-12-02 14:35:00+00:00,5080.5,5090.25,32,0.4807692307692308,5080.0,2010-12-02 14:35:00+00:00,5090.0,1.0
5min,2010-12-02 14:45:00+00:00,2010-12-02 15:55:00+00:00,5087.0,5099.25,16,2010-12-02 15:55:00+00:00,2010-12-02 16:15:00+00:00,5089.5,5099.0,5,0.7959183673469388,5093.125,2010-12-02 16:15:00+00:00,5098.25,1.0
5min,2010-12-02 16:25:00+00:00,2010-12-03 14:35:00+00:00,5092.5,5107.25,59,2010-12-03 14:35:00+00:00,2010-12-03 20:50:00+00:00,5094.25,5112.25,76,0.8813559322033898,5099.875,2010-12-03 20:50:00+00:00,5111.75,1.0
5min,2010-12-10 16:50:00+00:00,2010-12-10 20:10:00+00:00,5124.5,5136.25,42,2010-12-10 20:10:00+00:00,2010-12-10 20:35:00+00:00,5132.0,5137.25,6,0.3617021276595745,5130.375,2010-12-10 20:35:00+00:00,5136.25,1.0
5min,2010-12-16 15:10:00+00:00,2010-12-16 19:05:00+00:00,5123.75,5142.25,49,2010-12-16 19:05:00+00:00,2010-12-16 20:10:00+00:00,5136.0,5140.5,14,0.33783783783783783,5133.0,2010-12-16 20:10:00+00:00,5140.5,1.0
5min,2010-12-21 14:45:00+00:00,2010-12-21 16:55:00+00:00,5146.75,5152.75,28,2010-12-21 16:55:00+00:00,2010-12-21 18:00:00+00:00,5150.75,5155.0,14,0.3333333333333333,5149.75,2010-12-21 18:00:00+00:00,5154.5,1.0
5min,2010-12-31 19:40:00+00:00,2010-12-31 20:20:00+00:00,5134.25,5136.25,10,2010-12-31 20:20:00+00:00,2010-12-31 20:40:00+00:00,5135.25,5137.0,5,0.5,5135.25,2010-12-31 20:40:00+00:00,5137.0,0.6666666666666666
5min,2011-01-04 20:55:00+00:00,2011-01-05 18:15:00+00:00,5162.75,5190.0,49,2011-01-05 18:15:00+00:00,2011-01-05 18:45:00+00:00,5184.5,5187.0,7,0.2018348623853211,5176.375,2011-01-05 18:45:00+00:00,5186.75,1.0
5min,2011-01-18 14:40:00+00:00,2011-01-18 20:20:00+00:00,5229.0,5247.5,70,2011-01-18 20:20:00+00:00,2011-01-18 20:40:00+00:00,5243.75,5250.0,5,0.20270270270270271,5238.25,2011-01-18 20:40:00+00:00,5250.0,1.0
5min,2011-01-24 15:30:00+00:00,2011-01-24 20:10:00+00:00,5194.5,5219.5,58,2011-01-24 20:10:00+00:00,2011-01-24 21:00:00+00:00,5212.25,5219.0,11,0.29,5207.0,2011-01-24 21:00:00+00:00,5218.75,1.0
5min,2011-01-26 17:15:00+00:00,2011-01-26 18:25:00+00:00,5231.75,5236.5,16,2011-01-26 18:25:00+00:00,2011-01-26 18:45:00+00:00,5232.5,5236.5,5,0.8421052631578947,5234.125,2011-01-26 18:45:00+00:00,5236.0,1.0
5min,2011-01-27 17:05:00+00:00,2011-01-27 19:35:00+00:00,5243.25,5253.25,32,2011-01-27 19:35:00+00:00,2011-01-27 20:45:00+00:00,5247.5,5254.0,15,0.575,5248.25,2011-01-27 20:45:00+00:00,5253.75,1.0
5min,2011-01-31 20:50:00+00:00,2011-02-01 18:25:00+00:00,5195.75,5248.75,52,2011-02-01 18:25:00+00:00,2011-02-01 18:50:00+00:00,5242.75,5246.5,6,0.11320754716981132,5222.25,2011-02-01 18:50:00+00:00,5246.0,1.0
5min,2011-02-04 16:50:00+00:00,2011-02-04 17:15:00+00:00,5243.5,5246.0,7,2011-02-04 17:15:00+00:00,2011-02-04 17:40:00+00:00,5243.5,5248.75,6,1.0,5244.75,2011-02-04 17:40:00+00:00,5248.5,1.0
5min,2011-02-10 20:35:00+00:00,2011-02-11 17:20:00+00:00,5272.0,5293.75,42,2011-02-11 17:20:00+00:00,2011-02-11 17:45:00+00:00,5287.25,5293.0,6,0.2988505747126437,5282.875,2011-02-11 17:45:00+00:00,5293.0,1.0
5min,2011-02-24 19:20:00+00:00,2011-02-25 14:30:00+00:00,5219.75,5248.0,23,2011-02-25 14:30:00+00:00,2011-02-25 15:00:00+00:00,5245.5,5258.25,7,0.08849557522123894,5233.875,2011-02-25 15:00:00+00:00,5257.0,1.0
5min,2011-02-25 17:00:00+00:00,2011-02-25 20:30:00+00:00,5258.25,5270.75,44,2011-02-25 20:30:00+00:00,2011-02-28 14:30:00+00:00,5265.5,5277.75,8,0.42,5264.5,2011-02-28 14:30:00+00:00,5276.5,1.0
5min,2011-03-03 14:35:00+00:00,2011-03-03 18:45:00+00:00,5267.75,5294.25,52,2011-03-03 18:45:00+00:00,2011-03-03 19:15:00+00:00,5290.25,5294.5,7,0.1509433962264151,5281.0,2011-03-03 19:15:00+00:00,5294.25,1.0
5min,2011-03-08 15:10:00+00:00,2011-03-08 18:20:00+00:00,5246.0,5268.5,40,2011-03-08 18:20:00+00:00,2011-03-08 18:40:00+00:00,5264.25,5267.5,5,0.18888888888888888,5257.25,2011-03-08 18:40:00+00:00,5267.0,1.0
5min,2011-03-11 15:55:00+00:00,2011-03-11 18:40:00+00:00,5196.75,5218.75,35,2011-03-11 18:40:00+00:00,2011-03-11 19:20:00+00:00,5210.5,5217.75,9,0.375,5207.75,2011-03-11 19:20:00+00:00,5217.5,1.0
5min,2011-03-15 14:20:00+00:00,2011-03-15 15:10:00+00:00,5151.0,5168.5,12,2011-03-15 15:10:00+00:00,2011-03-15 15:40:00+00:00,5161.0,5171.75,7,0.42857142857142855,5159.75,2011-03-15 15:40:00+00:00,5171.75,0.7777777777777778
5min,2011-03-23 16:30:00+00:00,2011-03-24 13:40:00+00:00,5177.25,5208.0,47,2011-03-24 13:40:00+00:00,2011-03-24 14:35:00+00:00,5195.25,5208.5,12,0.4146341463414634,5192.625,2011-03-24 14:35:00+00:00,5208.5,1.0
5min,2011-03-24 14:45:00+00:00,2011-03-24 17:15:00+00:00,5208.0,5227.25,32,2011-03-24 17:15:00+00:00,2011-03-24 17:35:00+00:00,5223.25,5227.25,5,0.2077922077922078,5217.625,2011-03-24 17:35:00+00:00,5227.25,1.0
5min,2011-03-24 18:05:00+00:00,2011-03-25 13:40:00+00:00,5224.75,5241.0,28,2011-03-25 13:40:00+00:00,2011-03-25 14:05:00+00:00,5234.0,5242.0,6,0.4307692307692308,5232.875,2011-03-25 14:05:00+00:00,5241.0,1.0
5min,2011-03-29 14:10:00+00:00,2011-03-29 14:45:00+00:00,5228.75,5236.5,9,2011-03-29 14:45:00+00:00,2011-03-29 15:05:00+00:00,5231.75,5239.75,5,0.6129032258064516,5232.625,2011-03-29 15:05:00+00:00,5239.25,1.0
5min,2011-03-31 16:35:00+00:00,2011-03-31 18:35:00+00:00,5254.5,5262.5,26,2011-03-31 18:35:00+00:00,2011-03-31 19:45:00+00:00,5257.5,5262.5,15,0.625,5258.5,2011-03-31 19:45:00+00:00,5262.5,1.0
5min,2011-04-12 20:00:00+00:00,2011-04-13 13:40:00+00:00,5215.25,5233.75,5,2011-04-13 13:40:00+00:00,2011-04-13 14:45:00+00:00,5225.0,5236.5,14,0.47297297297297297,5224.5,2011-04-13 14:45:00+00:00,5235.75,1.0
5min,2011-04-18 17:55:00+00:00,2011-04-18 18:25:00+00:00,5191.0,5197.5,8,2011-04-18 18:25:00+00:00,2011-04-18 18:45:00+00:00,5194.0,5203.0,5,0.5384615384615384,5194.25,2011-04-18 18:45:00+00:00,5202.75,0.6666666666666666
5min,2011-04-18 18:55:00+00:00,2011-04-18 19:10:00+00:00,5198.5,5206.75,5,2011-04-18 19:10:00+00:00,2011-04-19 13:30:00+00:00,5198.5,5217.25,12,1.0,5202.625,2011-04-19 13:30:00+00:00,5216.75,0.8888888888888888
5min,2011-04-19 17:10:00+00:00,2011-04-19 18:30:00+00:00,5211.0,5219.75,18,2011-04-19 18:30:00+00:00,2011-04-19 19:10:00+00:00,5214.25,5221.75,9,0.6285714285714286,5215.375,2011-04-19 19:10:00+00:00,5221.5,1.0
5min,2011-04-19 19:20:00+00:00,2011-04-20 15:25:00+00:00,5220.0,5280.0,34,2011-04-20 15:25:00+00:00,2011-04-20 15:45:00+00:00,5273.0,5276.75,5,0.11666666666666667,5250.0,2011-04-20 15:45:00+00:00,5276.25,0.8888888888888888
5min,2011-04-25 17:25:00+00:00,2011-04-26 13:40:00+00:00,5299.0,5310.5,36,2011-04-26 13:40:00+00:00,2011-04-26 14:45:00+00:00,5303.5,5316.75,14,0.6086956521739131,5304.75,2011-04-26 14:45:00+00:00,5316.5,1.0
5min,2011-05-09 15:55:00+00:00,2011-05-09 17:25:00+00:00,5305.0,5320.0,20,2011-05-09 17:25:00+00:00,2011-05-09 17:45:00+00:00,5313.0,5317.75,5,0.4666666666666667,5312.5,2011-05-09 17:45:00+00:00,5317.5,1.0
5min,2011-05-18 13:50:00+00:00,2011-05-18 19:00:00+00:00,5260.25,5287.75,64,2011-05-18 19:00:00+00:00,2011-05-18 19:20:00+00:00,5281.0,5286.25,5,0.24545454545454545,5274.0,2011-05-18 19:20:00+00:00,5286.0,1.0
5min,2011-05-25 13:35:00+00:00,2011-05-25 16:55:00+00:00,5220.0,5237.5,42,2011-05-25 16:55:00+00:00,2011-05-25 18:30:00+00:00,5230.0,5237.25,20,0.42857142857142855,5228.75,2011-05-25 18:30:00+00:00,5236.75,1.0
5min,2011-05-26 15:35:00+00:00,2011-05-26 19:55:00+00:00,5235.5,5253.75,54,2011-05-26 19:55:00+00:00,2011-05-27 14:30:00+00:00,5246.5,5256.5,15,0.3972602739726027,5244.625,2011-05-27 14:30:00+00:00,5256.25,1.0
5min,2011-05-31 17:00:00+00:00,2011-05-31 19:10:00+00:00,5272.75,5284.25,28,2011-05-31 19:10:00+00:00,2011-05-31 19:30:00+00:00,5280.25,5284.25,5,0.34782608695652173,5278.5,2011-05-31 19:30:00+00:00,5283.25,1.0
5min,2011-06-14 13:40:00+00:00,2011-06-14 15:35:00+00:00,5162.5,5176.5,25,2011-06-14 15:35:00+00:00,2011-06-14 17:35:00+00:00,5171.25,5178.75,25,0.375,5169.5,2011-06-14 17:35:00+00:00,5178.0,1.0
5min,2011-06-21 13:50:00+00:00,2011-06-21 17:35:00+00:00,5133.0,5169.5,47,2011-06-21 17:35:00+00:00,2011-06-21 18:15:00+00:00,5164.75,5169.0,9,0.13013698630136986,5151.25,2011-06-21 18:15:00+00:00,5168.5,1.0
5min,2011-06-21 19:55:00+00:00,2011-06-22 16:00:00+00:00,5163.5,5176.0,34,2011-06-22 16:00:00+00:00,2011-06-22 16:50:00+00:00,5167.75,5175.0,11,0.66,5169.75,2011-06-22 16:50:00+00:00,5173.75,1.0
5min,2011-06-23 15:35:00+00:00,2011-06-23 15:55:00+00:00,5138.25,5142.0,6,2011-06-23 15:55:00+00:00,2011-06-23 17:00:00+00:00,5139.25,5152.75,14,0.7333333333333333,5140.125,2011-06-23 17:00:00+00:00,5152.5,0.8888888888888888
5min,2011-06-27 13:35:00+00:00,2011-06-27 17:30:00+00:00,5136.75,5175.5,49,2011-06-27 17:30:00+00:00,2011-06-27 18:05:00+00:00,5168.25,5178.75,8,0.1870967741935484,5156.125,2011-06-27 18:05:00+00:00,5178.25,1.0
5min,2011-06-28 13:40:00+00:00,2011-06-28 19:35:00+00:00,5179.25,5209.0,73,2011-06-28 19:35:00+00:00,2011-06-28 20:00:00+00:00,5201.0,5208.75,6,0.2689075630252101,5194.125,2011-06-28 20:00:00+00:00,5208.5,1.0
5min,2011-06-29 19:20:00+00:00,2011-06-30 16:25:00+00:00,5213.0,5249.5,46,2011-06-30 16:25:00+00:00,2011-06-30 19:35:00+00:00,5242.0,5248.0,39,0.2054794520547945,5231.25,2011-06-30 19:35:00+00:00,5247.75,1.0
5min,2011-07-01 13:50:00+00:00,2011-07-05 13:35:00+00:00,5247.25,5294.75,103,2011-07-05 13:35:00+00:00,2011-07-05 15:50:00+00:00,5280.5,5293.75,28,0.3,5271.0,2011-07-05 15:50:00+00:00,5292.0,1.0
5min,2011-07-18 19:00:00+00:00,2011-07-19 15:05:00+00:00,5259.5,5313.25,34,2011-07-19 15:05:00+00:00,2011-07-19 17:30:00+00:00,5302.0,5311.25,30,0.20930232558139536,5286.375,2011-07-19 17:30:00+00:00,5310.0,1.0
5min,2011-07-22 14:40:00+00:00,2011-07-22 14:55:00+00:00,5329.75,5333.5,5,2011-07-22 14:55:00+00:00,2011-07-22 15:45:00+00:00,5330.0,5337.75,11,0.9333333333333333,5331.625,2011-07-22 15:45:00+00:00,5336.75,1.0
5min,2011-07-25 13:55:00+00:00,2011-07-25 15:15:00+00:00,5336.75,5351.25,18,2011-07-25 15:15:00+00:00,2011-07-25 15:45:00+00:00,5343.5,5354.25,7,0.5344827586206896,5344.0,2011-07-25 15:45:00+00:00,5354.25,1.0
5min,2011-08-03 17:30:00+00:00,2011-08-03 18:35:00+00:00,5214.0,5236.25,15,2011-08-03 18:35:00+00:00,2011-08-03 19:00:00+00:00,5223.0,5233.5,6,0.5955056179775281,5225.125,2011-08-03 19:00:00+00:00,5231.5,0.8888888888888888
5min,2011-08-11 14:05:00+00:00,2011-08-11 16:20:00+00:00,5028.5,5075.0,29,2011-08-11 16:20:00+00:00,2011-08-11 16:45:00+00:00,5055.25,5074.75,6,0.42473118279569894,5051.75,2011-08-11 16:45:00+00:00,5074.25,1.0
5min,2011-08-11 16:55:00+00:00,2011-08-11 18:50:00+00:00,5070.75,5094.5,25,2011-08-11 18:50:00+00:00,2011-08-11 19:35:00+00:00,5080.5,5105.0,10,0.5894736842105263,5082.625,2011-08-11 19:35:00+00:00,5105.0,1.0
5min,2011-08-12 14:20:00+00:00,2011-08-12 16:55:00+00:00,5089.25,5119.0,33,2011-08-12 16:55:00+00:00,2011-08-12 17:40:00+00:00,5100.75,5113.25,10,0.6134453781512605,5104.125,2011-08-12 17:40:00+00:00,5111.75,1.0
5min,2011-08-16 19:25:00+00:00,2011-08-17 13:35:00+00:00,5115.0,5129.75,11,2011-08-17 13:35:00+00:00,2011-08-17 13:55:00+00:00,5117.25,5140.5,5,0.847457627118644,5122.375,2011-08-17 13:55:00+00:00,5138.75,1.0
5min,2011-08-23 13:55:00+00:00,2011-08-23 15:05:00+00:00,4986.75,5013.0,16,2011-08-23 15:05:00+00:00,2011-08-23 15:40:00+00:00,4996.75,5012.5,8,0.6190476190476191,4999.875,2011-08-23 15:40:00+00:00,5011.25,1.0
5min,2011-08-26 14:30:00+00:00,2011-08-26 18:30:00+00:00,5039.0,5095.5,50,2011-08-26 18:30:00+00:00,2011-08-26 18:50:00+00:00,5080.5,5090.25,5,0.26548672566371684,5067.25,2011-08-26 18:50:00+00:00,5088.75,0.8888888888888888
5min,2011-08-26 19:35:00+00:00,2011-08-29 15:05:00+00:00,5077.0,5134.5,27,2011-08-29 15:05:00+00:00,2011-08-29 15:40:00+00:00,5123.0,5133.75,8,0.2,5105.75,2011-08-29 15:40:00+00:00,5131.75,1.0
5min,2011-08-30 14:35:00+00:00,2011-08-30 14:55:00+00:00,5137.5,5147.5,6,2011-08-30 14:55:00+00:00,2011-08-30 15:30:00+00:00,5137.75,5158.5,8,0.975,5142.5,2011-08-30 15:30:00+00:00,5155.75,1.0
5min,2011-08-30 17:55:00+00:00,2011-08-30 20:00:00+00:00,5150.25,5176.0,27,2011-08-30 20:00:00+00:00,2011-08-31 13:55:00+00:00,5161.75,5188.0,7,0.5533980582524272,5163.125,2011-08-31 13:55:00+00:00,5185.75,1.0
5min,2011-09-06 15:20:00+00:00,2011-09-06 15:55:00+00:00,5052.75,5065.75,9,2011-09-06 15:55:00+00:00,2011-09-06 17:25:00+00:00,5053.5,5071.25,19,0.9423076923076923,5059.25,2011-09-06 17:25:00+00:00,5069.75,1.0
5min,2011-09-06 19:45:00+00:00,2011-09-07 14:35:00+00:00,5077.25,5130.5,19,2011-09-07 14:35:00+00:00,2011-09-07 15:25:00+00:00,5119.5,5130.5,11,0.20657276995305165,5103.875,2011-09-07 15:25:00+00:00,5129.0,1.0
5min,2011-09-07 15:35:00+00:00,2011-09-07 19:40:00+00:00,5128.0,5149.25,51,2011-09-07 19:40:00+00:00,2011-09-07 20:00:00+00:00,5142.0,5149.25,5,0.3411764705882353,5138.625,2011-09-07 20:00:00+00:00,5149.25,1.0
5min,2011-09-12 19:30:00+00:00,2011-09-13 13:45:00+00:00,5086.75,5129.5,12,2011-09-13 13:45:00+00:00,2011-09-13 14:05:00+00:00,5115.75,5135.25,5,0.3216374269005848,5108.125,2011-09-13 14:05:00+00:00,5135.0,1.0
5min,2011-09-14 15:00:00+00:00,2011-09-14 19:55:00+00:00,5148.0,5204.25,61,2011-09-14 19:55:00+00:00,2011-09-15 17:05:00+00:00,5177.0,5208.0,46,0.48444444444444446,5176.125,2011-09-15 17:05:00+00:00,5207.5,1.0
5min,2011-09-26 18:40:00+00:00,2011-09-26 18:55:00+00:00,5126.0,5135.0,5,2011-09-26 18:55:00+00:00,2011-09-26 19:20:00+00:00,5126.0,5143.25,6,1.0,5130.5,2011-09-26 19:20:00+00:00,5143.0,1.0
5min,2011-09-26 19:30:00+00:00,2011-09-27 13:40:00+00:00,5139.25,5197.75,11,2011-09-27 13:40:00+00:00,2011-09-27 15:00:00+00:00,5181.0,5207.0,17,0.2863247863247863,5168.5,2011-09-27 15:00:00+00:00,5206.0,1.0
5min,2011-10-04 14:45:00+00:00,2011-10-04 15:40:00+00:00,5000.25,5029.75,13,2011-10-04 15:40:00+00:00,2011-10-04 16:05:00+00:00,5009.25,5038.0,6,0.6949152542372882,5015.0,2011-10-04 16:05:00+00:00,5037.5,1.0
5min,2011-10-05 14:20:00+00:00,2011-10-05 16:45:00+00:00,5046.75,5090.5,31,2011-10-05 16:45:00+00:00,2011-10-05 17:05:00+00:00,5068.0,5086.0,5,0.5142857142857142,5068.625,2011-10-05 17:05:00+00:00,5083.25,1.0
5min,2011-10-10 13:35:00+00:00,2011-10-10 16:45:00+00:00,5163.5,5201.25,40,2011-10-10 16:45:00+00:00,2011-10-10 17:25:00+00:00,5190.75,5200.0,9,0.2781456953642384,5182.375,2011-10-10 17:25:00+00:00,5198.25,1.0
5min,2011-10-10 19:50:00+00:00,2011-10-11 13:35:00+00:00,5189.25,5205.0,6,2011-10-11 13:35:00+00:00,2011-10-11 14:15:00+00:00,5196.5,5214.0,9,0.5396825396825397,5197.125,2011-10-11 14:15:00+00:00,5213.25,1.0
5min,2011-10-11 19:05:00+00:00,2011-10-12 13:35:00+00:00,5215.25,5246.75,15,2011-10-12 13:35:00+00:00,2011-10-12 14:20:00+00:00,5238.0,5255.0,10,0.2777777777777778,5231.0,2011-10-12 14:20:00+00:00,5251.0,1.0
5min,2011-10-13 16:50:00+00:00,2011-10-13 19:35:00+00:00,5233.75,5257.75,35,2011-10-13 19:35:00+00:00,2011-10-13 19:55:00+00:00,5243.75,5251.5,5,0.5833333333333334,5245.75,2011-10-13 19:55:00+00:00,5250.75,1.0
5min,2011-10-14 16:35:00+00:00,2011-10-14 17:00:00+00:00,5275.0,5279.5,7,2011-10-14 17:00:00+00:00,2011-10-14 17:20:00+00:00,5275.25,5282.0,5,0.9444444444444444,5277.25,2011-10-14 17:20:00+00:00,5281.25,1.0
5min,2011-10-18 14:35:00+00:00,2011-10-18 15:30:00+00:00,5253.75,5265.25,13,2011-10-18 15:30:00+00:00,2011-10-18 15:50:00+00:00,5254.0,5274.75,5,0.9782608695652174,5259.5,2011-10-18 15:50:00+00:00,5274.75,0.8888888888888888
5min,2011-10-21 19:55:00+00:00,2011-10-24 16:40:00+00:00,5254.0,5312.75,42,2011-10-24 16:40:00+00:00,2011-10-24 17:00:00+00:00,5306.5,5310.5,5,0.10638297872340426,5283.375,2011-10-24 17:00:00+00:00,5310.5,1.0
5min,2011-10-27 15:45:00+00:00,2011-10-27 18:55:00+00:00,5303.0,5337.25,40,2011-10-27 18:55:00+00:00,2011-10-27 19:20:00+00:00,5328.25,5335.75,6,0.26277372262773724,5320.125,2011-10-27 19:20:00+00:00,5335.75,1.0
5min,2011-11-03 14:25:00+00:00,2011-11-03 16:05:00+00:00,5250.0,5277.5,22,2011-11-03 16:05:00+00:00,2011-11-03 16:30:00+00:00,5263.75,5274.25,6,0.5,5263.75,2011-11-03 16:30:00+00:00,5273.25,1.0
5min,2011-11-03 16:50:00+00:00,2011-11-03 18:50:00+00:00,5268.5,5289.75,26,2011-11-03 18:50:00+00:00,2011-11-03 19:10:00+00:00,5283.25,5291.0,5,0.3058823529411765,5279.125,2011-11-03 19:10:00+00:00,5290.75,1.0
5min,2011-11-11 14:35:00+00:00,2011-11-11 17:40:00+00:00,5258.25,5289.25,39,2011-11-11 17:40:00+00:00,2011-11-11 18:05:00+00:00,5281.75,5289.25,6,0.24193548387096775,5273.75,2011-11-11 18:05:00+00:00,5288.75,1.0
5min,2011-11-28 14:35:00+00:00,2011-11-28 17:35:00+00:00,5132.5,5159.5,38,2011-11-28 17:35:00+00:00,2011-11-28 18:25:00+00:00,5147.75,5156.75,11,0.4351851851851852,5146.0,2011-11-28 18:25:00+00:00,5156.25,1.0
5min,2011-12-09 15:50:00+00:00,2011-12-09 19:25:00+00:00,5230.75,5254.25,45,2011-12-09 19:25:00+00:00,2011-12-09 19:50:00+00:00,5248.5,5257.5,6,0.24468085106382978,5242.5,2011-12-09 19:50:00+00:00,5257.0,1.0
5min,2011-12-20 14:35:00+00:00,2011-12-20 16:45:00+00:00,5180.25,5206.5,28,2011-12-20 16:45:00+00:00,2011-12-20 18:05:00+00:00,5199.0,5213.25,17,0.2857142857142857,5193.375,2011-12-20 18:05:00+00:00,5212.25,1.0
5min,2011-12-22 16:05:00+00:00,2011-12-22 18:15:00+00:00,5188.0,5198.75,28,2011-12-22 18:15:00+00:00,2011-12-22 18:35:00+00:00,5195.25,5197.75,5,0.32558139534883723,5193.375,2011-12-22 18:35:00+00:00,5197.5,1.0
5min,2011-12-23 16:20:00+00:00,2011-12-23 18:25:00+00:00,5204.25,5215.0,27,2011-12-23 18:25:00+00:00,2011-12-23 20:45:00+00:00,5210.0,5215.75,29,0.46511627906976744,5209.625,2011-12-23 20:45:00+00:00,5215.0,1.0
5min,2011-12-29 15:35:00+00:00,2011-12-29 17:20:00+00:00,5201.0,5211.0,23,2011-12-29 17:20:00+00:00,2011-12-29 17:55:00+00:00,5206.75,5210.25,8,0.425,5206.0,2011-12-29 17:55:00+00:00,5209.75,1.0
5min,2011-12-29 19:55:00+00:00,2011-12-30 15:50:00+00:00,5208.75,5219.75,32,2011-12-30 15:50:00+00:00,2011-12-30 16:25:00+00:00,5213.0,5218.75,8,0.6136363636363636,5214.25,2011-12-30 16:25:00+00:00,5218.75,1.0
5min,2012-01-11 15:15:00+00:00,2012-01-11 16:30:00+00:00,5294.0,5306.25,17,2012-01-11 16:30:00+00:00,2012-01-11 16:50:00+00:00,5297.75,5306.25,5,0.6938775510204082,5300.125,2012-01-11 16:50:00+00:00,5304.5,1.0
5min,2012-01-12 16:45:00+00:00,2012-01-12 17:10:00+00:00,5304.25,5306.75,7,2012-01-12 17:10:00+00:00,2012-01-12 18:05:00+00:00,5304.25,5310.25,12,1.0,5305.5,2012-01-12 18:05:00+00:00,5309.25,1.0
5min,2012-01-13 20:05:00+00:00,2012-01-13 20:20:00+00:00,5298.5,5304.0,5,2012-01-13 20:20:00+00:00,2012-01-16 14:30:00+00:00,5300.25,5312.0,10,0.6818181818181818,5301.25,2012-01-16 14:30:00+00:00,5311.5,0.6666666666666666
5min,2012-01-18 14:45:00+00:00,2012-01-18 17:05:00+00:00,5330.5,5347.0,30,2012-01-18 17:05:00+00:00,2012-01-18 17:25:00+00:00,5341.25,5349.75,5,0.3484848484848485,5338.75,2012-01-18 17:25:00+00:00,5349.5,1.0
5min,2012-01-18 19:25:00+00:00,2012-01-19 15:10:00+00:00,5352.25,5372.5,30,2012-01-19 15:10:00+00:00,2012-01-19 15:50:00+00:00,5364.75,5373.75,9,0.38271604938271603,5362.375,2012-01-19 15:50:00+00:00,5373.25,1.0
5min,2012-01-25 17:35:00+00:00,2012-01-25 19:30:00+00:00,5379.0,5399.5,25,2012-01-25 19:30:00+00:00,2012-01-25 19:55:00+00:00,5390.5,5396.5,6,0.43902439024390244,5389.25,2012-01-25 19:55:00+00:00,5396.25,1.0
5min,2012-01-25 20:20:00+00:00,2012-01-26 14:40:00+00:00,5392.25,5406.75,13,2012-01-26 14:40:00+00:00,2012-01-26 15:00:00+00:00,5399.25,5411.25,5,0.5172413793103449,5399.5,2012-01-26 15:00:00+00:00,5409.5,1.0
5min,2012-01-30 15:50:00+00:00,2012-01-30 17:50:00+00:00,5374.75,5393.25,26,2012-01-30 17:50:00+00:00,2012-01-30 18:35:00+00:00,5386.5,5393.75,10,0.36486486486486486,5384.0,2012-01-30 18:35:00+00:00,5393.0,1.0
5min,2012-02-01 15:15:00+00:00,2012-02-01 19:00:00+00:00,5409.75,5429.5,47,2012-02-01 19:00:00+00:00,2012-02-02 15:05:00+00:00,5417.5,5432.0,33,0.6075949367088608,5419.625,2012-02-02 15:05:00+00:00,5430.25,1.0
5min,2012-02-02 20:05:00+00:00,2012-02-03 14:45:00+00:00,5425.0,5454.0,17,2012-02-03 14:45:00+00:00,2012-02-03 15:10:00+00:00,5447.25,5458.75,6,0.23275862068965517,5439.5,2012-02-03 15:10:00+00:00,5458.25,1.0
5min,2012-02-06 16:05:00+00:00,2012-02-06 18:45:00+00:00,5451.0,5460.0,34,2012-02-06 18:45:00+00:00,2012-02-06 19:15:00+00:00,5455.25,5459.25,7,0.5277777777777778,5455.5,2012-02-06 19:15:00+00:00,5459.0,1.0
5min,2012-02-07 15:45:00+00:00,2012-02-07 17:35:00+00:00,5455.5,5470.0,24,2012-02-07 17:35:00+00:00,2012-02-07 18:00:00+00:00,5466.5,5468.75,6,0.2413793103448276,5462.75,2012-02-07 18:00:00+00:00,5468.5,1.0
5min,2012-02-17 18:20:00+00:00,2012-02-17 18:55:00+00:00,5514.5,5517.75,9,2012-02-17 18:55:00+00:00,2012-02-17 19:30:00+00:00,5515.5,5518.25,8,0.6923076923076923,5516.125,2012-02-17 19:30:00+00:00,5518.0,0.7777777777777778
5min,2012-02-23 19:30:00+00:00,2012-02-24 14:50:00+00:00,5521.25,5540.25,25,2012-02-24 14:50:00+00:00,2012-02-24 17:45:00+00:00,5533.25,5543.75,36,0.3684210526315789,5530.75,2012-02-24 17:45:00+00:00,5543.5,1.0
5min,2012-02-27 15:15:00+00:00,2012-02-27 18:55:00+00:00,5525.25,5550.0,46,2012-02-27 18:55:00+00:00,2012-02-27 19:45:00+00:00,5540.75,5548.0,11,0.37373737373737376,5537.625,2012-02-27 19:45:00+00:00,5547.75,1.0
5min,2012-03-01 20:50:00+00:00,2012-03-02 14:50:00+00:00,5573.5,5580.25,9,2012-03-02 14:50:00+00:00,2012-03-02 15:15:00+00:00,5574.5,5581.75,6,0.8518518518518519,5576.875,2012-03-02 15:15:00+00:00,5581.0,1.0
5min,2012-03-07 20:25:00+00:00,2012-03-08 14:35:00+00:00,5539.25,5562.75,11,2012-03-08 14:35:00+00:00,2012-03-08 16:05:00+00:00,5554.0,5565.5,19,0.3723404255319149,5551.0,2012-03-08 16:05:00+00:00,5564.75,1.0
5min,2012-03-08 16:15:00+00:00,2012-03-08 19:20:00+00:00,5564.5,5574.0,39,2012-03-08 19:20:00+00:00,2012-03-08 19:50:00+00:00,5568.75,5573.25,7,0.5526315789473685,5569.25,2012-03-08 19:50:00+00:00,5573.25,1.0
5min,2012-03-13 14:40:00+00:00,2012-03-13 18:10:00+00:00,5601.75,5617.25,44,2012-03-13 18:10:00+00:00,2012-03-13 19:05:00+00:00,5611.75,5621.0,12,0.3548387096774194,5609.5,2012-03-13 19:05:00+00:00,5620.25,1.0
5min,2012-03-13 19:15:00+00:00,2012-03-14 15:05:00+00:00,5620.75,5650.5,31,2012-03-14 15:05:00+00:00,2012-03-14 17:10:00+00:00,5638.25,5648.25,26,0.4117647058823529,5635.625,2012-03-14 17:10:00+00:00,5648.25,1.0
5min,2012-03-20 17:00:00+00:00,2012-03-21 14:10:00+00:00,5657.5,5682.75,47,2012-03-21 14:10:00+00:00,2012-03-21 14:40:00+00:00,5674.0,5681.5,7,0.3465346534653465,5670.125,2012-03-21 14:40:00+00:00,5681.5,1.0
5min,2012-03-21 15:35:00+00:00,2012-03-21 16:05:00+00:00,5676.0,5679.75,8,2012-03-21 16:05:00+00:00,2012-03-21 16:25:00+00:00,5676.25,5683.25,5,0.9333333333333333,5677.875,2012-03-21 16:25:00+00:00,5682.25,1.0
5min,2012-03-26 13:45:00+00:00,2012-03-26 16:40:00+00:00,5683.25,5697.75,37,2012-03-26 16:40:00+00:00,2012-03-26 17:30:00+00:00,5693.25,5698.75,11,0.3103448275862069,5690.5,2012-03-26 17:30:00+00:00,5698.0,1.0
5min,2012-03-26 17:40:00+00:00,2012-03-27 14:05:00+00:00,5698.5,5721.25,38,2012-03-27 14:05:00+00:00,2012-03-27 14:40:00+00:00,5715.75,5726.25,8,0.24175824175824176,5709.875,2012-03-27 14:40:00+00:00,5726.0,1.0
5min,2012-03-27 15:10:00+00:00,2012-03-27 15:45:00+00:00,5720.0,5724.75,9,2012-03-27 15:45:00+00:00,2012-03-27 16:05:00+00:00,5720.75,5725.5,5,0.8421052631578947,5722.375,2012-03-27 16:05:00+00:00,5724.0,1.0
5min,2012-04-02 14:10:00+00:00,2012-04-02 14:45:00+00:00,5697.0,5704.75,9,2012-04-02 14:45:00+00:00,2012-04-02 15:15:00+00:00,5697.5,5708.25,7,0.9354838709677419,5700.875,2012-04-02 15:15:00+00:00,5707.5,1.0
5min,2012-04-02 15:25:00+00:00,2012-04-02 19:40:00+00:00,5707.5,5724.5,53,2012-04-02 19:40:00+00:00,2012-04-03 13:40:00+00:00,5717.75,5729.0,8,0.39705882352941174,5716.0,2012-04-03 13:40:00+00:00,5728.0,1.0
5min,2012-04-05 13:40:00+00:00,2012-04-05 17:55:00+00:00,5674.0,5701.25,53,2012-04-05 17:55:00+00:00,2012-04-05 18:55:00+00:00,5692.25,5698.5,13,0.3302752293577982,5687.625,2012-04-05 18:55:00+00:00,5697.75,1.0
5min,2012-04-05 19:05:00+00:00,2012-04-05 19:20:00+00:00,5694.5,5698.0,5,2012-04-05 19:20:00+00:00,2012-04-05 19:55:00+00:00,5694.5,5701.5,8,1.0,5696.25,2012-04-05 19:55:00+00:00,5701.5,1.0
5min,2012-04-12 13:45:00+00:00,2012-04-12 16:10:00+00:00,5652.5,5680.25,31,2012-04-12 16:10:00+00:00,2012-04-12 16:45:00+00:00,5671.0,5677.75,8,0.3333333333333333,5666.375,2012-04-12 16:45:00+00:00,5677.5,1.0
5min,2012-04-17 13:35:00+00:00,2012-04-17 19:20:00+00:00,5613.0,5666.75,71,2012-04-17 19:20:00+00:00,2012-04-19 14:40:00+00:00,5638.5,5674.5,103,0.5255813953488372,5639.875,2012-04-19 14:40:00+00:00,5671.25,1.0
5min,2012-04-26 17:10:00+00:00,2012-04-26 19:40:00+00:00,5645.75,5667.75,32,2012-04-26 19:40:00+00:00,2012-04-27 13:30:00+00:00,5659.0,5674.25,6,0.3977272727272727,5656.75,2012-04-27 13:30:00+00:00,5673.75,1.0
5min,2012-04-27 14:25:00+00:00,2012-04-27 18:20:00+00:00,5663.0,5686.75,49,2012-04-27 18:20:00+00:00,2012-04-27 19:15:00+00:00,5676.5,5683.0,12,0.43157894736842106,5674.875,2012-04-27 19:15:00+00:00,5682.75,1.0
5min,2012-05-02 15:00:00+00:00,2012-05-02 17:25:00+00:00,5652.0,5668.75,31,2012-05-02 17:25:00+00:00,2012-05-02 17:50:00+00:00,5660.0,5666.25,6,0.5223880597014925,5660.375,2012-05-02 17:50:00+00:00,5665.75,1.0
5min,2012-05-08 18:05:00+00:00,2012-05-08 18:20:00+00:00,5544.25,5549.75,5,2012-05-08 18:20:00+00:00,2012-05-08 18:55:00+00:00,5544.25,5562.25,8,1.0,5547.0,2012-05-08 18:55:00+00:00,5559.5,0.7777777777777778
5min,2012-05-09 17:05:00+00:00,2012-05-09 17:20:00+00:00,5551.5,5565.25,5,2012-05-09 17:20:00+00:00,2012-05-09 17:55:00+00:00,5551.5,5573.0,8,1.0,5558.375,2012-05-09 17:55:00+00:00,5568.75,1.0
5min,2012-05-21 13:40:00+00:00,2012-05-21 13:55:00+00:00,5417.0,5431.5,5,2012-05-21 13:55:00+00:00,2012-05-21 14:20:00+00:00,5417.0,5442.25,6,1.0,5424.25,2012-05-21 14:20:00+00:00,5441.0,1.0
5min,2012-05-21 14:30:00+00:00,2012-05-22 16:05:00+00:00,5437.0,5502.25,100,2012-05-22 16:05:00+00:00,2012-05-22 17:05:00+00:00,5483.75,5499.0,13,0.2835249042145594,5469.625,2012-05-22 17:05:00+00:00,5497.5,1.0
5min,2012-06-05 17:30:00+00:00,2012-06-05 19:15:00+00:00,5415.0,5430.5,23,2012-06-05 19:15:00+00:00,2012-06-05 19:40:00+00:00,5421.75,5430.5,6,0.5645161290322581,5422.75,2012-06-05 19:40:00+00:00,5429.75,1.0
5min,2012-06-05 19:50:00+00:00,2012-06-06 17:20:00+00:00,5426.75,5484.0,51,2012-06-06 17:20:00+00:00,2012-06-06 19:50:00+00:00,5471.25,5485.0,31,0.22270742358078602,5455.375,2012-06-06 19:50:00+00:00,5481.75,1.0
5min,2012-06-08 14:00:00+00:00,2012-06-08 16:05:00+00:00,5470.75,5490.25,27,2012-06-08 16:05:00+00:00,2012-06-08 16:35:00+00:00,5481.0,5490.0,7,0.47435897435897434,5480.5,2012-06-08 16:35:00+00:00,5489.25,1.0
5min,2012-06-12 18:40:00+00:00,2012-06-12 19:20:00+00:00,5473.5,5481.0,10,2012-06-12 19:20:00+00:00,2012-06-12 19:45:00+00:00,5474.25,5488.75,6,0.9,5477.25,2012-06-12 19:45:00+00:00,5487.5,0.8888888888888888
5min,2012-06-14 19:40:00+00:00,2012-06-15 16:15:00+00:00,5477.75,5505.0,40,2012-06-15 16:15:00+00:00,2012-06-15 17:05:00+00:00,5497.0,5503.0,11,0.29357798165137616,5491.375,2012-06-15 17:05:00+00:00,5502.75,1.0
5min,2012-06-18 15:50:00+00:00,2012-06-18 18:55:00+00:00,5521.25,5541.25,39,2012-06-18 18:55:00+00:00,2012-06-19 13:30:00+00:00,5530.25,5547.25,15,0.55,5531.25,2012-06-19 13:30:00+00:00,5546.75,0.8888888888888888
5min,2012-06-19 13:40:00+00:00,2012-06-19 16:40:00+00:00,5549.75,5567.25,38,2012-06-19 16:40:00+00:00,2012-06-19 17:00:00+00:00,5561.5,5566.25,5,0.32857142857142857,5558.5,2012-06-19 17:00:00+00:00,5565.5,1.0
5min,2012-06-22 16:50:00+00:00,2012-06-22 19:25:00+00:00,5509.5,5523.25,33,2012-06-22 19:25:00+00:00,2012-06-22 19:50:00+00:00,5518.0,5525.5,6,0.38181818181818183,5516.375,2012-06-22 19:50:00+00:00,5524.5,0.8888888888888888
5min,2012-06-26 17:45:00+00:00,2012-06-26 19:35:00+00:00,5483.5,5498.5,24,2012-06-26 19:35:00+00:00,2012-06-27 13:35:00+00:00,5490.75,5505.75,8,0.5166666666666667,5491.0,2012-06-27 13:35:00+00:00,5504.75,1.0
5min,2012-06-28 19:40:00+00:00,2012-06-29 13:50:00+00:00,5467.0,5531.0,11,2012-06-29 13:50:00+00:00,2012-06-29 14:10:00+00:00,5518.75,5531.75,5,0.19140625,5499.0,2012-06-29 14:10:00+00:00,5530.5,1.0
5min,2012-06-29 14:20:00+00:00,2012-06-29 19:20:00+00:00,5531.5,5552.0,62,2012-06-29 19:20:00+00:00,2012-06-29 19:45:00+00:00,5544.0,5550.25,6,0.3902439024390244,5541.75,2012-06-29 19:45:00+00:00,5549.75,1.0
5min,2012-07-02 19:40:00+00:00,2012-07-03 16:20:00+00:00,5560.5,5585.75,41,2012-07-03 16:20:00+00:00,2012-07-03 17:00:00+00:00,5579.25,5588.0,9,0.25742574257425743,5573.125,2012-07-03 17:00:00+00:00,5587.25,1.0
5min,2012-07-03 17:10:00+00:00,2012-07-04 14:55:00+00:00,5581.0,5589.25,21,2012-07-04 14:55:00+00:00,2012-07-04 15:20:00+00:00,5586.0,5589.25,6,0.3939393939393939,5585.125,2012-07-04 15:20:00+00:00,5589.25,1.0
5min,2012-07-13 13:40:00+00:00,2012-07-13 15:25:00+00:00,5494.5,5516.25,23,2012-07-13 15:25:00+00:00,2012-07-13 15:45:00+00:00,5508.75,5515.25,5,0.3448275862068966,5505.375,2012-07-13 15:45:00+00:00,5514.75,1.0
5min,2012-07-13 15:55:00+00:00,2012-07-13 17:35:00+00:00,5515.25,5522.75,22,2012-07-13 17:35:00+00:00,2012-07-13 19:05:00+00:00,5518.5,5530.5,19,0.5666666666666667,5519.0,2012-07-13 19:05:00+00:00,5529.75,1.0
5min,2012-07-17 19:55:00+00:00,2012-07-18 17:30:00+00:00,5523.5,5575.25,52,2012-07-18 17:30:00+00:00,2012-07-19 13:30:00+00:00,5557.5,5587.5,32,0.34299516908212563,5549.375,2012-07-19 13:30:00+00:00,5584.75,0.8888888888888888
5min,2012-07-23 16:40:00+00:00,2012-07-23 17:30:00+00:00,5511.75,5523.25,12,2012-07-23 17:30:00+00:00,2012-07-23 18:00:00+00:00,5521.0,5527.25,7,0.1956521739130435,5517.5,2012-07-23 18:00:00+00:00,5525.25,0.7777777777777778
5min,2012-08-03 13:35:00+00:00,2012-08-03 17:25:00+00:00,5599.25,5626.0,48,2012-08-03 17:25:00+00:00,2012-08-03 18:05:00+00:00,5621.5,5624.75,9,0.16822429906542055,5612.625,2012-08-03 18:05:00+00:00,5624.75,1.0
5min,2012-08-07 14:05:00+00:00,2012-08-07 15:15:00+00:00,5648.25,5658.5,16,2012-08-07 15:15:00+00:00,2012-08-07 15:35:00+00:00,5652.25,5660.75,5,0.6097560975609756,5653.375,2012-08-07 15:35:00+00:00,5659.5,1.0
5min,2012-08-13 16:50:00+00:00,2012-08-13 17:40:00+00:00,5660.25,5666.75,12,2012-08-13 17:40:00+00:00,2012-08-13 18:15:00+00:00,5663.5,5669.5,8,0.5,5663.5,2012-08-13 18:15:00+00:00,5669.0,1.0
5min,2012-08-13 19:45:00+00:00,2012-08-14 13:40:00+00:00,5669.5,5686.25,8,2012-08-14 13:40:00+00:00,2012-08-14 15:05:00+00:00,5677.5,5687.75,18,0.5223880597014925,5677.875,2012-08-14 15:05:00+00:00,5687.25,1.0
5min,2012-08-15 18:30:00+00:00,2012-08-15 19:40:00+00:00,5676.75,5684.5,16,2012-08-15 19:40:00+00:00,2012-08-16 13:30:00+00:00,5679.25,5693.25,6,0.6774193548387096,5680.625,2012-08-16 13:30:00+00:00,5692.25,0.6666666666666666
5min,2012-08-16 14:00:00+00:00,2012-08-16 14:20:00+00:00,5688.5,5693.5,6,2012-08-16 14:20:00+00:00,2012-08-16 14:40:00+00:00,5688.5,5700.25,5,1.0,5691.0,2012-08-16 14:40:00+00:00,5700.0,1.0
5min,2012-08-16 14:50:00+00:00,2012-08-16 19:45:00+00:00,5699.5,5720.75,61,2012-08-16 19:45:00+00:00,2012-08-17 14:00:00+00:00,5713.25,5722.75,11,0.35294117647058826,5710.125,2012-08-17 14:00:00+00:00,5722.0,1.0
5min,2012-08-24 14:40:00+00:00,2012-08-24 18:15:00+00:00,5708.0,5732.0,45,2012-08-24 18:15:00+00:00,2012-08-27 13:30:00+00:00,5720.0,5738.0,23,0.5,5720.0,2012-08-27 13:30:00+00:00,5738.0,0.7777777777777778
5min,2012-08-31 19:55:00+00:00,2012-09-03 13:45:00+00:00,5716.0,5726.25,7,2012-09-03 13:45:00+00:00,2012-09-03 14:40:00+00:00,5721.75,5724.5,12,0.43902439024390244,5721.125,2012-09-03 14:40:00+00:00,5724.25,1.0
5min,2012-09-06 13:35:00+00:00,2012-09-06 18:25:00+00:00,5729.75,5774.5,60,2012-09-06 18:25:00+00:00,2012-09-06 18:45:00+00:00,5769.75,5774.0,5,0.10614525139664804,5752.125,2012-09-06 18:45:00+00:00,5773.75,1.0
5min,2012-09-13 16:40:00+00:00,2012-09-13 19:35:00+00:00,5746.0,5789.25,37,2012-09-13 19:35:00+00:00,2012-09-14 13:35:00+00:00,5774.5,5790.75,8,0.34104046242774566,5767.625,2012-09-14 13:35:00+00:00,5789.0,1.0
5min,2012-09-14 13:45:00+00:00,2012-09-14 15:20:00+00:00,5790.25,5812.75,21,2012-09-14 15:20:00+00:00,2012-09-14 16:20:00+00:00,5802.25,5811.25,13,0.4666666666666667,5801.5,2012-09-14 16:20:00+00:00,5810.25,1.0
5min,2012-09-14 18:05:00+00:00,2012-09-14 18:20:00+00:00,5801.0,5805.75,5,2012-09-14 18:20:00+00:00,2012-09-14 19:00:00+00:00,5801.0,5808.5,9,1.0,5803.375,2012-09-14 19:00:00+00:00,5807.5,1.0
5min,2012-09-27 15:35:00+00:00,2012-09-27 19:05:00+00:00,5741.0,5774.75,44,2012-09-27 19:05:00+00:00,2012-09-27 19:35:00+00:00,5767.25,5772.5,7,0.2222222222222222,5757.875,2012-09-27 19:35:00+00:00,5772.25,1.0
5min,2012-10-15 19:15:00+00:00,2012-10-16 13:35:00+00:00,5675.5,5693.75,13,2012-10-16 13:35:00+00:00,2012-10-16 14:00:00+00:00,5689.5,5699.75,6,0.2328767123287671,5684.625,2012-10-16 14:00:00+00:00,5698.75,1.0
5min,2012-10-16 14:10:00+00:00,2012-10-16 17:30:00+00:00,5697.0,5728.0,42,2012-10-16 17:30:00+00:00,2012-10-16 19:40:00+00:00,5716.75,5724.5,27,0.3629032258064516,5712.5,2012-10-16 19:40:00+00:00,5724.5,1.0
5min,2012-10-23 15:55:00+00:00,2012-10-23 16:10:00+00:00,5615.25,5620.0,5,2012-10-23 16:10:00+00:00,2012-10-23 16:40:00+00:00,5615.75,5627.75,7,0.8947368421052632,5617.625,2012-10-23 16:40:00+00:00,5625.0,0.7777777777777778
5min,2012-11-01 13:35:00+00:00,2012-11-01 16:45:00+00:00,5603.75,5638.25,40,2012-11-01 16:45:00+00:00,2012-11-01 18:25:00+00:00,5626.75,5634.0,21,0.3333333333333333,5621.0,2012-11-01 18:25:00+00:00,5633.5,1.0
5min,2012-11-01 18:35:00+00:00,2012-11-01 19:40:00+00:00,5628.5,5636.25,15,2012-11-01 19:40:00+00:00,2012-11-02 13:30:00+00:00,5629.0,5647.25,6,0.9354838709677419,5632.375,2012-11-02 13:30:00+00:00,5646.0,1.0
5min,2012-11-16 19:55:00+00:00,2012-11-19 18:15:00+00:00,5475.0,5536.75,61,2012-11-19 18:15:00+00:00,2012-11-19 19:45:00+00:00,5529.5,5537.75,19,0.11740890688259109,5505.875,2012-11-19 19:45:00+00:00,5537.0,1.0
5min,2012-11-21 17:10:00+00:00,2012-11-21 20:30:00+00:00,5546.0,5555.25,42,2012-11-21 20:30:00+00:00,2012-11-23 14:35:00+00:00,5549.25,5573.25,34,0.6486486486486487,5550.625,2012-11-23 14:35:00+00:00,5568.5,1.0
5min,2012-11-23 14:45:00+00:00,2012-11-23 17:10:00+00:00,5565.25,5586.75,31,2012-11-23 17:10:00+00:00,2012-11-23 17:35:00+00:00,5578.75,5584.5,6,0.37209302325581395,5576.0,2012-11-23 17:35:00+00:00,5584.5,1.0
5min,2012-11-28 17:20:00+00:00,2012-11-28 19:25:00+00:00,5591.75,5611.5,27,2012-11-28 19:25:00+00:00,2012-11-28 20:30:00+00:00,5602.75,5616.0,14,0.4430379746835443,5601.625,2012-11-28 20:30:00+00:00,5615.5,1.0
5min,2012-11-28 20:40:00+00:00,2012-11-29 15:15:00+00:00,5615.0,5642.0,16,2012-11-29 15:15:00+00:00,2012-11-29 15:55:00+00:00,5626.75,5638.75,9,0.5648148148148148,5628.5,2012-11-29 15:55:00+00:00,5638.5,1.0
5min,2012-12-10 20:00:00+00:00,2012-12-10 20:25:00+00:00,5597.5,5603.0,7,2012-12-10 20:25:00+00:00,2012-12-11 14:35:00+00:00,5597.5,5624.25,10,1.0,5600.25,2012-12-11 14:35:00+00:00,5624.25,1.0
5min,2012-12-11 14:45:00+00:00,2012-12-11 17:00:00+00:00,5622.5,5650.0,29,2012-12-11 17:00:00+00:00,2012-12-11 17:25:00+00:00,5636.75,5646.5,6,0.4818181818181818,5636.25,2012-12-11 17:25:00+00:00,5645.75,1.0
5min,2012-12-18 15:20:00+00:00,2012-12-18 19:30:00+00:00,5630.75,5664.25,52,2012-12-18 19:30:00+00:00,2012-12-18 19:50:00+00:00,5652.25,5658.0,5,0.3582089552238806,5647.5,2012-12-18 19:50:00+00:00,5657.75,0.8888888888888888
5min,2012-12-21 19:40:00+00:00,2012-12-21 20:15:00+00:00,5609.0,5613.5,9,2012-12-21 20:15:00+00:00,2012-12-21 20:35:00+00:00,5609.0,5618.0,5,1.0,5611.25,2012-12-21 20:35:00+00:00,5616.75,0.8888888888888888
5min,2012-12-31 14:40:00+00:00,2012-12-31 16:25:00+00:00,5558.5,5586.75,23,2012-12-31 16:25:00+00:00,2012-12-31 17:35:00+00:00,5573.25,5582.75,15,0.4778761061946903,5572.625,2012-12-31 17:35:00+00:00,5581.25,1.0
5min,2012-12-31 17:45:00+00:00,2013-01-02 15:45:00+00:00,5582.5,5695.75,57,2013-01-02 15:45:00+00:00,2013-01-02 20:05:00+00:00,5670.5,5685.5,53,0.2229580573951435,5639.125,2013-01-02 20:05:00+00:00,5684.25,1.0
5min,2013-01-07 15:30:00+00:00,2013-01-07 16:05:00+00:00,5669.5,5678.0,9,2013-01-07 16:05:00+00:00,2013-01-07 16:30:00+00:00,5672.25,5679.0,6,0.6764705882352942,5673.75,2013-01-07 16:30:00+00:00,5678.0,0.8888888888888888
5min,2013-01-07 19:30:00+00:00,2013-01-07 20:10:00+00:00,5670.5,5675.25,10,2013-01-07 20:10:00+00:00,2013-01-08 14:40:00+00:00,5671.75,5683.5,14,0.7368421052631579,5672.875,2013-01-08 14:40:00+00:00,5682.5,1.0
5min,2013-01-16 14:35:00+00:00,2013-01-16 17:50:00+00:00,5674.5,5691.0,41,2013-01-16 17:50:00+00:00,2013-01-16 18:35:00+00:00,5682.5,5688.75,10,0.5151515151515151,5682.75,2013-01-16 18:35:00+00:00,5688.5,1.0
5min,2013-01-18 20:30:00+00:00,2013-01-21 14:35:00+00:00,5689.5,5696.75,10,2013-01-21 14:35:00+00:00,2013-01-21 15:10:00+00:00,5693.0,5696.5,8,0.5172413793103449,5693.125,2013-01-21 15:10:00+00:00,5696.5,1.0
5min,2013-01-22 21:00:00+00:00,2013-01-23 14:40:00+00:00,5695.0,5715.25,5,2013-01-23 14:40:00+00:00,2013-01-23 15:05:00+00:00,5709.0,5719.25,6,0.30864197530864196,5705.125,2013-01-23 15:05:00+00:00,5719.25,1.0
5min,2013-02-07 20:45:00+00:00,2013-02-08 17:25:00+00:00,5693.5,5737.25,41,2013-02-08 17:25:00+00:00,2013-02-08 18:05:00+00:00,5729.5,5735.25,9,0.17714285714285713,5715.375,2013-02-08 18:05:00+00:00,5734.75,1.0
5min,2013-02-14 15:10:00+00:00,2013-02-14 18:30:00+00:00,5717.5,5733.75,42,2013-02-14 18:30:00+00:00,2013-02-14 19:10:00+00:00,5728.0,5732.5,9,0.35384615384615387,5725.625,2013-02-14 19:10:00+00:00,5732.25,1.0
5min,2013-02-18 15:00:00+00:00,2013-02-18 15:45:00+00:00,5720.5,5721.5,11,2013-02-18 15:45:00+00:00,2013-02-18 16:20:00+00:00,5720.75,5723.0,8,0.75,5721.0,2013-02-18 16:20:00+00:00,5723.0,0.8888888888888888
5min,2013-02-19 16:25:00+00:00,2013-02-19 17:40:00+00:00,5729.0,5733.5,17,2013-02-19 17:40:00+00:00,2013-02-19 18:00:00+00:00,5730.5,5733.25,5,0.6666666666666666,5731.25,2013-02-19 18:00:00+00:00,5733.25,1.0
5min,2013-02-26 20:45:00+00:00,2013-02-27 18:10:00+00:00,5668.0,5709.75,50,2013-02-27 18:10:00+00:00,2013-02-27 18:40:00+00:00,5696.5,5705.75,7,0.31736526946107785,5688.875,2013-02-27 18:40:00+00:00,5704.75,1.0
5min,2013-03-04 18:25:00+00:00,2013-03-05 18:05:00+00:00,5700.75,5762.5,77,2013-03-05 18:05:00+00:00,2013-03-05 18:25:00+00:00,5754.25,5760.75,5,0.13360323886639677,5731.625,2013-03-05 18:25:00+00:00,5759.25,1.0
5min,2013-03-18 13:45:00+00:00,2013-03-18 17:35:00+00:00,5732.25,5759.25,48,2013-03-18 17:35:00+00:00,2013-03-18 18:15:00+00:00,5749.75,5755.0,9,0.35185185185185186,5745.75,2013-03-18 18:15:00+00:00,5754.75,1.0
5min,2013-03-22 13:35:00+00:00,2013-03-22 16:00:00+00:00,5739.5,5750.5,31,2013-03-22 16:00:00+00:00,2013-03-22 16:55:00+00:00,5746.0,5752.5,12,0.4090909090909091,5745.0,2013-03-22 16:55:00+00:00,5752.25,1.0
5min,2013-03-22 19:40:00+00:00,2013-03-22 19:55:00+00:00,5751.5,5755.5,5,2013-03-22 19:55:00+00:00,2013-03-25 14:10:00+00:00,5751.5,5773.5,11,1.0,5753.5,2013-03-25 14:10:00+00:00,5772.5,1.0
5min,2013-03-27 17:30:00+00:00,2013-03-28 13:40:00+00:00,5757.5,5769.5,35,2013-03-28 13:40:00+00:00,2013-03-28 14:35:00+00:00,5761.25,5770.0,12,0.6875,5763.5,2013-03-28 14:35:00+00:00,5768.75,1.0
5min,2013-04-02 13:35:00+00:00,2013-04-02 15:45:00+00:00,5765.5,5786.0,28,2013-04-02 15:45:00+00:00,2013-04-02 16:05:00+00:00,5780.25,5783.25,5,0.2804878048780488,5775.75,2013-04-02 16:05:00+00:00,5783.0,1.0
5min,2013-04-09 16:05:00+00:00,2013-04-09 19:35:00+00:00,5745.75,5772.75,44,2013-04-09 19:35:00+00:00,2013-04-10 13:40:00+00:00,5759.75,5779.5,9,0.48148148148148145,5759.25,2013-04-10 13:40:00+00:00,5777.25,1.0
5min,2013-04-16 15:05:00+00:00,2013-04-16 17:55:00+00:00,5770.25,5794.0,36,2013-04-16 17:55:00+00:00,2013-04-16 19:45:00+00:00,5784.5,5795.5,23,0.4,5782.125,2013-04-16 19:45:00+00:00,5795.25,1.0
5min,2013-04-19 14:05:00+00:00,2013-04-19 16:55:00+00:00,5715.5,5742.5,36,2013-04-19 16:55:00+00:00,2013-04-19 17:30:00+00:00,5728.5,5735.5,8,0.5185185185185185,5729.0,2013-04-19 17:30:00+00:00,5735.5,1.0
5min,2013-04-22 14:55:00+00:00,2013-04-22 19:55:00+00:00,5743.75,5775.5,62,2013-04-22 19:55:00+00:00,2013-04-23 13:55:00+00:00,5764.75,5791.5,8,0.33858267716535434,5759.625,2013-04-23 13:55:00+00:00,5790.75,1.0
5min,2013-04-26 18:30:00+00:00,2013-04-26 20:00:00+00:00,5797.0,5805.75,20,2013-04-26 20:00:00+00:00,2013-04-29 13:50:00+00:00,5797.0,5813.75,6,1.0,5801.375,2013-04-29 13:50:00+00:00,5813.5,1.0
5min,2013-04-30 14:45:00+00:00,2013-04-30 18:10:00+00:00,5824.75,5845.25,43,2013-04-30 18:10:00+00:00,2013-04-30 18:45:00+00:00,5837.0,5843.5,8,0.4024390243902439,5835.0,2013-04-30 18:45:00+00:00,5843.0,1.0
5min,2013-05-02 13:40:00+00:00,2013-05-02 18:15:00+00:00,5840.0,5873.5,57,2013-05-02 18:15:00+00:00,2013-05-02 18:40:00+00:00,5868.25,5872.25,6,0.15671641791044777,5856.75,2013-05-02 18:40:00+00:00,5872.0,1.0
5min,2013-05-03 13:35:00+00:00,2013-05-03 15:25:00+00:00,5892.5,5910.0,24,2013-05-03 15:25:00+00:00,2013-05-03 17:05:00+00:00,5904.75,5909.25,21,0.3,5901.25,2013-05-03 17:05:00+00:00,5908.5,1.0
5min,2013-05-09 15:10:00+00:00,2013-05-09 16:30:00+00:00,5919.75,5929.0,18,2013-05-09 16:30:00+00:00,2013-05-09 17:00:00+00:00,5923.0,5930.0,7,0.6486486486486487,5924.375,2013-05-09 17:00:00+00:00,5929.5,1.0
5min,2013-05-14 19:10:00+00:00,2013-05-14 19:30:00+00:00,5950.75,5955.75,6,2013-05-14 19:30:00+00:00,2013-05-14 19:50:00+00:00,5952.25,5960.5,5,0.7,5953.25,2013-05-14 19:50:00+00:00,5960.25,1.0
5min,2013-05-31 13:40:00+00:00,2013-05-31 16:20:00+00:00,5964.5,5985.75,34,2013-05-31 16:20:00+00:00,2013-05-31 16:45:00+00:00,5972.5,5978.25,6,0.6235294117647059,5975.125,2013-05-31 16:45:00+00:00,5978.0,0.8888888888888888
5min,2013-06-06 19:30:00+00:00,2013-06-07 16:50:00+00:00,5900.25,5947.75,49,2013-06-07 16:50:00+00:00,2013-06-07 19:50:00+00:00,5936.5,5952.25,37,0.23684210526315788,5924.0,2013-06-07 19:50:00+00:00,5951.75,1.0
5min,2013-06-11 14:30:00+00:00,2013-06-11 15:10:00+00:00,5928.5,5940.0,10,2013-06-11 15:10:00+00:00,2013-06-11 15:30:00+00:00,5934.75,5947.5,5,0.45652173913043476,5934.25,2013-06-11 15:30:00+00:00,5947.0,0.8888888888888888
5min,2013-06-11 15:40:00+00:00,2013-06-11 16:25:00+00:00,5943.0,5949.0,11,2013-06-11 16:25:00+00:00,2013-06-11 16:45:00+00:00,5943.75,5948.75,5,0.875,5946.0,2013-06-11 16:45:00+00:00,5948.75,1.0
5min,2013-06-13 14:25:00+00:00,2013-06-13 15:40:00+00:00,5886.25,5900.0,17,2013-06-13 15:40:00+00:00,2013-06-13 16:40:00+00:00,5892.0,5904.0,13,0.5818181818181818,5893.125,2013-06-13 16:40:00+00:00,5902.75,0.8888888888888888
5min,2013-06-18 13:40:00+00:00,2013-06-18 16:05:00+00:00,5942.25,5965.0,31,2013-06-18 16:05:00+00:00,2013-06-18 16:40:00+00:00,5955.25,5961.0,8,0.42857142857142855,5953.625,2013-06-18 16:40:00+00:00,5960.5,1.0
5min,2013-06-24 17:20:00+00:00,2013-06-24 17:35:00+00:00,5804.5,5811.25,5,2013-06-24 17:35:00+00:00,2013-06-24 18:05:00+00:00,5805.25,5817.25,7,0.8888888888888888,5807.875,2013-06-24 18:05:00+00:00,5816.25,0.7777777777777778
5min,2013-06-25 18:40:00+00:00,2013-06-26 14:15:00+00:00,5822.75,5859.25,28,2013-06-26 14:15:00+00:00,2013-06-26 14:45:00+00:00,5845.25,5856.75,7,0.3835616438356164,5841.0,2013-06-26 14:45:00+00:00,5855.5,1.0
5min,2013-06-28 19:25:00+00:00,2013-06-28 20:00:00+00:00,5870.5,5890.5,9,2013-06-28 20:00:00+00:00,2013-07-01 13:50:00+00:00,5870.5,5902.25,6,1.0,5880.5,2013-07-01 13:50:00+00:00,5902.25,1.0
5min,2013-07-02 13:40:00+00:00,2013-07-02 15:30:00+00:00,5891.75,5908.25,24,2013-07-02 15:30:00+00:00,2013-07-02 15:50:00+00:00,5900.75,5909.75,5,0.45454545454545453,5900.0,2013-07-02 15:50:00+00:00,5907.5,1.0
5min,2013-07-03 13:45:00+00:00,2013-07-03 16:55:00+00:00,5884.5,5917.5,40,2013-07-03 16:55:00+00:00,2013-07-04 13:35:00+00:00,5903.0,5933.0,7,0.4393939393939394,5901.0,2013-07-04 13:35:00+00:00,5932.0,1.0
5min,2013-07-09 14:45:00+00:00,2013-07-09 16:10:00+00:00,5935.5,5947.75,19,2013-07-09 16:10:00+00:00,2013-07-09 16:40:00+00:00,5941.25,5946.75,7,0.5306122448979592,5941.625,2013-07-09 16:40:00+00:00,5946.25,1.0
5min,2013-07-10 13:35:00+00:00,2013-07-10 15:10:00+00:00,5941.75,5957.5,21,2013-07-10 15:10:00+00:00,2013-07-10 15:40:00+00:00,5948.0,5954.25,7,0.6031746031746031,5949.625,2013-07-10 15:40:00+00:00,5953.75,1.0
5min,2013-07-10 19:10:00+00:00,2013-07-11 14:40:00+00:00,5956.25,6002.5,27,2013-07-11 14:40:00+00:00,2013-07-11 15:10:00+00:00,5995.5,6007.0,7,0.15135135135135136,5979.375,2013-07-11 15:10:00+00:00,6006.5,1.0
5min,2013-07-12 17:25:00+00:00,2013-07-12 17:40:00+00:00,6021.25,6024.25,5,2013-07-12 17:40:00+00:00,2013-07-12 18:10:00+00:00,6021.25,6028.0,7,1.0,6022.75,2013-07-12 18:10:00+00:00,6027.75,1.0
5min,2013-07-15 14:15:00+00:00,2013-07-15 16:55:00+00:00,6035.75,6043.0,34,2013-07-15 16:55:00+00:00,2013-07-15 17:45:00+00:00,6039.5,6042.75,11,0.4827586206896552,6039.375,2013-07-15 17:45:00+00:00,6042.75,1.0
5min,2013-07-16 19:35:00+00:00,2013-07-17 13:55:00+00:00,6037.75,6053.0,13,2013-07-17 13:55:00+00:00,2013-07-17 14:20:00+00:00,6043.5,6051.0,6,0.6229508196721312,6045.375,2013-07-17 14:20:00+00:00,6050.25,1.0
5min,2013-07-25 18:50:00+00:00,2013-07-25 19:05:00+00:00,6015.0,6022.5,5,2013-07-25 19:05:00+00:00,2013-07-25 19:25:00+00:00,6015.0,6024.75,5,1.0,6018.75,2013-07-25 19:25:00+00:00,6024.25,1.0
5min,2013-07-26 15:25:00+00:00,2013-07-26 18:35:00+00:00,6015.75,6033.0,40,2013-07-26 18:35:00+00:00,2013-07-26 18:55:00+00:00,6024.75,6032.75,5,0.4782608695652174,6024.375,2013-07-26 18:55:00+00:00,6031.25,1.0
5min,2013-07-29 19:30:00+00:00,2013-07-29 20:00:00+00:00,6028.5,6037.25,8,2013-07-29 20:00:00+00:00,2013-07-30 14:25:00+00:00,6028.5,6051.5,13,1.0,6032.875,2013-07-30 14:25:00+00:00,6051.5,1.0
5min,2013-08-01 17:15:00+00:00,2013-08-01 17:55:00+00:00,6077.25,6080.25,10,2013-08-01 17:55:00+00:00,2013-08-01 18:35:00+00:00,6077.75,6086.25,9,0.8333333333333334,6078.75,2013-08-01 18:35:00+00:00,6085.5,1.0
5min,2013-08-05 14:00:00+00:00,2013-08-05 14:25:00+00:00,6101.5,6105.0,7,2013-08-05 14:25:00+00:00,2013-08-05 14:45:00+00:00,6101.75,6108.0,5,0.9285714285714286,6103.25,2013-08-05 14:45:00+00:00,6108.0,1.0
5min,2013-08-07 16:45:00+00:00,2013-08-07 18:30:00+00:00,6074.0,6082.0,23,2013-08-07 18:30:00+00:00,2013-08-07 18:55:00+00:00,6076.5,6081.5,6,0.6875,6078.0,2013-08-07 18:55:00+00:00,6081.0,0.8888888888888888
5min,2013-08-08 15:25:00+00:00,2013-08-08 17:20:00+00:00,6090.25,6105.0,25,2013-08-08 17:20:00+00:00,2013-08-08 17:55:00+00:00,6099.75,6103.75,8,0.3559322033898305,6097.625,2013-08-08 17:55:00+00:00,6103.75,1.0
5min,2013-08-12 13:40:00+00:00,2013-08-12 16:10:00+00:00,6074.5,6098.0,32,2013-08-12 16:10:00+00:00,2013-08-12 16:55:00+00:00,6085.0,6091.75,10,0.5531914893617021,6086.25,2013-08-12 16:55:00+00:00,6091.75,1.0
5min,2013-08-20 13:50:00+00:00,2013-08-20 16:40:00+00:00,6043.5,6065.5,36,2013-08-20 16:40:00+00:00,2013-08-20 17:00:00+00:00,6056.75,6061.5,5,0.3977272727272727,6054.5,2013-08-20 17:00:00+00:00,6061.25,1.0
5min,2013-08-22 13:35:00+00:00,2013-08-22 15:30:00+00:00,6051.5,6072.25,25,2013-08-22 15:30:00+00:00,2013-08-22 15:50:00+00:00,6061.25,6066.75,5,0.5301204819277109,6061.875,2013-08-22 15:50:00+00:00,6066.0,0.8888888888888888
5min,2013-08-22 17:55:00+00:00,2013-08-23 15:10:00+00:00,6058.25,6095.0,48,2013-08-23 15:10:00+00:00,2013-08-23 16:40:00+00:00,6082.0,6090.75,19,0.35374149659863946,6076.625,2013-08-23 16:40:00+00:00,6090.75,1.0
5min,2013-08-23 18:30:00+00:00,2013-08-26 13:30:00+00:00,6088.0,6096.0,21,2013-08-26 13:30:00+00:00,2013-08-26 13:50:00+00:00,6090.5,6103.5,5,0.6875,6092.0,2013-08-26 13:50:00+00:00,6102.75,1.0
5min,2013-08-28 13:40:00+00:00,2013-08-28 14:10:00+00:00,6028.5,6041.25,8,2013-08-28 14:10:00+00:00,2013-08-28 14:40:00+00:00,6030.75,6042.5,7,0.8235294117647058,6034.875,2013-08-28 14:40:00+00:00,6041.25,0.8888888888888888
5min,2013-09-04 13:35:00+00:00,2013-09-04 18:15:00+00:00,6060.25,6097.75,58,2013-09-04 18:15:00+00:00,2013-09-05 13:45:00+00:00,6087.0,6102.75,26,0.2866666666666667,6079.0,2013-09-05 13:45:00+00:00,6102.25,1.0
5min,2013-09-09 14:40:00+00:00,2013-09-09 19:40:00+00:00,6115.75,6143.75,62,2013-09-09 19:40:00+00:00,2013-09-10 14:45:00+00:00,6136.25,6157.0,21,0.26785714285714285,6129.75,2013-09-10 14:45:00+00:00,6157.0,1.0
5min,2013-09-17 13:35:00+00:00,2013-09-17 14:50:00+00:00,6144.25,6157.75,17,2013-09-17 14:50:00+00:00,2013-09-17 15:10:00+00:00,6153.5,6160.25,5,0.3148148148148148,6151.0,2013-09-17 15:10:00+00:00,6158.75,1.0
5min,2013-09-24 14:35:00+00:00,2013-09-24 16:25:00+00:00,6188.5,6203.25,24,2013-09-24 16:25:00+00:00,2013-09-24 16:45:00+00:00,6196.25,6201.5,5,0.4745762711864407,6195.875,2013-09-24 16:45:00+00:00,6201.25,1.0
5min,2013-09-30 14:15:00+00:00,2013-09-30 16:15:00+00:00,6174.75,6196.75,26,2013-09-30 16:15:00+00:00,2013-09-30 16:45:00+00:00,6186.5,6192.5,7,0.4659090909090909,6185.75,2013-09-30 16:45:00+00:00,6191.75,1.0
5min,2013-10-01 13:40:00+00:00,2013-10-01 17:40:00+00:00,6191.0,6224.0,50,2013-10-01 17:40:00+00:00,2013-10-01 20:00:00+00:00,6206.75,6222.25,29,0.5227272727272727,6207.5,2013-10-01 20:00:00+00:00,6221.25,1.0
5min,2013-10-02 14:45:00+00:00,2013-10-02 17:20:00+00:00,6206.0,6221.75,33,2013-10-02 17:20:00+00:00,2013-10-02 17:50:00+00:00,6214.5,6225.25,7,0.4603174603174603,6213.875,2013-10-02 17:50:00+00:00,6224.5,1.0
5min,2013-10-10 13:35:00+00:00,2013-10-10 15:05:00+00:00,6144.0,6166.25,20,2013-10-10 15:05:00+00:00,2013-10-10 15:30:00+00:00,6153.5,6161.0,6,0.5730337078651685,6155.125,2013-10-10 15:30:00+00:00,6161.0,1.0
5min,2013-10-14 13:40:00+00:00,2013-10-14 19:00:00+00:00,6185.5,6223.5,66,2013-10-14 19:00:00+00:00,2013-10-15 14:10:00+00:00,6215.25,6232.25,22,0.21710526315789475,6204.5,2013-10-15 14:10:00+00:00,6230.5,1.0
5min,2013-10-16 13:40:00+00:00,2013-10-16 16:55:00+00:00,6226.0,6251.75,41,2013-10-16 16:55:00+00:00,2013-10-16 19:55:00+00:00,6240.5,6249.75,37,0.4368932038834951,6238.875,2013-10-16 19:55:00+00:00,6249.0,1.0
5min,2013-10-17 13:45:00+00:00,2013-10-17 17:25:00+00:00,6235.0,6266.0,46,2013-10-17 17:25:00+00:00,2013-10-17 19:10:00+00:00,6256.25,6263.5,22,0.31451612903225806,6250.5,2013-10-17 19:10:00+00:00,6262.5,1.0
5min,2013-10-17 19:20:00+00:00,2013-10-18 16:00:00+00:00,6262.75,6309.75,41,2013-10-18 16:00:00+00:00,2013-10-18 16:35:00+00:00,6301.0,6308.5,8,0.18617021276595744,6286.25,2013-10-18 16:35:00+00:00,6308.25,1.0
5min,2013-10-24 14:50:00+00:00,2013-10-24 16:40:00+00:00,6320.5,6334.0,24,2013-10-24 16:40:00+00:00,2013-10-24 17:00:00+00:00,6327.5,6335.75,5,0.48148148148148145,6327.25,2013-10-24 17:00:00+00:00,6335.0,1.0
5min,2013-10-31 15:00:00+00:00,2013-10-31 17:15:00+00:00,6351.75,6368.0,29,2013-10-31 17:15:00+00:00,2013-10-31 18:20:00+00:00,6360.25,6368.75,14,0.47692307692307695,6359.875,2013-10-31 18:20:00+00:00,6368.25,1.0
5min,2013-11-05 15:40:00+00:00,2013-11-05 17:15:00+00:00,6342.25,6355.5,21,2013-11-05 17:15:00+00:00,2013-11-05 17:40:00+00:00,6351.25,6359.25,6,0.32075471698113206,6348.875,2013-11-05 17:40:00+00:00,6359.0,1.0
5min,2013-11-08 15:10:00+00:00,2013-11-08 20:00:00+00:00,6304.25,6336.25,60,2013-11-08 20:00:00+00:00,2013-11-08 20:55:00+00:00,6326.0,6336.75,12,0.3203125,6320.25,2013-11-08 20:55:00+00:00,6334.75,1.0
5min,2013-11-13 15:05:00+00:00,2013-11-13 19:40:00+00:00,6327.0,6363.0,57,2013-11-13 19:40:00+00:00,2013-11-13 20:15:00+00:00,6358.25,6361.75,8,0.13194444444444445,6345.0,2013-11-13 20:15:00+00:00,6361.25,1.0
5min,2013-11-21 18:15:00+00:00,2013-11-22 16:15:00+00:00,6362.0,6394.25,57,2013-11-22 16:15:00+00:00,2013-11-22 16:35:00+00:00,6387.5,6393.25,5,0.20930232558139536,6378.125,2013-11-22 16:35:00+00:00,6393.25,1.0
5min,2013-11-26 15:20:00+00:00,2013-11-26 20:55:00+00:00,6406.0,6431.25,69,2013-11-26 20:55:00+00:00,2013-11-27 14:45:00+00:00,6421.25,6434.75,6,0.39603960396039606,6418.625,2013-11-27 14:45:00+00:00,6434.25,1.0
5min,2013-11-27 18:30:00+00:00,2013-11-28 14:55:00+00:00,6436.5,6459.5,38,2013-11-28 14:55:00+00:00,2013-11-28 15:20:00+00:00,6456.75,6458.25,6,0.11956521739130435,6448.0,2013-11-28 15:20:00+00:00,6458.25,1.0
5min,2013-12-17 17:20:00+00:00,2013-12-17 17:35:00+00:00,6443.25,6447.25,5,2013-12-17 17:35:00+00:00,2013-12-17 17:55:00+00:00,6445.25,6449.75,5,0.5,6445.25,2013-12-17 17:55:00+00:00,6449.5,1.0
5min,2013-12-20 14:40:00+00:00,2013-12-20 18:40:00+00:00,6482.0,6514.25,50,2013-12-20 18:40:00+00:00,2013-12-20 19:00:00+00:00,6509.5,6514.0,5,0.14728682170542637,6498.125,2013-12-20 19:00:00+00:00,6513.5,1.0
5min,2013-12-24 16:15:00+00:00,2013-12-24 17:00:00+00:00,6544.0,6547.5,11,2013-12-24 17:00:00+00:00,2013-12-24 17:40:00+00:00,6544.5,6549.0,9,0.8571428571428571,6545.75,2013-12-24 17:40:00+00:00,6548.25,1.0
5min,2013-12-26 15:15:00+00:00,2013-12-26 17:25:00+00:00,6553.25,6561.25,28,2013-12-26 17:25:00+00:00,2013-12-26 19:00:00+00:00,6556.75,6562.75,20,0.5625,6557.25,2013-12-26 19:00:00+00:00,6562.75,1.0
5min,2014-01-07 19:40:00+00:00,2014-01-08 17:35:00+00:00,6525.25,6549.75,56,2014-01-08 17:35:00+00:00,2014-01-08 18:15:00+00:00,6542.0,6546.5,9,0.3163265306122449,6537.5,2014-01-08 18:15:00+00:00,6546.0,1.0
5min,2014-01-14 14:40:00+00:00,2014-01-14 19:10:00+00:00,6499.0,6554.75,56,2014-01-14 19:10:00+00:00,2014-01-14 19:30:00+00:00,6545.5,6551.75,5,0.16591928251121077,6526.875,2014-01-14 19:30:00+00:00,6551.75,1.0
5min,2014-01-14 19:40:00+00:00,2014-01-15 18:00:00+00:00,6550.0,6588.5,61,2014-01-15 18:00:00+00:00,2014-01-15 19:25:00+00:00,6578.25,6587.5,18,0.2662337662337662,6569.25,2014-01-15 19:25:00+00:00,6587.5,1.0
5min,2014-01-21 18:05:00+00:00,2014-01-21 19:25:00+00:00,6579.0,6587.75,18,2014-01-21 19:25:00+00:00,2014-01-21 20:45:00+00:00,6582.5,6589.75,17,0.6,6583.375,2014-01-21 20:45:00+00:00,6589.5,1.0
5min,2014-01-30 14:35:00+00:00,2014-01-30 18:30:00+00:00,6480.5,6517.5,49,2014-01-30 18:30:00+00:00,2014-01-30 19:40:00+00:00,6503.5,6514.0,15,0.3783783783783784,6499.0,2014-01-30 19:40:00+00:00,6513.25,1.0
5min,2014-02-05 16:50:00+00:00,2014-02-05 19:15:00+00:00,6422.5,6443.5,31,2014-02-05 19:15:00+00:00,2014-02-05 19:35:00+00:00,6433.75,6442.25,5,0.4642857142857143,6433.0,2014-02-05 19:35:00+00:00,6440.75,1.0
5min,2014-02-05 20:15:00+00:00,2014-02-05 21:00:00+00:00,6428.75,6438.5,11,2014-02-05 21:00:00+00:00,2014-02-06 14:50:00+00:00,6428.75,6459.75,6,1.0,6433.625,2014-02-06 14:50:00+00:00,6459.75,1.0
5min,2014-02-07 15:40:00+00:00,2014-02-07 20:00:00+00:00,6488.25,6537.0,54,2014-02-07 20:00:00+00:00,2014-02-07 20:35:00+00:00,6528.25,6537.0,8,0.1794871794871795,6512.625,2014-02-07 20:35:00+00:00,6536.25,1.0
5min,2014-02-10 18:25:00+00:00,2014-02-10 20:30:00+00:00,6548.5,6559.5,27,2014-02-10 20:30:00+00:00,2014-02-10 21:00:00+00:00,6552.25,6557.75,7,0.6590909090909091,6554.0,2014-02-10 21:00:00+00:00,6557.75,1.0
5min,2014-02-11 14:50:00+00:00,2014-02-11 19:15:00+00:00,6567.25,6598.75,55,2014-02-11 19:15:00+00:00,2014-02-11 19:40:00+00:00,6591.25,6597.25,6,0.23809523809523808,6583.0,2014-02-11 19:40:00+00:00,6597.25,1.0
5min,2014-02-12 20:50:00+00:00,2014-02-13 20:20:00+00:00,6577.5,6636.0,75,2014-02-13 20:20:00+00:00,2014-02-14 15:35:00+00:00,6620.75,6638.75,23,0.2606837606837607,6606.75,2014-02-14 15:35:00+00:00,6637.75,1.0
5min,2014-02-20 17:20:00+00:00,2014-02-21 15:15:00+00:00,6637.25,6667.0,56,2014-02-21 15:15:00+00:00,2014-02-21 16:05:00+00:00,6655.5,6665.25,11,0.3865546218487395,6652.125,2014-02-21 16:05:00+00:00,6665.0,1.0
5min,2014-02-24 14:40:00+00:00,2014-02-24 17:40:00+00:00,6655.5,6680.75,38,2014-02-24 17:40:00+00:00,2014-02-24 18:35:00+00:00,6674.75,6681.5,12,0.2376237623762376,6668.125,2014-02-24 18:35:00+00:00,6680.75,1.0
5min,2014-02-28 14:30:00+00:00,2014-02-28 16:00:00+00:00,6677.25,6702.5,20,2014-02-28 16:00:00+00:00,2014-02-28 16:55:00+00:00,6690.25,6702.0,12,0.48514851485148514,6689.875,2014-02-28 16:55:00+00:00,6701.25,1.0
5min,2014-03-03 21:00:00+00:00,2014-03-04 16:40:00+00:00,6641.5,6700.5,29,2014-03-04 16:40:00+00:00,2014-03-04 17:20:00+00:00,6694.0,6702.75,9,0.11016949152542373,6671.0,2014-03-04 17:20:00+00:00,6701.5,1.0
5min,2014-03-05 15:15:00+00:00,2014-03-05 17:20:00+00:00,6699.5,6710.25,27,2014-03-05 17:20:00+00:00,2014-03-05 17:40:00+00:00,6702.25,6708.25,5,0.7441860465116279,6704.875,2014-03-05 17:40:00+00:00,6707.5,1.0
5min,2014-03-05 20:30:00+00:00,2014-03-05 20:45:00+00:00,6703.5,6706.75,5,2014-03-05 20:45:00+00:00,2014-03-06 14:30:00+00:00,6703.5,6716.0,5,1.0,6705.125,2014-03-06 14:30:00+00:00,6713.75,1.0
5min,2014-03-12 14:30:00+00:00,2014-03-12 16:35:00+00:00,6660.25,6687.75,27,2014-03-12 16:35:00+00:00,2014-03-12 17:00:00+00:00,6675.5,6684.75,6,0.44545454545454544,6674.0,2014-03-12 17:00:00+00:00,6684.5,1.0
5min,2014-03-18 13:40:00+00:00,2014-03-18 17:15:00+00:00,6647.0,6682.75,45,2014-03-18 17:15:00+00:00,2014-03-18 17:45:00+00:00,6674.5,6687.25,7,0.23076923076923078,6664.875,2014-03-18 17:45:00+00:00,6685.75,1.0
5min,2014-03-20 14:05:00+00:00,2014-03-20 14:55:00+00:00,6650.0,6677.0,12,2014-03-20 14:55:00+00:00,2014-03-20 16:20:00+00:00,6660.75,6676.0,18,0.6018518518518519,6663.5,2014-03-20 16:20:00+00:00,6674.5,1.0
5min,2014-04-01 13:35:00+00:00,2014-04-01 15:15:00+00:00,6589.75,6630.0,22,2014-04-01 15:15:00+00:00,2014-04-01 18:10:00+00:00,6612.0,6626.0,36,0.4472049689440994,6609.875,2014-04-01 18:10:00+00:00,6626.0,1.0
5min,2014-04-08 18:55:00+00:00,2014-04-09 14:10:00+00:00,6510.0,6537.75,24,2014-04-09 14:10:00+00:00,2014-04-09 16:25:00+00:00,6522.5,6547.0,28,0.5495495495495496,6523.875,2014-04-09 16:25:00+00:00,6547.0,1.0
5min,2014-04-17 16:45:00+00:00,2014-04-17 18:50:00+00:00,6509.5,6529.75,27,2014-04-17 18:50:00+00:00,2014-04-17 19:15:00+00:00,6519.25,6524.75,6,0.5185185185185185,6519.625,2014-04-17 19:15:00+00:00,6524.25,1.0
5min,2014-04-21 15:15:00+00:00,2014-04-21 16:40:00+00:00,6518.25,6530.25,19,2014-04-21 16:40:00+00:00,2014-04-21 17:20:00+00:00,6522.0,6533.25,9,0.6875,6524.25,2014-04-21 17:20:00+00:00,6532.0,1.0
5min,2014-04-21 19:45:00+00:00,2014-04-22 16:55:00+00:00,6531.75,6574.5,47,2014-04-22 16:55:00+00:00,2014-04-22 17:55:00+00:00,6568.25,6574.5,13,0.14619883040935672,6553.125,2014-04-22 17:55:00+00:00,6574.25,1.0
5min,2014-04-29 15:30:00+00:00,2014-04-29 17:20:00+00:00,6538.75,6558.5,24,2014-04-29 17:20:00+00:00,2014-04-29 17:55:00+00:00,6547.75,6555.75,8,0.5443037974683544,6548.625,2014-04-29 17:55:00+00:00,6555.5,1.0
5min,2014-05-05 14:00:00+00:00,2014-05-05 16:45:00+00:00,6551.75,6579.75,35,2014-05-05 16:45:00+00:00,2014-05-05 18:05:00+00:00,6567.25,6576.75,17,0.44642857142857145,6565.75,2014-05-05 18:05:00+00:00,6575.75,1.0
5min,2014-05-09 18:55:00+00:00,2014-05-12 17:05:00+00:00,6522.0,6591.75,59,2014-05-12 17:05:00+00:00,2014-05-12 17:45:00+00:00,6584.0,6588.25,9,0.1111111111111111,6556.875,2014-05-12 17:45:00+00:00,6587.75,1.0
5min,2014-05-14 16:15:00+00:00,2014-05-14 17:00:00+00:00,6589.75,6595.75,11,2014-05-14 17:00:00+00:00,2014-05-14 17:20:00+00:00,6592.75,6599.25,5,0.5,6592.75,2014-05-14 17:20:00+00:00,6598.0,1.0
5min,2014-05-16 18:25:00+00:00,2014-05-19 16:40:00+00:00,6547.25,6604.0,60,2014-05-19 16:40:00+00:00,2014-05-19 18:25:00+00:00,6594.5,6603.0,22,0.16740088105726872,6575.625,2014-05-19 18:25:00+00:00,6602.75,1.0
5min,2014-05-22 14:40:00+00:00,2014-05-22 16:15:00+00:00,6626.25,6643.0,21,2014-05-22 16:15:00+00:00,2014-05-22 16:45:00+00:00,6634.75,6640.25,7,0.4925373134328358,6634.625,2014-05-22 16:45:00+00:00,6639.75,1.0
5min,2014-05-22 17:10:00+00:00,2014-05-22 17:25:00+00:00,6636.0,6638.25,5,2014-05-22 17:25:00+00:00,2014-05-22 17:45:00+00:00,6636.25,6642.75,5,0.8888888888888888,6637.125,2014-05-22 17:45:00+00:00,6642.75,1.0
5min,2014-05-26 13:55:00+00:00,2014-05-27 13:30:00+00:00,6672.75,6682.25,40,2014-05-27 13:30:00+00:00,2014-05-27 13:50:00+00:00,6676.25,6687.0,5,0.631578947368421,6677.5,2014-05-27 13:50:00+00:00,6686.5,1.0
5min,2014-05-27 14:00:00+00:00,2014-05-27 15:30:00+00:00,6680.75,6696.25,20,2014-05-27 15:30:00+00:00,2014-05-27 16:10:00+00:00,6688.5,6693.75,9,0.5,6688.5,2014-05-27 16:10:00+00:00,6693.75,1.0
5min,2014-06-04 13:55:00+00:00,2014-06-04 18:10:00+00:00,6710.25,6736.5,53,2014-06-04 18:10:00+00:00,2014-06-05 15:20:00+00:00,6721.25,6743.5,46,0.580952380952381,6723.375,2014-06-05 15:20:00+00:00,6743.0,1.0
5min,2014-06-05 15:30:00+00:00,2014-06-05 17:30:00+00:00,6742.25,6766.0,26,2014-06-05 17:30:00+00:00,2014-06-05 18:05:00+00:00,6756.75,6762.75,8,0.3894736842105263,6754.125,2014-06-05 18:05:00+00:00,6762.5,1.0
5min,2014-06-05 20:00:00+00:00,2014-06-06 14:20:00+00:00,6761.0,6778.5,13,2014-06-06 14:20:00+00:00,2014-06-06 15:05:00+00:00,6768.5,6778.0,10,0.5714285714285714,6769.75,2014-06-06 15:05:00+00:00,6777.75,1.0
5min,2014-06-10 17:40:00+00:00,2014-06-10 19:00:00+00:00,6780.75,6787.5,18,2014-06-10 19:00:00+00:00,2014-06-10 19:25:00+00:00,6782.75,6786.5,6,0.7037037037037037,6784.125,2014-06-10 19:25:00+00:00,6786.0,1.0
5min,2014-06-11 13:40:00+00:00,2014-06-11 14:55:00+00:00,6774.0,6790.0,17,2014-06-11 14:55:00+00:00,2014-06-11 15:55:00+00:00,6780.5,6789.25,13,0.59375,6782.0,2014-06-11 15:55:00+00:00,6789.0,1.0
5min,2014-06-16 16:15:00+00:00,2014-06-16 16:50:00+00:00,6758.25,6763.25,9,2014-06-16 16:50:00+00:00,2014-06-16 17:10:00+00:00,6758.0,6767.75,5,1.05,6760.75,2014-06-16 17:10:00+00:00,6767.25,1.0
5min,2014-06-19 19:05:00+00:00,2014-06-19 19:55:00+00:00,6780.25,6786.75,12,2014-06-19 19:55:00+00:00,2014-06-20 13:55:00+00:00,6783.0,6793.5,8,0.5769230769230769,6783.5,2014-06-20 13:55:00+00:00,6792.0,1.0
5min,2014-06-23 19:30:00+00:00,2014-06-23 19:45:00+00:00,6786.25,6789.25,5,2014-06-23 19:45:00+00:00,2014-06-24 13:40:00+00:00,6786.5,6798.25,7,0.9166666666666666,6787.75,2014-06-24 13:40:00+00:00,6796.75,1.0
5min,2014-06-27 17:45:00+00:00,2014-06-30 15:00:00+00:00,6810.25,6840.0,48,2014-06-30 15:00:00+00:00,2014-06-30 15:25:00+00:00,6831.25,6838.5,6,0.29411764705882354,6825.125,2014-06-30 15:25:00+00:00,6838.25,1.0
5min,2014-07-01 13:35:00+00:00,2014-07-01 18:25:00+00:00,6847.5,6888.5,60,2014-07-01 18:25:00+00:00,2014-07-02 16:15:00+00:00,6877.75,6889.0,54,0.2621951219512195,6868.0,2014-07-02 16:15:00+00:00,6889.0,1.0
5min,2014-07-02 20:00:00+00:00,2014-07-03 13:50:00+00:00,6882.25,6898.5,7,2014-07-03 13:50:00+00:00,2014-07-03 15:15:00+00:00,6886.75,6899.0,18,0.7230769230769231,6890.375,2014-07-03 15:15:00+00:00,6898.5,1.0
5min,2014-07-09 14:35:00+00:00,2014-07-09 15:15:00+00:00,6860.5,6875.5,10,2014-07-09 15:15:00+00:00,2014-07-09 17:40:00+00:00,6866.25,6876.5,30,0.6166666666666667,6868.0,2014-07-09 17:40:00+00:00,6876.25,1.0
5min,2014-07-10 14:50:00+00:00,2014-07-10 15:35:00+00:00,6851.5,6866.0,11,2014-07-10 15:35:00+00:00,2014-07-10 16:25:00+00:00,6858.25,6873.0,11,0.5344827586206896,6858.75,2014-07-10 16:25:00+00:00,6871.75,1.0
5min,2014-07-11 16:40:00+00:00,2014-07-11 19:05:00+00:00,6876.75,6892.5,31,2014-07-11 19:05:00+00:00,2014-07-11 19:40:00+00:00,6886.75,6892.75,8,0.36507936507936506,6884.625,2014-07-11 19:40:00+00:00,6891.75,1.0
5min,2014-07-11 20:00:00+00:00,2014-07-14 13:40:00+00:00,6888.75,6911.25,5,2014-07-14 13:40:00+00:00,2014-07-14 14:05:00+00:00,6903.5,6913.75,6,0.34444444444444444,6900.0,2014-07-14 14:05:00+00:00,6913.0,1.0
5min,2014-07-18 13:35:00+00:00,2014-07-18 17:10:00+00:00,6881.5,6915.25,45,2014-07-18 17:10:00+00:00,2014-07-18 17:40:00+00:00,6907.0,6914.0,7,0.24444444444444444,6898.375,2014-07-18 17:40:00+00:00,6912.75,1.0
5min,2014-07-18 17:50:00+00:00,2014-07-18 19:40:00+00:00,6911.0,6929.75,24,2014-07-18 19:40:00+00:00,2014-07-18 20:00:00+00:00,6921.25,6927.25,5,0.4533333333333333,6920.375,2014-07-18 20:00:00+00:00,6926.75,1.0
5min,2014-07-22 13:35:00+00:00,2014-07-22 15:30:00+00:00,6936.25,6953.5,25,2014-07-22 15:30:00+00:00,2014-07-22 16:30:00+00:00,6946.25,6951.25,13,0.42028985507246375,6944.875,2014-07-22 16:30:00+00:00,6950.75,1.0
5min,2014-08-08 17:10:00+00:00,2014-08-08 19:10:00+00:00,6854.0,6880.25,26,2014-08-08 19:10:00+00:00,2014-08-08 19:30:00+00:00,6871.75,6880.75,5,0.3238095238095238,6867.125,2014-08-08 19:30:00+00:00,6879.75,1.0
5min,2014-08-12 19:40:00+00:00,2014-08-13 16:10:00+00:00,6889.5,6938.5,39,2014-08-13 16:10:00+00:00,2014-08-13 16:30:00+00:00,6928.75,6934.25,5,0.1989795918367347,6914.0,2014-08-13 16:30:00+00:00,6934.0,1.0
5min,2014-08-13 16:50:00+00:00,2014-08-13 19:10:00+00:00,6932.0,6940.25,30,2014-08-13 19:10:00+00:00,2014-08-14 13:30:00+00:00,6935.25,6944.75,12,0.6060606060606061,6936.125,2014-08-14 13:30:00+00:00,6943.75,0.8888888888888888
5min,2014-08-15 18:20:00+00:00,2014-08-15 19:30:00+00:00,6961.0,6977.5,16,2014-08-15 19:30:00+00:00,2014-08-15 19:55:00+00:00,6969.5,6980.5,6,0.48484848484848486,6969.25,2014-08-15 19:55:00+00:00,6979.75,1.0
5min,2014-08-18 14:00:00+00:00,2014-08-18 15:50:00+00:00,7001.75,7012.0,24,2014-08-18 15:50:00+00:00,2014-08-18 16:10:00+00:00,7007.0,7013.5,5,0.4878048780487805,7006.875,2014-08-18 16:10:00+00:00,7012.5,1.0
5min,2014-08-18 19:55:00+00:00,2014-08-19 14:35:00+00:00,7009.5,7024.0,17,2014-08-19 14:35:00+00:00,2014-08-19 14:55:00+00:00,7017.75,7024.5,5,0.43103448275862066,7016.75,2014-08-19 14:55:00+00:00,7023.25,1.0
5min,2014-08-19 15:25:00+00:00,2014-08-19 16:10:00+00:00,7020.5,7024.25,11,2014-08-19 16:10:00+00:00,2014-08-19 17:45:00+00:00,7020.5,7028.75,20,1.0,7022.375,2014-08-19 17:45:00+00:00,7028.5,1.0
5min,2014-08-20 14:50:00+00:00,2014-08-20 16:35:00+00:00,7029.5,7037.5,23,2014-08-20 16:35:00+00:00,2014-08-20 17:20:00+00:00,7034.0,7037.75,10,0.4375,7033.5,2014-08-20 17:20:00+00:00,7037.75,1.0
5min,2014-08-27 14:55:00+00:00,2014-08-27 15:30:00+00:00,7064.5,7069.0,9,2014-08-27 15:30:00+00:00,2014-08-27 15:50:00+00:00,7064.25,7070.0,5,1.0555555555555556,7066.75,2014-08-27 15:50:00+00:00,7069.0,1.0
5min,2014-09-05 16:00:00+00:00,2014-09-05 17:50:00+00:00,7058.25,7074.0,24,2014-09-05 17:50:00+00:00,2014-09-05 19:50:00+00:00,7067.75,7078.0,25,0.3968253968253968,7066.125,2014-09-05 19:50:00+00:00,7077.75,1.0
5min,2014-09-05 20:00:00+00:00,2014-09-08 14:40:00+00:00,7079.75,7099.0,17,2014-09-08 14:40:00+00:00,2014-09-08 15:00:00+00:00,7086.25,7096.5,5,0.6623376623376623,7089.375,2014-09-08 15:00:00+00:00,7096.0,1.0
5min,2014-09-10 15:20:00+00:00,2014-09-10 16:10:00+00:00,7061.5,7069.75,12,2014-09-10 16:10:00+00:00,2014-09-10 16:50:00+00:00,7065.75,7078.75,9,0.48484848484848486,7065.625,2014-09-10 16:50:00+00:00,7077.75,1.0
5min,2014-09-18 16:10:00+00:00,2014-09-18 17:50:00+00:00,7086.5,7093.5,22,2014-09-18 17:50:00+00:00,2014-09-18 18:10:00+00:00,7088.75,7095.25,5,0.6785714285714286,7090.0,2014-09-18 18:10:00+00:00,7094.75,1.0
5min,2014-09-23 14:50:00+00:00,2014-09-23 15:15:00+00:00,7046.75,7057.25,7,2014-09-23 15:15:00+00:00,2014-09-23 15:40:00+00:00,7046.75,7060.5,6,1.0,7052.0,2014-09-23 15:40:00+00:00,7060.5,0.8888888888888888
5min,2014-09-24 14:35:00+00:00,2014-09-24 16:45:00+00:00,7044.5,7076.5,28,2014-09-24 16:45:00+00:00,2014-09-24 17:35:00+00:00,7068.0,7079.0,11,0.265625,7060.5,2014-09-24 17:35:00+00:00,7078.5,1.0
5min,2014-10-03 13:50:00+00:00,2014-10-03 15:25:00+00:00,7001.5,7028.5,21,2014-10-03 15:25:00+00:00,2014-10-03 16:30:00+00:00,7013.75,7027.0,14,0.5462962962962963,7015.0,2014-10-03 16:30:00+00:00,7026.25,1.0
5min,2014-10-08 17:05:00+00:00,2014-10-09 13:55:00+00:00,6962.25,7043.25,43,2014-10-09 13:55:00+00:00,2014-10-09 15:15:00+00:00,7006.25,7033.0,17,0.4567901234567901,7002.75,2014-10-09 15:15:00+00:00,7031.5,0.8888888888888888
5min,2014-10-20 13:40:00+00:00,2014-10-20 13:55:00+00:00,6804.5,6826.25,5,2014-10-20 13:55:00+00:00,2014-10-20 14:25:00+00:00,6811.75,6838.0,7,0.6666666666666666,6815.375,2014-10-20 14:25:00+00:00,6837.25,1.0
5min,2014-10-20 14:35:00+00:00,2014-10-20 17:05:00+00:00,6823.75,6843.5,32,2014-10-20 17:05:00+00:00,2014-10-20 17:30:00+00:00,6830.25,6845.5,6,0.6708860759493671,6833.625,2014-10-20 17:30:00+00:00,6843.75,1.0
5min,2014-10-20 17:40:00+00:00,2014-10-21 16:50:00+00:00,6839.75,6940.5,71,2014-10-21 16:50:00+00:00,2014-10-21 17:35:00+00:00,6931.0,6947.25,10,0.09429280397022333,6890.125,2014-10-21 17:35:00+00:00,6945.5,1.0
5min,2014-10-23 13:45:00+00:00,2014-10-23 16:45:00+00:00,6977.0,7016.25,38,2014-10-23 16:45:00+00:00,2014-10-23 17:35:00+00:00,7005.0,7016.25,11,0.28662420382165604,6996.625,2014-10-23 17:35:00+00:00,7014.0,1.0
5min,2014-10-27 19:20:00+00:00,2014-10-28 16:00:00+00:00,7034.0,7083.25,41,2014-10-28 16:00:00+00:00,2014-10-28 17:40:00+00:00,7068.25,7080.5,21,0.30456852791878175,7058.625,2014-10-28 17:40:00+00:00,7080.0,1.0
5min,2014-10-30 19:40:00+00:00,2014-10-31 13:40:00+00:00,7081.75,7165.0,9,2014-10-31 13:40:00+00:00,2014-10-31 15:30:00+00:00,7138.25,7156.25,23,0.3213213213213213,7123.375,2014-10-31 15:30:00+00:00,7155.25,1.0
5min,2014-11-03 15:40:00+00:00,2014-11-03 17:15:00+00:00,7159.0,7170.5,21,2014-11-03 17:15:00+00:00,2014-11-03 17:50:00+00:00,7163.25,7169.5,8,0.6304347826086957,7164.75,2014-11-03 17:50:00+00:00,7169.5,1.0
5min,2014-11-06 17:35:00+00:00,2014-11-06 18:00:00+00:00,7143.75,7149.75,7,2014-11-06 18:00:00+00:00,2014-11-06 18:30:00+00:00,7146.25,7152.25,7,0.5833333333333334,7146.75,2014-11-06 18:30:00+00:00,7152.0,1.0
5min,2014-11-12 16:30:00+00:00,2014-11-12 18:55:00+00:00,7181.25,7195.75,31,2014-11-12 18:55:00+00:00,2014-11-12 19:15:00+00:00,7190.5,7193.75,5,0.3620689655172414,7188.5,2014-11-12 19:15:00+00:00,7193.5,1.0
5min,2014-11-14 15:55:00+00:00,2014-11-14 17:20:00+00:00,7215.25,7223.75,19,2014-11-14 17:20:00+00:00,2014-11-14 17:40:00+00:00,7216.25,7223.25,5,0.8823529411764706,7219.5,2014-11-14 17:40:00+00:00,7222.5,1.0
5min,2014-11-18 14:35:00+00:00,2014-11-18 16:25:00+00:00,7216.5,7241.5,24,2014-11-18 16:25:00+00:00,2014-11-18 16:50:00+00:00,7229.25,7237.5,6,0.49,7229.0,2014-11-18 16:50:00+00:00,7236.75,1.0
5min,2014-11-20 14:45:00+00:00,2014-11-20 17:10:00+00:00,7209.25,7246.5,31,2014-11-20 17:10:00+00:00,2014-11-21 14:30:00+00:00,7238.0,7285.0,48,0.22818791946308725,7227.875,2014-11-21 14:30:00+00:00,7282.0,1.0
5min,2014-11-24 14:40:00+00:00,2014-11-24 16:25:00+00:00,7263.0,7279.25,23,2014-11-24 16:25:00+00:00,2014-11-24 16:45:00+00:00,7272.75,7277.75,5,0.4,7271.125,2014-11-24 16:45:00+00:00,7277.5,1.0
5min,2014-11-24 16:55:00+00:00,2014-11-24 18:05:00+00:00,7274.5,7282.75,16,2014-11-24 18:05:00+00:00,2014-11-24 19:05:00+00:00,7276.75,7285.5,13,0.7272727272727273,7278.625,2014-11-24 19:05:00+00:00,7285.0,1.0
5min,2014-11-24 19:15:00+00:00,2014-11-24 20:25:00+00:00,7279.5,7285.5,16,2014-11-24 20:25:00+00:00,2014-11-24 20:55:00+00:00,7280.25,7287.25,7,0.875,7282.5,2014-11-24 20:55:00+00:00,7287.0,1.0
5min,2014-11-26 14:45:00+00:00,2014-11-26 15:05:00+00:00,7296.75,7303.5,6,2014-11-26 15:05:00+00:00,2014-11-26 15:25:00+00:00,7295.5,7304.5,5,1.1851851851851851,7300.125,2014-11-26 15:25:00+00:00,7304.0,1.0
5min,2014-11-26 15:35:00+00:00,2014-11-26 20:05:00+00:00,7302.25,7315.25,56,2014-11-26 20:05:00+00:00,2014-11-26 20:45:00+00:00,7311.25,7316.75,9,0.3076923076923077,7308.75,2014-11-26 20:45:00+00:00,7316.25,1.0
5min,2014-12-03 17:55:00+00:00,2014-12-04 14:30:00+00:00,7304.25,7321.5,40,2014-12-04 14:30:00+00:00,2014-12-04 14:50:00+00:00,7306.0,7324.5,5,0.8985507246376812,7312.875,2014-12-04 14:50:00+00:00,7321.0,1.0
5min,2014-12-09 17:35:00+00:00,2014-12-09 19:20:00+00:00,7258.25,7295.0,23,2014-12-09 19:20:00+00:00,2014-12-09 20:05:00+00:00,7278.5,7292.5,10,0.4489795918367347,7276.625,2014-12-09 20:05:00+00:00,7291.25,1.0
5min,2014-12-17 20:20:00+00:00,2014-12-18 16:05:00+00:00,7140.25,7248.25,30,2014-12-18 16:05:00+00:00,2014-12-18 16:55:00+00:00,7220.5,7240.75,11,0.2569444444444444,7194.25,2014-12-18 16:55:00+00:00,7239.5,1.0
5min,2014-12-26 14:45:00+00:00,2014-12-26 17:10:00+00:00,7304.75,7314.25,31,2014-12-26 17:10:00+00:00,2014-12-26 17:50:00+00:00,7308.75,7316.0,9,0.5789473684210527,7309.5,2014-12-26 17:50:00+00:00,7315.75,1.0
5min,2015-01-07 20:35:00+00:00,2015-01-08 17:10:00+00:00,7152.25,7242.5,40,2015-01-08 17:10:00+00:00,2015-01-08 17:45:00+00:00,7227.5,7240.5,8,0.16620498614958448,7197.375,2015-01-08 17:45:00+00:00,7238.75,1.0
5min,2015-01-16 17:25:00+00:00,2015-01-16 19:40:00+00:00,7099.25,7127.0,29,2015-01-16 19:40:00+00:00,2015-01-16 20:25:00+00:00,7113.75,7126.5,10,0.4774774774774775,7113.125,2015-01-16 20:25:00+00:00,7126.0,1.0
5min,2015-01-22 15:20:00+00:00,2015-01-22 18:20:00+00:00,7198.5,7242.0,38,2015-01-22 18:20:00+00:00,2015-01-22 18:45:00+00:00,7223.75,7238.25,6,0.41954022988505746,7220.25,2015-01-22 18:45:00+00:00,7235.0,1.0
5min,2015-01-22 18:55:00+00:00,2015-01-23 14:35:00+00:00,7228.25,7274.5,29,2015-01-23 14:35:00+00:00,2015-01-23 17:15:00+00:00,7256.5,7285.0,33,0.3891891891891892,7251.375,2015-01-23 17:15:00+00:00,7283.25,1.0
5min,2015-02-05 18:10:00+00:00,2015-02-05 19:50:00+00:00,7239.0,7252.5,22,2015-02-05 19:50:00+00:00,2015-02-05 20:30:00+00:00,7244.25,7254.5,9,0.6111111111111112,7245.75,2015-02-05 20:30:00+00:00,7254.25,1.0
5min,2015-02-09 16:15:00+00:00,2015-02-09 17:00:00+00:00,7219.0,7231.25,11,2015-02-09 17:00:00+00:00,2015-02-09 17:30:00+00:00,7222.75,7234.75,7,0.6938775510204082,7225.125,2015-02-09 17:30:00+00:00,7234.75,0.8888888888888888
5min,2015-02-10 16:05:00+00:00,2015-02-11 17:25:00+00:00,7241.75,7306.5,97,2015-02-11 17:25:00+00:00,2015-02-11 20:30:00+00:00,7280.5,7309.25,38,0.4015444015444015,7274.125,2015-02-11 20:30:00+00:00,7305.5,1.0
5min,2015-02-12 16:40:00+00:00,2015-02-12 19:20:00+00:00,7328.25,7348.0,34,2015-02-12 19:20:00+00:00,2015-02-12 19:45:00+00:00,7340.5,7346.5,6,0.379746835443038,7338.125,2015-02-12 19:45:00+00:00,7346.0,1.0
5min,2015-02-19 14:40:00+00:00,2015-02-19 17:25:00+00:00,7393.75,7420.5,35,2015-02-19 17:25:00+00:00,2015-02-19 18:55:00+00:00,7407.75,7419.25,19,0.4766355140186916,7407.125,2015-02-19 18:55:00+00:00,7418.5,1.0
5min,2015-03-13 19:45:00+00:00,2015-03-16 16:10:00+00:00,7313.0,7368.5,38,2015-03-16 16:10:00+00:00,2015-03-16 17:50:00+00:00,7354.5,7366.0,21,0.25225225225225223,7340.75,2015-03-16 17:50:00+00:00,7364.75,1.0
5min,2015-04-06 13:45:00+00:00,2015-04-06 18:10:00+00:00,7311.0,7367.25,55,2015-04-06 18:10:00+00:00,2015-04-06 18:45:00+00:00,7358.0,7365.0,8,0.16444444444444445,7339.125,2015-04-06 18:45:00+00:00,7364.75,1.0
5min,2015-04-10 14:10:00+00:00,2015-04-10 14:25:00+00:00,7407.25,7415.5,5,2015-04-10 14:25:00+00:00,2015-04-10 15:30:00+00:00,7407.25,7420.25,14,1.0,7411.375,2015-04-10 15:30:00+00:00,7419.75,1.0
5min,2015-04-10 19:30:00+00:00,2015-04-13 14:55:00+00:00,7421.75,7454.0,26,2015-04-13 14:55:00+00:00,2015-04-13 15:15:00+00:00,7444.0,7449.0,5,0.31007751937984496,7437.875,2015-04-13 15:15:00+00:00,7448.25,1.0
5min,2015-04-20 13:40:00+00:00,2015-04-20 18:15:00+00:00,7378.25,7422.75,57,2015-04-20 18:15:00+00:00,2015-04-20 18:50:00+00:00,7415.75,7422.25,8,0.15730337078651685,7400.5,2015-04-20 18:50:00+00:00,7421.75,1.0
5min,2015-04-20 19:00:00+00:00,2015-04-21 14:05:00+00:00,7419.25,7455.25,22,2015-04-21 14:05:00+00:00,2015-04-21 17:15:00+00:00,7435.25,7450.25,39,0.5555555555555556,7437.25,2015-04-21 17:15:00+00:00,7450.0,1.0
5min,2015-04-22 14:50:00+00:00,2015-04-22 17:10:00+00:00,7437.5,7454.75,30,2015-04-22 17:10:00+00:00,2015-04-22 17:45:00+00:00,7448.25,7458.0,8,0.37681159420289856,7446.125,2015-04-22 17:45:00+00:00,7457.75,1.0
5min,2015-04-23 15:10:00+00:00,2015-04-23 19:50:00+00:00,7457.25,7502.25,58,2015-04-23 19:50:00+00:00,2015-04-24 15:20:00+00:00,7481.5,7539.25,26,0.46111111111111114,7479.75,2015-04-24 15:20:00+00:00,7538.75,1.0
5min,2015-04-24 19:40:00+00:00,2015-04-24 20:00:00+00:00,7540.75,7546.0,6,2015-04-24 20:00:00+00:00,2015-04-27 14:00:00+00:00,7541.0,7567.0,8,0.9523809523809523,7543.375,2015-04-27 14:00:00+00:00,7565.5,1.0
5min,2015-05-01 16:35:00+00:00,2015-05-01 19:30:00+00:00,7452.0,7481.0,37,2015-05-01 19:30:00+00:00,2015-05-01 19:55:00+00:00,7469.5,7482.25,6,0.39655172413793105,7466.5,2015-05-01 19:55:00+00:00,7481.25,1.0
5min,2015-05-12 14:40:00+00:00,2015-05-12 16:05:00+00:00,7408.0,7437.5,19,2015-05-12 16:05:00+00:00,2015-05-12 16:40:00+00:00,7420.25,7436.75,8,0.5847457627118644,7422.75,2015-05-12 16:40:00+00:00,7435.25,0.8888888888888888
5min,2015-05-12 18:05:00+00:00,2015-05-12 18:20:00+00:00,7433.75,7442.25,5,2015-05-12 18:20:00+00:00,2015-05-12 18:40:00+00:00,7433.75,7449.75,5,1.0,7438.0,2015-05-12 18:40:00+00:00,7449.0,1.0
5min,2015-05-15 20:00:00+00:00,2015-05-18 14:20:00+00:00,7489.5,7505.5,13,2015-05-18 14:20:00+00:00,2015-05-18 15:15:00+00:00,7495.0,7509.25,12,0.65625,7497.5,2015-05-18 15:15:00+00:00,7508.5,1.0
5min,2015-05-18 15:25:00+00:00,2015-05-18 16:35:00+00:00,7508.25,7518.25,16,2015-05-18 16:35:00+00:00,2015-05-18 17:05:00+00:00,7511.5,7517.5,7,0.675,7513.25,2015-05-18 17:05:00+00:00,7517.0,1.0
5min,2015-05-19 17:20:00+00:00,2015-05-19 18:00:00+00:00,7519.75,7527.5,10,2015-05-19 18:00:00+00:00,2015-05-19 18:25:00+00:00,7524.0,7527.0,6,0.45161290322580644,7523.625,2015-05-19 18:25:00+00:00,7527.0,0.8888888888888888
5min,2015-05-21 13:35:00+00:00,2015-05-21 17:50:00+00:00,7504.5,7546.5,53,2015-05-21 17:50:00+00:00,2015-05-21 18:20:00+00:00,7533.0,7539.5,7,0.32142857142857145,7525.5,2015-05-21 18:20:00+00:00,7539.5,0.7777777777777778
5min,2015-05-26 19:40:00+00:00,2015-05-26 20:00:00+00:00,7479.25,7487.75,6,2015-05-26 20:00:00+00:00,2015-05-27 13:45:00+00:00,7483.25,7510.25,5,0.5294117647058824,7483.5,2015-05-27 13:45:00+00:00,7508.25,0.8888888888888888
5min,2015-05-27 13:55:00+00:00,2015-05-27 16:40:00+00:00,7511.5,7539.0,35,2015-05-27 16:40:00+00:00,2015-05-27 17:05:00+00:00,7530.5,7537.0,6,0.3090909090909091,7525.25,2015-05-27 17:05:00+00:00,7536.75,1.0
5min,2015-06-09 16:40:00+00:00,2015-06-09 17:50:00+00:00,7431.75,7450.5,16,2015-06-09 17:50:00+00:00,2015-06-09 18:40:00+00:00,7440.0,7450.0,11,0.56,7441.125,2015-06-09 18:40:00+00:00,7448.75,0.8888888888888888
5min,2015-06-10 13:40:00+00:00,2015-06-10 19:15:00+00:00,7452.25,7510.75,69,2015-06-10 19:15:00+00:00,2015-06-11 13:35:00+00:00,7494.5,7520.5,12,0.2777777777777778,7481.5,2015-06-11 13:35:00+00:00,7515.25,1.0
5min,2015-06-15 15:50:00+00:00,2015-06-15 16:05:00+00:00,7433.25,7440.75,5,2015-06-15 16:05:00+00:00,2015-06-15 16:25:00+00:00,7434.0,7441.75,5,0.9,7437.0,2015-06-15 16:25:00+00:00,7439.75,0.6666666666666666
5min,2015-06-15 19:45:00+00:00,2015-06-16 19:15:00+00:00,7434.0,7475.5,75,2015-06-16 19:15:00+00:00,2015-06-17 18:45:00+00:00,7450.25,7493.0,74,0.608433734939759,7454.75,2015-06-17 18:45:00+00:00,7487.25,1.0
5min,2015-06-18 13:35:00+00:00,2015-06-18 16:55:00+00:00,7494.0,7554.0,42,2015-06-18 16:55:00+00:00,2015-06-18 18:55:00+00:00,7535.5,7551.25,25,0.30833333333333335,7524.0,2015-06-18 18:55:00+00:00,7548.5,1.0
5min,2015-06-23 18:20:00+00:00,2015-06-23 18:35:00+00:00,7552.5,7556.0,5,2015-06-23 18:35:00+00:00,2015-06-23 19:35:00+00:00,7552.5,7562.75,13,1.0,7554.25,2015-06-23 19:35:00+00:00,7562.5,1.0
5min,2015-07-13 13:35:00+00:00,2015-07-13 16:45:00+00:00,7467.25,7499.25,40,2015-07-13 16:45:00+00:00,2015-07-13 17:10:00+00:00,7491.75,7497.25,6,0.234375,7483.25,2015-07-13 17:10:00+00:00,7496.5,1.0
5min,2015-07-13 18:10:00+00:00,2015-07-14 16:30:00+00:00,7495.25,7542.75,61,2015-07-14 16:30:00+00:00,2015-07-14 17:15:00+00:00,7533.5,7539.75,10,0.19473684210526315,7519.0,2015-07-14 17:15:00+00:00,7539.25,1.0
5min,2015-07-16 13:50:00+00:00,2015-07-16 17:00:00+00:00,7573.75,7597.5,40,2015-07-16 17:00:00+00:00,2015-07-16 18:35:00+00:00,7588.0,7595.5,20,0.4,7585.625,2015-07-16 18:35:00+00:00,7595.0,1.0
5min,2015-07-16 18:45:00+00:00,2015-07-17 16:05:00+00:00,7594.75,7658.5,49,2015-07-17 16:05:00+00:00,2015-07-17 18:15:00+00:00,7647.5,7657.25,27,0.17254901960784313,7626.625,2015-07-17 18:15:00+00:00,7656.75,1.0
5min,2015-07-28 16:05:00+00:00,2015-07-28 19:10:00+00:00,7548.75,7580.25,39,2015-07-28 19:10:00+00:00,2015-07-29 13:30:00+00:00,7565.75,7581.5,12,0.4603174603174603,7564.5,2015-07-29 13:30:00+00:00,7581.5,0.7777777777777778
5min,2015-07-30 15:30:00+00:00,2015-07-30 18:15:00+00:00,7583.25,7616.75,35,2015-07-30 18:15:00+00:00,2015-07-30 19:05:00+00:00,7607.25,7617.5,11,0.2835820895522388,7600.0,2015-07-30 19:05:00+00:00,7616.0,1.0
5min,2015-08-07 19:00:00+00:00,2015-08-07 19:50:00+00:00,7514.5,7539.25,12,2015-08-07 19:50:00+00:00,2015-08-10 13:35:00+00:00,7526.5,7580.0,5,0.5151515151515151,7526.875,2015-08-10 13:35:00+00:00,7577.0,1.0
5min,2015-08-10 15:05:00+00:00,2015-08-10 17:00:00+00:00,7575.0,7591.75,25,2015-08-10 17:00:00+00:00,2015-08-10 18:15:00+00:00,7583.0,7591.25,16,0.5223880597014925,7583.375,2015-08-10 18:15:00+00:00,7591.25,1.0
5min,2015-08-12 16:35:00+00:00,2015-08-12 17:40:00+00:00,7480.25,7516.75,15,2015-08-12 17:40:00+00:00,2015-08-12 18:45:00+00:00,7504.5,7539.25,14,0.3356164383561644,7498.5,2015-08-12 18:45:00+00:00,7538.5,1.0
5min,2015-08-13 15:40:00+00:00,2015-08-13 17:45:00+00:00,7547.75,7572.25,27,2015-08-13 17:45:00+00:00,2015-08-13 18:15:00+00:00,7557.5,7567.0,7,0.6020408163265306,7560.0,2015-08-13 18:15:00+00:00,7567.0,1.0
5min,2015-08-17 14:20:00+00:00,2015-08-17 19:25:00+00:00,7541.5,7582.5,63,2015-08-17 19:25:00+00:00,2015-08-17 19:55:00+00:00,7575.5,7582.0,7,0.17073170731707318,7562.0,2015-08-17 19:55:00+00:00,7582.0,1.0
5min,2015-08-26 17:30:00+00:00,2015-08-27 14:00:00+00:00,7113.75,7318.5,39,2015-08-27 14:00:00+00:00,2015-08-27 14:25:00+00:00,7279.5,7313.0,6,0.19047619047619047,7216.125,2015-08-27 14:25:00+00:00,7312.5,1.0
5min,2015-08-27 19:35:00+00:00,2015-08-28 13:55:00+00:00,7289.5,7343.25,13,2015-08-28 13:55:00+00:00,2015-08-28 15:20:00+00:00,7311.0,7345.0,18,0.6,7316.375,2015-08-28 15:20:00+00:00,7344.5,1.0
5min,2015-09-15 14:00:00+00:00,2015-09-15 19:55:00+00:00,7331.5,7391.5,73,2015-09-15 19:55:00+00:00,2015-09-16 15:25:00+00:00,7362.5,7390.25,26,0.48333333333333334,7361.5,2015-09-16 15:25:00+00:00,7387.5,1.0
5min,2015-09-30 17:25:00+00:00,2015-09-30 18:40:00+00:00,7161.5,7186.5,17,2015-09-30 18:40:00+00:00,2015-09-30 19:00:00+00:00,7163.0,7185.25,5,0.94,7174.0,2015-09-30 19:00:00+00:00,7183.25,1.0
5min,2015-10-01 18:15:00+00:00,2015-10-01 18:50:00+00:00,7172.0,7188.75,9,2015-10-01 18:50:00+00:00,2015-10-01 19:50:00+00:00,7174.5,7202.5,13,0.8507462686567164,7180.375,2015-10-01 19:50:00+00:00,7201.75,0.8888888888888888
5min,2015-10-02 16:15:00+00:00,2015-10-02 18:00:00+00:00,7200.75,7250.0,23,2015-10-02 18:00:00+00:00,2015-10-02 18:30:00+00:00,7225.25,7246.75,7,0.5025380710659898,7225.375,2015-10-02 18:30:00+00:00,7242.25,1.0
5min,2015-10-02 18:40:00+00:00,2015-10-05 15:45:00+00:00,7235.25,7334.25,46,2015-10-05 15:45:00+00:00,2015-10-05 16:10:00+00:00,7316.25,7333.0,6,0.18181818181818182,7284.75,2015-10-05 16:10:00+00:00,7327.5,1.0
5min,2015-10-08 18:05:00+00:00,2015-10-09 13:35:00+00:00,7313.25,7375.75,27,2015-10-09 13:35:00+00:00,2015-10-09 14:40:00+00:00,7358.75,7392.25,14,0.272,7344.5,2015-10-09 14:40:00+00:00,7389.25,1.0
5min,2015-10-19 13:55:00+00:00,2015-10-19 16:25:00+00:00,7448.75,7482.5,32,2015-10-19 16:25:00+00:00,2015-10-19 16:45:00+00:00,7468.0,7477.25,5,0.42962962962962964,7465.625,2015-10-19 16:45:00+00:00,7476.5,1.0
5min,2015-10-22 13:35:00+00:00,2015-10-22 17:45:00+00:00,7456.75,7524.0,52,2015-10-22 17:45:00+00:00,2015-10-22 19:05:00+00:00,7494.5,7520.5,17,0.43866171003717475,7490.375,2015-10-22 19:05:00+00:00,7520.25,1.0
5min,2015-10-22 19:15:00+00:00,2015-10-23 13:40:00+00:00,7508.75,7642.5,14,2015-10-23 13:40:00+00:00,2015-10-23 14:00:00+00:00,7618.0,7648.75,5,0.18317757009345795,7575.625,2015-10-23 14:00:00+00:00,7645.25,1.0
5min,2015-10-23 15:10:00+00:00,2015-10-23 16:00:00+00:00,7619.0,7633.0,12,2015-10-23 16:00:00+00:00,2015-10-23 16:20:00+00:00,7616.25,7634.5,5,1.1964285714285714,7626.0,2015-10-23 16:20:00+00:00,7633.0,0.8888888888888888
5min,2015-11-18 14:55:00+00:00,2015-11-18 17:45:00+00:00,7616.0,7643.0,36,2015-11-18 17:45:00+00:00,2015-11-18 18:10:00+00:00,7631.0,7641.5,6,0.4444444444444444,7629.5,2015-11-18 18:10:00+00:00,7641.25,1.0
5min,2015-11-18 18:20:00+00:00,2015-11-19 14:35:00+00:00,7636.25,7686.0,36,2015-11-19 14:35:00+00:00,2015-11-19 18:00:00+00:00,7674.25,7701.0,42,0.23618090452261306,7661.125,2015-11-19 18:00:00+00:00,7700.25,1.0
5min,2015-12-01 16:30:00+00:00,2015-12-01 16:45:00+00:00,7718.0,7729.75,5,2015-12-01 16:45:00+00:00,2015-12-01 17:25:00+00:00,7718.0,7732.25,9,1.0,7723.875,2015-12-01 17:25:00+00:00,7732.0,1.0
5min,2015-12-01 19:10:00+00:00,2015-12-02 14:35:00+00:00,7722.5,7749.5,26,2015-12-02 14:35:00+00:00,2015-12-02 15:00:00+00:00,7743.75,7764.25,6,0.21296296296296297,7736.0,2015-12-02 15:00:00+00:00,7763.5,1.0
5min,2015-12-04 14:45:00+00:00,2015-12-04 16:50:00+00:00,7659.0,7715.25,27,2015-12-04 16:50:00+00:00,2015-12-04 17:15:00+00:00,7695.75,7710.25,6,0.3466666666666667,7687.125,2015-12-04 17:15:00+00:00,7709.0,1.0
5min,2015-12-04 17:25:00+00:00,2015-12-04 19:25:00+00:00,7703.75,7739.75,26,2015-12-04 19:25:00+00:00,2015-12-04 19:45:00+00:00,7730.0,7742.25,5,0.2708333333333333,7721.75,2015-12-04 19:45:00+00:00,7742.25,1.0
5min,2015-12-14 20:30:00+00:00,2015-12-15 16:05:00+00:00,7572.5,7664.0,28,2015-12-15 16:05:00+00:00,2015-12-15 17:35:00+00:00,7628.0,7662.75,19,0.39344262295081966,7618.25,2015-12-15 17:35:00+00:00,7660.0,1.0
5min,2015-12-22 17:40:00+00:00,2015-12-22 20:50:00+00:00,7594.25,7622.75,40,2015-12-22 20:50:00+00:00,2015-12-23 15:05:00+00:00,7604.25,7649.5,11,0.6491228070175439,7608.5,2015-12-23 15:05:00+00:00,7647.25,1.0
5min,2015-12-28 19:10:00+00:00,2015-12-28 20:20:00+00:00,7633.0,7641.75,16,2015-12-28 20:20:00+00:00,2015-12-28 20:55:00+00:00,7634.75,7646.25,8,0.8,7637.375,2015-12-28 20:55:00+00:00,7645.75,1.0
5min,2016-01-06 14:45:00+00:00,2016-01-06 15:40:00+00:00,7449.75,7485.25,13,2016-01-06 15:40:00+00:00,2016-01-06 16:00:00+00:00,7464.75,7480.75,5,0.5774647887323944,7467.5,2016-01-06 16:00:00+00:00,7479.5,0.7777777777777778
5min,2016-01-20 18:40:00+00:00,2016-01-20 19:35:00+00:00,7070.25,7133.5,13,2016-01-20 19:35:00+00:00,2016-01-20 19:55:00+00:00,7097.25,7133.75,5,0.5731225296442688,7101.875,2016-01-20 19:55:00+00:00,7130.25,0.8888888888888888
5min,2016-01-21 20:40:00+00:00,2016-01-22 16:00:00+00:00,7164.75,7277.25,25,2016-01-22 16:00:00+00:00,2016-01-22 18:00:00+00:00,7243.0,7270.25,25,0.30444444444444446,7221.0,2016-01-22 18:00:00+00:00,7268.75,1.0
5min,2016-01-28 18:40:00+00:00,2016-01-28 19:00:00+00:00,7189.25,7209.5,6,2016-01-28 19:00:00+00:00,2016-01-28 19:30:00+00:00,7189.25,7220.25,7,1.0,7199.375,2016-01-28 19:30:00+00:00,7219.25,1.0
5min,2016-01-28 20:15:00+00:00,2016-01-29 18:35:00+00:00,7203.25,7280.25,61,2016-01-29 18:35:00+00:00,2016-01-29 19:30:00+00:00,7268.75,7284.75,12,0.14935064935064934,7241.75,2016-01-29 19:30:00+00:00,7284.25,1.0
5min,2016-02-01 18:20:00+00:00,2016-02-01 19:15:00+00:00,7281.25,7301.25,13,2016-02-01 19:15:00+00:00,2016-02-01 19:40:00+00:00,7286.5,7303.25,6,0.7375,7291.25,2016-02-01 19:40:00+00:00,7302.75,1.0
5min,2016-02-12 19:10:00+00:00,2016-02-15 14:35:00+00:00,7021.25,7106.5,26,2016-02-15 14:35:00+00:00,2016-02-15 15:05:00+00:00,7100.25,7114.75,7,0.07331378299120235,7063.875,2016-02-15 15:05:00+00:00,7113.25,1.0
5min,2016-02-16 17:55:00+00:00,2016-02-17 14:45:00+00:00,7110.75,7178.25,43,2016-02-17 14:45:00+00:00,2016-02-17 15:15:00+00:00,7156.75,7191.0,7,0.31851851851851853,7144.5,2016-02-17 15:15:00+00:00,7190.0,1.0
5min,2016-02-17 15:25:00+00:00,2016-02-17 20:00:00+00:00,7193.0,7237.75,57,2016-02-17 20:00:00+00:00,2016-02-17 20:55:00+00:00,7217.0,7231.5,12,0.46368715083798884,7215.375,2016-02-17 20:55:00+00:00,7230.75,1.0
5min,2016-02-19 20:35:00+00:00,2016-02-22 14:35:00+00:00,7190.75,7237.25,9,2016-02-22 14:35:00+00:00,2016-02-22 15:05:00+00:00,7230.5,7260.75,7,0.14516129032258066,7214.0,2016-02-22 15:05:00+00:00,7259.25,1.0
5min,2016-02-22 16:10:00+00:00,2016-02-22 18:20:00+00:00,7242.5,7264.25,28,2016-02-22 18:20:00+00:00,2016-02-22 18:40:00+00:00,7253.25,7266.0,5,0.5057471264367817,7253.375,2016-02-22 18:40:00+00:00,7265.25,1.0
5min,2016-03-02 19:40:00+00:00,2016-03-02 20:10:00+00:00,7344.0,7358.5,8,2016-03-02 20:10:00+00:00,2016-03-02 20:55:00+00:00,7344.0,7361.25,10,1.0,7351.25,2016-03-02 20:55:00+00:00,7361.0,0.8888888888888888
5min,2016-03-07 16:15:00+00:00,2016-03-07 17:20:00+00:00,7335.75,7363.75,15,2016-03-07 17:20:00+00:00,2016-03-07 17:45:00+00:00,7348.75,7358.0,6,0.5357142857142857,7349.75,2016-03-07 17:45:00+00:00,7357.75,1.0
5min,2016-03-09 20:40:00+00:00,2016-03-10 14:35:00+00:00,7315.5,7352.75,8,2016-03-10 14:35:00+00:00,2016-03-10 14:55:00+00:00,7333.25,7361.75,5,0.5234899328859061,7334.125,2016-03-10 14:55:00+00:00,7359.25,0.8888888888888888
5min,2016-03-11 18:25:00+00:00,2016-03-11 18:45:00+00:00,7370.0,7374.5,6,2016-03-11 18:45:00+00:00,2016-03-11 19:05:00+00:00,7368.25,7382.0,5,1.3888888888888888,7372.25,2016-03-11 19:05:00+00:00,7381.25,1.0
5min,2016-03-11 19:15:00+00:00,2016-03-14 18:05:00+00:00,7373.75,7409.5,79,2016-03-14 18:05:00+00:00,2016-03-14 18:50:00+00:00,7397.25,7408.0,10,0.34265734265734266,7391.625,2016-03-14 18:50:00+00:00,7407.75,1.0
5min,2016-03-17 18:55:00+00:00,2016-03-17 19:20:00+00:00,7427.0,7436.75,7,2016-03-17 19:20:00+00:00,2016-03-17 19:40:00+00:00,7429.0,7445.0,5,0.7948717948717948,7431.875,2016-03-17 19:40:00+00:00,7444.5,1.0
5min,2016-03-22 14:00:00+00:00,2016-03-22 16:00:00+00:00,7449.5,7470.75,26,2016-03-22 16:00:00+00:00,2016-03-22 16:30:00+00:00,7459.25,7470.25,7,0.5411764705882353,7460.125,2016-03-22 16:30:00+00:00,7469.25,1.0
5min,2016-03-24 18:30:00+00:00,2016-03-24 19:10:00+00:00,7424.25,7436.0,10,2016-03-24 19:10:00+00:00,2016-03-24 19:30:00+00:00,7429.75,7440.0,5,0.5319148936170213,7430.125,2016-03-24 19:30:00+00:00,7438.5,0.8888888888888888
5min,2016-03-29 14:10:00+00:00,2016-03-30 13:35:00+00:00,7430.0,7530.75,74,2016-03-30 13:35:00+00:00,2016-04-01 18:40:00+00:00,7484.25,7557.25,220,0.46153846153846156,7480.375,2016-04-01 18:40:00+00:00,7555.5,1.0
5min,2016-04-06 14:45:00+00:00,2016-04-06 18:10:00+00:00,7522.0,7562.5,43,2016-04-06 18:10:00+00:00,2016-04-06 19:00:00+00:00,7545.0,7561.75,11,0.43209876543209874,7542.25,2016-04-06 19:00:00+00:00,7560.75,1.0
5min,2016-04-11 16:05:00+00:00,2016-04-11 16:40:00+00:00,7523.75,7534.75,9,2016-04-11 16:40:00+00:00,2016-04-11 17:15:00+00:00,7524.5,7544.25,8,0.9318181818181818,7529.25,2016-04-11 17:15:00+00:00,7543.25,1.0
5min,2016-04-12 16:15:00+00:00,2016-04-12 19:45:00+00:00,7508.0,7540.25,44,2016-04-12 19:45:00+00:00,2016-04-13 13:30:00+00:00,7524.75,7567.25,5,0.4806201550387597,7524.125,2016-04-13 13:30:00+00:00,7565.0,0.6666666666666666
5min,2016-04-13 18:15:00+00:00,2016-04-13 19:00:00+00:00,7573.5,7582.75,11,2016-04-13 19:00:00+00:00,2016-04-13 19:35:00+00:00,7574.0,7596.25,8,0.9459459459459459,7578.125,2016-04-13 19:35:00+00:00,7596.0,1.0
5min,2016-04-14 14:25:00+00:00,2016-04-14 15:30:00+00:00,7582.25,7594.25,15,2016-04-14 15:30:00+00:00,2016-04-14 15:50:00+00:00,7582.25,7598.75,5,1.0,7588.25,2016-04-14 15:50:00+00:00,7598.25,1.0
5min,2016-04-20 15:05:00+00:00,2016-04-20 17:15:00+00:00,7574.5,7596.5,28,2016-04-20 17:15:00+00:00,2016-04-20 17:35:00+00:00,7584.0,7591.75,5,0.5681818181818182,7585.5,2016-04-20 17:35:00+00:00,7590.25,1.0
5min,2016-05-06 17:05:00+00:00,2016-05-06 19:50:00+00:00,7333.5,7366.25,35,2016-05-06 19:50:00+00:00,2016-05-09 14:00:00+00:00,7357.0,7391.25,10,0.2824427480916031,7349.875,2016-05-09 14:00:00+00:00,7391.0,1.0
5min,2016-05-10 13:35:00+00:00,2016-05-10 17:20:00+00:00,7386.25,7430.25,47,2016-05-10 17:20:00+00:00,2016-05-10 17:45:00+00:00,7422.5,7426.0,6,0.17613636363636365,7408.25,2016-05-10 17:45:00+00:00,7426.0,1.0
5min,2016-05-18 13:50:00+00:00,2016-05-18 15:00:00+00:00,7363.25,7393.75,16,2016-05-18 15:00:00+00:00,2016-05-18 15:50:00+00:00,7378.0,7393.5,11,0.5163934426229508,7378.5,2016-05-18 15:50:00+00:00,7392.5,1.0
5min,2016-05-18 16:25:00+00:00,2016-05-18 16:50:00+00:00,7378.75,7385.5,7,2016-05-18 16:50:00+00:00,2016-05-18 17:25:00+00:00,7379.75,7401.25,8,0.8518518518518519,7382.125,2016-05-18 17:25:00+00:00,7400.75,1.0
5min,2016-05-19 19:10:00+00:00,2016-05-19 19:35:00+00:00,7344.5,7360.25,7,2016-05-19 19:35:00+00:00,2016-05-20 13:45:00+00:00,7351.25,7390.75,10,0.5714285714285714,7352.375,2016-05-20 13:45:00+00:00,7389.5,1.0
5min,2016-05-24 13:35:00+00:00,2016-05-24 17:45:00+00:00,7420.5,7482.5,52,2016-05-24 17:45:00+00:00,2016-05-24 18:15:00+00:00,7476.25,7485.75,7,0.10080645161290322,7451.5,2016-05-24 18:15:00+00:00,7484.25,1.0
5min,2016-06-23 14:50:00+00:00,2016-06-23 16:50:00+00:00,7473.75,7497.0,26,2016-06-23 16:50:00+00:00,2016-06-23 17:10:00+00:00,7487.5,7493.0,5,0.40860215053763443,7485.375,2016-06-23 17:10:00+00:00,7492.75,1.0
5min,2016-06-28 18:35:00+00:00,2016-06-29 16:55:00+00:00,7296.25,7407.25,61,2016-06-29 16:55:00+00:00,2016-06-29 17:45:00+00:00,7395.5,7404.0,11,0.10585585585585586,7351.75,2016-06-29 17:45:00+00:00,7404.0,1.0
5min,2016-06-30 14:45:00+00:00,2016-06-30 19:50:00+00:00,7409.75,7459.25,63,2016-06-30 19:50:00+00:00,2016-07-01 13:40:00+00:00,7447.0,7473.0,6,0.2474747474747475,7434.5,2016-07-01 13:40:00+00:00,7472.25,1.0
5min,2016-07-06 14:45:00+00:00,2016-07-06 17:30:00+00:00,7435.0,7488.25,35,2016-07-06 17:30:00+00:00,2016-07-06 18:40:00+00:00,7466.5,7485.75,15,0.4084507042253521,7461.625,2016-07-06 18:40:00+00:00,7484.75,1.0
5min,2016-07-07 19:15:00+00:00,2016-07-08 16:30:00+00:00,7491.0,7564.5,48,2016-07-08 16:30:00+00:00,2016-07-08 17:35:00+00:00,7556.25,7565.25,14,0.11224489795918367,7527.75,2016-07-08 17:35:00+00:00,7564.0,1.0
5min,2016-07-08 19:55:00+00:00,2016-07-11 16:30:00+00:00,7568.0,7608.5,40,2016-07-11 16:30:00+00:00,2016-07-12 13:45:00+00:00,7596.5,7632.75,47,0.2962962962962963,7588.25,2016-07-12 13:45:00+00:00,7631.0,1.0
5min,2016-07-12 14:50:00+00:00,2016-07-12 15:05:00+00:00,7619.0,7624.25,5,2016-07-12 15:05:00+00:00,2016-07-12 15:30:00+00:00,7619.0,7627.0,6,1.0,7621.625,2016-07-12 15:30:00+00:00,7625.25,1.0
5min,2016-07-18 14:00:00+00:00,2016-07-18 16:35:00+00:00,7639.0,7672.5,33,2016-07-18 16:35:00+00:00,2016-07-18 17:35:00+00:00,7659.25,7666.75,13,0.39552238805970147,7655.75,2016-07-18 17:35:00+00:00,7666.5,1.0
5min,2016-07-20 13:55:00+00:00,2016-07-20 16:40:00+00:00,7675.5,7703.25,35,2016-07-20 16:40:00+00:00,2016-07-20 17:25:00+00:00,7698.75,7703.25,10,0.16216216216216217,7689.375,2016-07-20 17:25:00+00:00,7703.25,1.0
5min,2016-07-22 14:10:00+00:00,2016-07-22 15:20:00+00:00,7692.75,7705.75,16,2016-07-22 15:20:00+00:00,2016-07-22 15:50:00+00:00,7697.75,7707.5,7,0.6153846153846154,7699.25,2016-07-22 15:50:00+00:00,7707.25,1.0
5min,2016-08-04 18:50:00+00:00,2016-08-05 16:00:00+00:00,7787.75,7848.5,47,2016-08-05 16:00:00+00:00,2016-08-05 16:35:00+00:00,7842.25,7846.75,8,0.102880658436214,7818.125,2016-08-05 16:35:00+00:00,7846.5,1.0
5min,2016-08-08 19:35:00+00:00,2016-08-09 15:45:00+00:00,7825.25,7858.5,35,2016-08-09 15:45:00+00:00,2016-08-09 16:10:00+00:00,7852.5,7857.5,6,0.18045112781954886,7841.875,2016-08-09 16:10:00+00:00,7857.25,1.0
5min,2016-08-12 18:30:00+00:00,2016-08-15 16:05:00+00:00,7845.5,7885.25,52,2016-08-15 16:05:00+00:00,2016-08-15 16:25:00+00:00,7880.25,7884.25,5,0.12578616352201258,7865.375,2016-08-15 16:25:00+00:00,7884.0,1.0
5min,2016-08-19 14:30:00+00:00,2016-08-19 15:45:00+00:00,7853.0,7867.5,17,2016-08-19 15:45:00+00:00,2016-08-19 16:05:00+00:00,7859.5,7866.0,5,0.5517241379310345,7860.25,2016-08-19 16:05:00+00:00,7865.5,1.0
5min,2016-09-06 14:40:00+00:00,2016-09-06 17:15:00+00:00,7853.0,7878.5,33,2016-09-06 17:15:00+00:00,2016-09-06 19:55:00+00:00,7868.75,7877.5,33,0.38235294117647056,7865.75,2016-09-06 19:55:00+00:00,7876.5,1.0
5min,2016-09-07 19:10:00+00:00,2016-09-07 19:40:00+00:00,7874.75,7880.5,8,2016-09-07 19:40:00+00:00,2016-09-07 20:00:00+00:00,7877.5,7882.0,5,0.5217391304347826,7877.625,2016-09-07 20:00:00+00:00,7881.75,1.0
5min,2016-09-12 13:40:00+00:00,2016-09-12 14:55:00+00:00,7729.75,7768.75,17,2016-09-12 14:55:00+00:00,2016-09-12 15:40:00+00:00,7756.5,7783.75,10,0.3141025641025641,7749.25,2016-09-12 15:40:00+00:00,7781.75,1.0
5min,2016-09-13 19:25:00+00:00,2016-09-14 13:30:00+00:00,7763.25,7785.5,10,2016-09-14 13:30:00+00:00,2016-09-14 14:10:00+00:00,7777.75,7804.0,9,0.34831460674157305,7774.375,2016-09-14 14:10:00+00:00,7802.5,1.0
5min,2016-09-15 13:35:00+00:00,2016-09-15 16:45:00+00:00,7796.5,7861.75,40,2016-09-15 16:45:00+00:00,2016-09-15 17:05:00+00:00,7848.25,7858.5,5,0.20689655172413793,7829.125,2016-09-15 17:05:00+00:00,7857.25,1.0
5min,2016-09-16 18:40:00+00:00,2016-09-19 13:35:00+00:00,7857.75,7885.5,20,2016-09-19 13:35:00+00:00,2016-09-19 14:00:00+00:00,7879.25,7894.0,6,0.22522522522522523,7871.625,2016-09-19 14:00:00+00:00,7893.5,1.0
5min,2016-09-20 18:05:00+00:00,2016-09-20 18:30:00+00:00,7859.25,7864.75,7,2016-09-20 18:30:00+00:00,2016-09-20 19:00:00+00:00,7859.25,7868.75,7,1.0,7862.0,2016-09-20 19:00:00+00:00,7866.75,0.8888888888888888
5min,2016-09-21 18:45:00+00:00,2016-09-22 14:15:00+00:00,7875.25,7936.5,27,2016-09-22 14:15:00+00:00,2016-09-22 14:35:00+00:00,7928.5,7943.25,5,0.1306122448979592,7905.875,2016-09-22 14:35:00+00:00,7942.25,1.0
5min,2016-09-27 15:15:00+00:00,2016-09-27 18:50:00+00:00,7889.5,7919.75,45,2016-09-27 18:50:00+00:00,2016-09-27 19:45:00+00:00,7908.75,7919.0,12,0.36363636363636365,7904.625,2016-09-27 19:45:00+00:00,7919.0,1.0
5min,2016-09-28 17:30:00+00:00,2016-09-28 18:10:00+00:00,7910.0,7919.25,10,2016-09-28 18:10:00+00:00,2016-09-28 19:55:00+00:00,7912.25,7927.0,22,0.7567567567567568,7914.625,2016-09-28 19:55:00+00:00,7927.0,1.0
5min,2016-09-30 14:40:00+00:00,2016-09-30 17:20:00+00:00,7906.25,7935.5,34,2016-09-30 17:20:00+00:00,2016-09-30 17:45:00+00:00,7926.0,7933.0,6,0.3247863247863248,7920.875,2016-09-30 17:45:00+00:00,7932.75,1.0
5min,2016-10-19 13:35:00+00:00,2016-10-19 14:05:00+00:00,7879.5,7890.0,8,2016-10-19 14:05:00+00:00,2016-10-19 14:30:00+00:00,7881.25,7892.5,6,0.8333333333333334,7884.75,2016-10-19 14:30:00+00:00,7891.0,1.0
5min,2016-10-21 17:50:00+00:00,2016-10-21 19:45:00+00:00,7895.75,7902.5,25,2016-10-21 19:45:00+00:00,2016-10-24 13:30:00+00:00,7896.75,7932.75,5,0.8518518518518519,7899.125,2016-10-24 13:30:00+00:00,7932.0,1.0
5min,2016-10-24 13:40:00+00:00,2016-10-24 16:05:00+00:00,7931.0,7954.0,31,2016-10-24 16:05:00+00:00,2016-10-24 17:10:00+00:00,7945.0,7950.0,14,0.391304347826087,7942.5,2016-10-24 17:10:00+00:00,7949.75,1.0
5min,2016-10-28 13:50:00+00:00,2016-10-28 15:10:00+00:00,7868.0,7898.5,18,2016-10-28 15:10:00+00:00,2016-10-28 16:25:00+00:00,7881.25,7894.25,16,0.5655737704918032,7883.25,2016-10-28 16:25:00+00:00,7894.0,1.0
5min,2016-11-04 14:10:00+00:00,2016-11-04 15:40:00+00:00,7723.25,7746.75,20,2016-11-04 15:40:00+00:00,2016-11-04 16:05:00+00:00,7733.0,7742.25,6,0.5851063829787234,7735.0,2016-11-04 16:05:00+00:00,7741.0,0.8888888888888888
5min,2016-11-07 14:45:00+00:00,2016-11-07 19:15:00+00:00,7788.0,7829.25,56,2016-11-07 19:15:00+00:00,2016-11-07 20:50:00+00:00,7811.25,7827.75,20,0.43636363636363634,7808.625,2016-11-07 20:50:00+00:00,7827.75,1.0
5min,2016-11-09 18:40:00+00:00,2016-11-09 19:05:00+00:00,7841.75,7863.75,7,2016-11-09 19:05:00+00:00,2016-11-09 19:25:00+00:00,7841.75,7865.25,5,1.0,7852.75,2016-11-09 19:25:00+00:00,7865.0,1.0
5min,2016-11-15 18:05:00+00:00,2016-11-15 18:30:00+00:00,7797.0,7806.75,7,2016-11-15 18:30:00+00:00,2016-11-15 19:15:00+00:00,7800.75,7821.25,10,0.6153846153846154,7801.875,2016-11-15 19:15:00+00:00,7819.0,1.0
5min,2016-11-16 14:40:00+00:00,2016-11-16 18:10:00+00:00,7804.5,7850.0,44,2016-11-16 18:10:00+00:00,2016-11-16 18:40:00+00:00,7834.75,7845.75,7,0.33516483516483514,7827.25,2016-11-16 18:40:00+00:00,7844.25,1.0
5min,2016-11-16 19:40:00+00:00,2016-11-17 14:35:00+00:00,7833.25,7851.25,20,2016-11-17 14:35:00+00:00,2016-11-17 16:15:00+00:00,7833.25,7862.0,21,1.0,7842.25,2016-11-17 16:15:00+00:00,7859.75,1.0
5min,2016-11-21 14:40:00+00:00,2016-11-21 19:10:00+00:00,7878.0,7912.5,56,2016-11-21 19:10:00+00:00,2016-11-21 20:50:00+00:00,7904.75,7916.0,21,0.2246376811594203,7895.25,2016-11-21 20:50:00+00:00,7915.5,1.0
5min,2016-11-23 20:40:00+00:00,2016-11-24 15:25:00+00:00,7900.5,7907.75,18,2016-11-24 15:25:00+00:00,2016-11-24 15:55:00+00:00,7905.25,7908.25,7,0.3448275862068966,7904.125,2016-11-24 15:55:00+00:00,7908.0,0.8888888888888888
5min,2016-11-29 15:30:00+00:00,2016-11-29 18:20:00+00:00,7920.25,7953.0,36,2016-11-29 18:20:00+00:00,2016-11-29 18:55:00+00:00,7942.75,7949.0,8,0.31297709923664124,7936.625,2016-11-29 18:55:00+00:00,7948.5,1.0
5min,2016-12-07 16:45:00+00:00,2016-12-08 16:40:00+00:00,7837.5,7923.5,80,2016-12-08 16:40:00+00:00,2016-12-08 17:25:00+00:00,7909.0,7922.0,10,0.1686046511627907,7880.5,2016-12-08 17:25:00+00:00,7920.25,1.0
5min,2016-12-08 20:40:00+00:00,2016-12-09 16:00:00+00:00,7909.25,7953.5,25,2016-12-09 16:00:00+00:00,2016-12-09 21:00:00+00:00,7934.75,7951.0,61,0.423728813559322,7931.375,2016-12-09 21:00:00+00:00,7951.0,1.0
5min,2016-12-12 20:05:00+00:00,2016-12-12 20:35:00+00:00,7919.25,7924.5,8,2016-12-12 20:35:00+00:00,2016-12-12 20:55:00+00:00,7920.75,7929.0,5,0.7142857142857143,7921.875,2016-12-12 20:55:00+00:00,7927.5,0.7777777777777778
5min,2016-12-15 14:40:00+00:00,2016-12-15 17:10:00+00:00,7984.75,8018.25,32,2016-12-15 17:10:00+00:00,2016-12-15 18:25:00+00:00,7999.25,8013.75,16,0.5671641791044776,8001.5,2016-12-15 18:25:00+00:00,8012.75,1.0
5min,2017-01-03 20:45:00+00:00,2017-01-04 15:35:00+00:00,7950.25,7990.25,19,2017-01-04 15:35:00+00:00,2017-01-04 16:40:00+00:00,7973.25,7988.5,14,0.425,7970.25,2017-01-04 16:40:00+00:00,7988.0,1.0
5min,2017-01-05 16:25:00+00:00,2017-01-05 19:00:00+00:00,7996.25,8012.25,33,2017-01-05 19:00:00+00:00,2017-01-05 20:15:00+00:00,8007.75,8015.25,16,0.28125,8004.25,2017-01-05 20:15:00+00:00,8015.0,1.0
5min,2017-01-06 15:00:00+00:00,2017-01-06 19:55:00+00:00,8022.25,8074.0,61,2017-01-06 19:55:00+00:00,2017-01-09 14:35:00+00:00,8058.5,8069.75,16,0.2995169082125604,8048.125,2017-01-09 14:35:00+00:00,8069.75,1.0
5min,2017-01-09 14:45:00+00:00,2017-01-09 19:00:00+00:00,8061.25,8083.0,53,2017-01-09 19:00:00+00:00,2017-01-09 20:10:00+00:00,8071.75,8080.75,15,0.5172413793103449,8072.125,2017-01-09 20:10:00+00:00,8080.5,1.0
5min,2017-01-12 17:40:00+00:00,2017-01-12 18:30:00+00:00,8073.75,8083.25,12,2017-01-12 18:30:00+00:00,2017-01-12 18:50:00+00:00,8076.5,8087.25,5,0.7105263157894737,8078.5,2017-01-12 18:50:00+00:00,8086.75,0.7777777777777778
5min,2017-01-12 20:30:00+00:00,2017-01-13 17:25:00+00:00,8086.0,8119.75,44,2017-01-13 17:25:00+00:00,2017-01-13 18:05:00+00:00,8108.5,8117.25,9,0.3333333333333333,8102.875,2017-01-13 18:05:00+00:00,8116.5,1.0
5min,2017-01-24 15:20:00+00:00,2017-01-24 16:30:00+00:00,8123.0,8131.75,16,2017-01-24 16:30:00+00:00,2017-01-24 17:15:00+00:00,8125.5,8134.0,10,0.7142857142857143,8127.375,2017-01-24 17:15:00+00:00,8133.75,1.0
5min,2017-01-24 17:25:00+00:00,2017-01-24 21:00:00+00:00,8131.25,8160.5,45,2017-01-24 21:00:00+00:00,2017-01-25 15:10:00+00:00,8150.75,8190.25,10,0.3333333333333333,8145.875,2017-01-25 15:10:00+00:00,8190.0,1.0
5min,2017-02-01 17:10:00+00:00,2017-02-01 17:25:00+00:00,8187.0,8190.75,5,2017-02-01 17:25:00+00:00,2017-02-01 18:10:00+00:00,8187.0,8199.5,10,1.0,8188.875,2017-02-01 18:10:00+00:00,8199.0,1.0
5min,2017-02-01 19:15:00+00:00,2017-02-02 14:40:00+00:00,8180.0,8210.5,26,2017-02-02 14:40:00+00:00,2017-02-02 15:00:00+00:00,8180.0,8209.0,5,1.0,8195.25,2017-02-02 15:00:00+00:00,8208.75,1.0
5min,2017-02-06 18:55:00+00:00,2017-02-07 16:25:00+00:00,8208.5,8248.5,51,2017-02-07 16:25:00+00:00,2017-02-07 16:55:00+00:00,8237.0,8243.75,7,0.2875,8228.5,2017-02-07 16:55:00+00:00,8243.0,1.0
5min,2017-02-08 17:55:00+00:00,2017-02-08 20:05:00+00:00,8240.75,8251.25,28,2017-02-08 20:05:00+00:00,2017-02-08 20:30:00+00:00,8244.75,8252.0,6,0.6190476190476191,8246.0,2017-02-08 20:30:00+00:00,8251.75,1.0
5min,2017-02-08 20:40:00+00:00,2017-02-09 17:30:00+00:00,8245.75,8275.0,43,2017-02-09 17:30:00+00:00,2017-02-09 19:00:00+00:00,8263.5,8271.75,19,0.39316239316239315,8260.375,2017-02-09 19:00:00+00:00,8271.75,1.0
5min,2017-02-13 14:35:00+00:00,2017-02-13 16:10:00+00:00,8295.25,8307.25,21,2017-02-13 16:10:00+00:00,2017-02-13 17:35:00+00:00,8300.75,8310.5,18,0.5416666666666666,8301.25,2017-02-13 17:35:00+00:00,8310.25,1.0
5min,2017-02-14 17:00:00+00:00,2017-02-14 19:55:00+00:00,8311.0,8328.75,37,2017-02-14 19:55:00+00:00,2017-02-14 20:45:00+00:00,8320.0,8326.0,11,0.49295774647887325,8319.875,2017-02-14 20:45:00+00:00,8325.75,1.0
5min,2017-02-14 20:55:00+00:00,2017-02-15 14:35:00+00:00,8322.75,8329.75,5,2017-02-15 14:35:00+00:00,2017-02-15 14:55:00+00:00,8322.75,8333.25,5,1.0,8326.25,2017-02-15 14:55:00+00:00,8333.25,1.0
5min,2017-02-16 20:00:00+00:00,2017-02-17 16:25:00+00:00,8347.0,8367.5,38,2017-02-17 16:25:00+00:00,2017-02-17 17:20:00+00:00,8355.75,8364.0,12,0.573170731707317,8357.25,2017-02-17 17:20:00+00:00,8364.0,1.0
5min,2017-02-17 17:30:00+00:00,2017-02-17 19:00:00+00:00,8362.75,8368.75,20,2017-02-17 19:00:00+00:00,2017-02-17 19:35:00+00:00,8365.25,8370.5,8,0.5833333333333334,8365.75,2017-02-17 19:35:00+00:00,8370.25,1.0
5min,2017-02-24 18:50:00+00:00,2017-02-24 20:05:00+00:00,8378.25,8385.75,17,2017-02-24 20:05:00+00:00,2017-02-24 20:25:00+00:00,8380.5,8387.5,5,0.7,8382.0,2017-02-24 20:25:00+00:00,8387.25,0.8888888888888888
5min,2017-03-01 15:05:00+00:00,2017-03-01 18:00:00+00:00,8418.75,8451.25,37,2017-03-01 18:00:00+00:00,2017-03-01 19:00:00+00:00,8441.25,8446.75,13,0.3076923076923077,8435.0,2017-03-01 19:00:00+00:00,8446.25,1.0
5min,2017-03-17 16:05:00+00:00,2017-03-17 17:50:00+00:00,8468.0,8475.25,23,2017-03-17 17:50:00+00:00,2017-03-17 18:15:00+00:00,8471.5,8477.75,6,0.5172413793103449,8471.625,2017-03-17 18:15:00+00:00,8477.5,1.0
5min,2017-03-20 13:35:00+00:00,2017-03-20 15:30:00+00:00,8457.75,8480.5,25,2017-03-20 15:30:00+00:00,2017-03-20 15:55:00+00:00,8470.5,8475.0,6,0.43956043956043955,8469.125,2017-03-20 15:55:00+00:00,8475.0,1.0
5min,2017-03-24 13:35:00+00:00,2017-03-24 15:30:00+00:00,8425.5,8447.5,25,2017-03-24 15:30:00+00:00,2017-03-24 15:55:00+00:00,8439.25,8445.5,6,0.375,8436.5,2017-03-24 15:55:00+00:00,8444.0,1.0
5min,2017-03-27 14:05:00+00:00,2017-03-27 18:20:00+00:00,8386.75,8437.75,53,2017-03-27 18:20:00+00:00,2017-03-27 19:00:00+00:00,8421.75,8435.25,9,0.3137254901960784,8412.25,2017-03-27 19:00:00+00:00,8433.75,1.0
5min,2017-03-28 14:50:00+00:00,2017-03-28 19:25:00+00:00,8424.25,8477.25,57,2017-03-28 19:25:00+00:00,2017-03-29 14:00:00+00:00,8459.0,8474.0,15,0.3443396226415094,8450.75,2017-03-29 14:00:00+00:00,8474.0,1.0
5min,2017-03-31 13:50:00+00:00,2017-03-31 16:00:00+00:00,8485.25,8501.0,28,2017-03-31 16:00:00+00:00,2017-03-31 16:20:00+00:00,8495.0,8501.5,5,0.38095238095238093,8493.125,2017-03-31 16:20:00+00:00,8501.0,1.0
5min,2017-03-31 18:40:00+00:00,2017-03-31 19:00:00+00:00,8491.25,8495.75,6,2017-03-31 19:00:00+00:00,2017-03-31 19:35:00+00:00,8491.25,8503.75,8,1.0,8493.5,2017-03-31 19:35:00+00:00,8501.5,1.0
5min,2017-04-17 17:10:00+00:00,2017-04-17 19:05:00+00:00,8434.75,8441.5,25,2017-04-17 19:05:00+00:00,2017-04-17 19:30:00+00:00,8435.25,8450.5,6,0.9259259259259259,8438.125,2017-04-17 19:30:00+00:00,8448.5,1.0
5min,2017-04-21 19:45:00+00:00,2017-04-24 14:40:00+00:00,8489.75,8561.75,20,2017-04-24 14:40:00+00:00,2017-04-24 18:20:00+00:00,8546.5,8559.5,45,0.21180555555555555,8525.75,2017-04-24 18:20:00+00:00,8558.5,1.0
5min,2017-04-24 18:30:00+00:00,2017-04-25 19:45:00+00:00,8556.75,8609.75,96,2017-04-25 19:45:00+00:00,2017-04-27 14:15:00+00:00,8588.25,8618.25,93,0.4056603773584906,8583.25,2017-04-27 14:15:00+00:00,8615.75,1.0
5min,2017-05-05 16:50:00+00:00,2017-05-05 18:30:00+00:00,8676.5,8686.75,22,2017-05-05 18:30:00+00:00,2017-05-05 18:50:00+00:00,8681.75,8687.75,5,0.4878048780487805,8681.625,2017-05-05 18:50:00+00:00,8686.5,1.0
5min,2017-05-08 15:45:00+00:00,2017-05-08 16:20:00+00:00,8693.5,8698.5,9,2017-05-08 16:20:00+00:00,2017-05-08 16:40:00+00:00,8694.5,8704.0,5,0.8,8696.0,2017-05-08 16:40:00+00:00,8703.5,1.0
5min,2017-05-10 16:25:00+00:00,2017-05-10 18:30:00+00:00,8721.75,8730.75,27,2017-05-10 18:30:00+00:00,2017-05-10 18:50:00+00:00,8725.75,8729.75,5,0.5555555555555556,8726.25,2017-05-10 18:50:00+00:00,8729.5,1.0
5min,2017-05-11 17:10:00+00:00,2017-05-11 18:45:00+00:00,8707.75,8726.0,21,2017-05-11 18:45:00+00:00,2017-05-11 19:40:00+00:00,8717.5,8725.0,12,0.4657534246575342,8716.875,2017-05-11 19:40:00+00:00,8724.5,1.0
5min,2017-05-12 15:10:00+00:00,2017-05-12 17:05:00+00:00,8727.5,8739.0,25,2017-05-12 17:05:00+00:00,2017-05-12 17:50:00+00:00,8733.0,8736.0,10,0.5217391304347826,8733.25,2017-05-12 17:50:00+00:00,8736.0,1.0
5min,2017-05-16 15:00:00+00:00,2017-05-16 17:35:00+00:00,8758.5,8776.0,33,2017-05-16 17:35:00+00:00,2017-05-16 17:55:00+00:00,8771.75,8775.25,5,0.24285714285714285,8767.25,2017-05-16 17:55:00+00:00,8775.0,1.0
5min,2017-05-16 18:40:00+00:00,2017-05-16 19:00:00+00:00,8769.25,8772.25,6,2017-05-16 19:00:00+00:00,2017-05-16 19:20:00+00:00,8769.25,8772.0,5,1.0,8770.75,2017-05-16 19:20:00+00:00,8772.0,0.8888888888888888
5min,2017-05-18 13:35:00+00:00,2017-05-18 14:55:00+00:00,8625.0,8689.75,18,2017-05-18 14:55:00+00:00,2017-05-18 15:25:00+00:00,8673.0,8685.0,7,0.25868725868725867,8657.375,2017-05-18 15:25:00+00:00,8684.25,0.8888888888888888
5min,2017-05-19 13:40:00+00:00,2017-05-19 15:30:00+00:00,8701.75,8725.75,24,2017-05-19 15:30:00+00:00,2017-05-19 16:00:00+00:00,8712.5,8720.5,7,0.5520833333333334,8713.75,2017-05-19 16:00:00+00:00,8720.5,1.0
5min,2017-05-22 13:35:00+00:00,2017-05-22 15:05:00+00:00,8715.75,8739.75,20,2017-05-22 15:05:00+00:00,2017-05-22 16:00:00+00:00,8733.0,8745.75,12,0.28125,8727.75,2017-05-22 16:00:00+00:00,8745.0,1.0
5min,2017-05-24 15:35:00+00:00,2017-05-24 16:00:00+00:00,8763.75,8769.25,7,2017-05-24 16:00:00+00:00,2017-05-24 16:30:00+00:00,8765.0,8770.25,7,0.7727272727272727,8766.5,2017-05-24 16:30:00+00:00,8769.25,1.0
5min,2017-06-02 14:10:00+00:00,2017-06-05 13:40:00+00:00,8889.25,8936.5,75,2017-06-05 13:40:00+00:00,2017-06-05 14:45:00+00:00,8927.0,8943.75,14,0.20105820105820105,8912.875,2017-06-05 14:45:00+00:00,8943.25,1.0
5min,2017-06-07 18:05:00+00:00,2017-06-07 19:20:00+00:00,8919.25,8931.0,17,2017-06-07 19:20:00+00:00,2017-06-07 19:45:00+00:00,8924.25,8935.0,6,0.574468085106383,8925.125,2017-06-07 19:45:00+00:00,8934.5,1.0
5min,2017-06-08 19:25:00+00:00,2017-06-09 13:40:00+00:00,8925.75,8947.75,12,2017-06-09 13:40:00+00:00,2017-06-09 14:10:00+00:00,8932.25,8949.0,7,0.7045454545454546,8936.75,2017-06-09 14:10:00+00:00,8947.75,1.0
5min,2017-06-14 15:25:00+00:00,2017-06-14 15:40:00+00:00,8811.75,8818.5,5,2017-06-14 15:40:00+00:00,2017-06-14 16:00:00+00:00,8812.5,8823.25,5,0.8888888888888888,8815.125,2017-06-14 16:00:00+00:00,8823.0,1.0
5min,2017-06-19 13:45:00+00:00,2017-06-19 15:25:00+00:00,8791.25,8819.0,22,2017-06-19 15:25:00+00:00,2017-06-19 17:05:00+00:00,8803.5,8813.25,21,0.5585585585585585,8805.125,2017-06-19 17:05:00+00:00,8813.25,1.0
5min,2017-06-21 13:35:00+00:00,2017-06-21 14:00:00+00:00,8785.0,8800.25,7,2017-06-21 14:00:00+00:00,2017-06-21 14:35:00+00:00,8787.0,8806.0,8,0.8688524590163934,8792.625,2017-06-21 14:35:00+00:00,8804.0,1.0
5min,2017-06-23 14:40:00+00:00,2017-06-23 15:45:00+00:00,8833.0,8841.0,15,2017-06-23 15:45:00+00:00,2017-06-23 16:25:00+00:00,8835.0,8851.75,9,0.75,8837.0,2017-06-23 16:25:00+00:00,8849.75,1.0
5min,2017-06-28 14:25:00+00:00,2017-06-28 15:35:00+00:00,8732.0,8773.25,16,2017-06-28 15:35:00+00:00,2017-06-28 15:55:00+00:00,8755.75,8772.5,5,0.42424242424242425,8752.625,2017-06-28 15:55:00+00:00,8771.5,1.0
5min,2017-06-28 16:15:00+00:00,2017-06-28 18:30:00+00:00,8765.25,8797.25,29,2017-06-28 18:30:00+00:00,2017-06-28 18:50:00+00:00,8782.0,8791.0,5,0.4765625,8781.25,2017-06-28 18:50:00+00:00,8790.25,1.0
5min,2017-07-05 14:30:00+00:00,2017-07-05 17:55:00+00:00,8641.5,8705.75,43,2017-07-05 17:55:00+00:00,2017-07-05 18:35:00+00:00,8687.0,8710.5,9,0.2918287937743191,8673.625,2017-07-05 18:35:00+00:00,8708.0,1.0
5min,2017-07-07 13:35:00+00:00,2017-07-07 18:25:00+00:00,8663.25,8721.5,60,2017-07-07 18:25:00+00:00,2017-07-10 13:40:00+00:00,8700.25,8726.0,23,0.3648068669527897,8692.375,2017-07-10 13:40:00+00:00,8718.75,0.8888888888888888
5min,2017-07-11 17:45:00+00:00,2017-07-11 19:05:00+00:00,8740.5,8761.0,18,2017-07-11 19:05:00+00:00,2017-07-11 19:35:00+00:00,8751.5,8765.75,7,0.4634146341463415,8750.75,2017-07-11 19:35:00+00:00,8763.75,1.0
5min,2017-07-12 16:50:00+00:00,2017-07-13 13:30:00+00:00,8810.75,8836.25,41,2017-07-13 13:30:00+00:00,2017-07-13 13:55:00+00:00,8825.25,8848.25,6,0.43137254901960786,8823.5,2017-07-13 13:55:00+00:00,8846.0,1.0
5min,2017-07-14 14:45:00+00:00,2017-07-17 13:30:00+00:00,8854.0,8892.75,66,2017-07-17 13:30:00+00:00,2017-07-17 13:50:00+00:00,8885.25,8901.25,5,0.1935483870967742,8873.375,2017-07-17 13:50:00+00:00,8898.75,1.0
5min,2017-07-18 15:00:00+00:00,2017-07-19 14:15:00+00:00,8894.75,8958.25,72,2017-07-19 14:15:00+00:00,2017-07-19 15:05:00+00:00,8941.5,8954.75,11,0.2637795275590551,8926.5,2017-07-19 15:05:00+00:00,8953.5,1.0
5min,2017-07-24 15:40:00+00:00,2017-07-24 18:00:00+00:00,8963.5,8979.75,30,2017-07-24 18:00:00+00:00,2017-07-24 18:25:00+00:00,8974.75,8982.0,6,0.3076923076923077,8971.625,2017-07-24 18:25:00+00:00,8982.0,1.0
5min,2017-07-26 18:50:00+00:00,2017-07-27 13:40:00+00:00,8986.5,9039.5,19,2017-07-27 13:40:00+00:00,2017-07-27 14:35:00+00:00,9018.0,9036.0,12,0.4056603773584906,9013.0,2017-07-27 14:35:00+00:00,9035.75,1.0
5min,2017-08-02 17:50:00+00:00,2017-08-02 18:10:00+00:00,8946.0,8954.5,6,2017-08-02 18:10:00+00:00,2017-08-02 18:35:00+00:00,8946.75,8963.25,6,0.9117647058823529,8950.25,2017-08-02 18:35:00+00:00,8957.75,0.7777777777777778
5min,2017-08-11 15:40:00+00:00,2017-08-11 17:30:00+00:00,8860.5,8884.25,24,2017-08-11 17:30:00+00:00,2017-08-11 17:50:00+00:00,8872.25,8881.75,5,0.5052631578947369,8872.375,2017-08-11 17:50:00+00:00,8880.25,0.8888888888888888
5min,2017-08-11 19:45:00+00:00,2017-08-14 15:25:00+00:00,8873.5,8956.5,29,2017-08-14 15:25:00+00:00,2017-08-14 17:10:00+00:00,8941.0,8953.5,22,0.18674698795180722,8915.0,2017-08-14 17:10:00+00:00,8952.75,1.0
5min,2017-08-15 19:05:00+00:00,2017-08-15 19:30:00+00:00,8957.0,8964.25,7,2017-08-15 19:30:00+00:00,2017-08-15 19:50:00+00:00,8959.5,8966.5,5,0.6551724137931034,8960.625,2017-08-15 19:50:00+00:00,8965.0,0.8888888888888888
5min,2017-08-21 19:45:00+00:00,2017-08-22 16:55:00+00:00,8825.75,8920.5,47,2017-08-22 16:55:00+00:00,2017-08-22 18:20:00+00:00,8908.5,8920.0,18,0.1266490765171504,8873.125,2017-08-22 18:20:00+00:00,8919.0,1.0
5min,2017-08-29 13:40:00+00:00,2017-08-29 17:20:00+00:00,8850.75,8909.5,46,2017-08-29 17:20:00+00:00,2017-08-29 18:45:00+00:00,8896.5,8913.5,18,0.22127659574468084,8880.125,2017-08-29 18:45:00+00:00,8912.0,1.0
5min,2017-08-30 13:45:00+00:00,2017-08-30 19:10:00+00:00,8926.75,8989.0,67,2017-08-30 19:10:00+00:00,2017-08-30 19:30:00+00:00,8979.5,8985.5,5,0.15261044176706828,8957.875,2017-08-30 19:30:00+00:00,8984.25,1.0
5min,2017-08-30 20:00:00+00:00,2017-08-31 17:30:00+00:00,8976.75,9033.0,51,2017-08-31 17:30:00+00:00,2017-08-31 18:35:00+00:00,9022.75,9032.75,14,0.18222222222222223,9004.875,2017-08-31 18:35:00+00:00,9032.0,1.0
5min,2017-09-06 17:00:00+00:00,2017-09-06 18:50:00+00:00,8987.5,9006.0,24,2017-09-06 18:50:00+00:00,2017-09-06 19:10:00+00:00,8994.0,9004.5,5,0.6486486486486487,8996.75,2017-09-06 19:10:00+00:00,9003.25,1.0
5min,2017-09-07 17:05:00+00:00,2017-09-07 18:40:00+00:00,9000.5,9014.75,21,2017-09-07 18:40:00+00:00,2017-09-07 19:00:00+00:00,9007.0,9012.0,5,0.543859649122807,9007.625,2017-09-07 19:00:00+00:00,9012.0,1.0
5min,2017-09-28 14:00:00+00:00,2017-09-28 14:20:00+00:00,8957.0,8971.5,6,2017-09-28 14:20:00+00:00,2017-09-28 14:45:00+00:00,8957.0,8979.5,6,1.0,8964.25,2017-09-28 14:45:00+00:00,8979.0,1.0
5min,2017-09-29 14:15:00+00:00,2017-09-29 17:35:00+00:00,8981.5,9022.5,42,2017-09-29 17:35:00+00:00,2017-10-02 13:40:00+00:00,9010.0,9037.0,33,0.3048780487804878,9002.0,2017-10-02 13:40:00+00:00,9035.75,1.0
5min,2017-10-04 18:05:00+00:00,2017-10-05 14:35:00+00:00,9031.5,9078.25,39,2017-10-05 14:35:00+00:00,2017-10-05 15:30:00+00:00,9055.25,9069.25,12,0.4919786096256685,9054.875,2017-10-05 15:30:00+00:00,9068.0,1.0
5min,2017-10-05 15:40:00+00:00,2017-10-06 13:35:00+00:00,9067.25,9102.5,56,2017-10-06 13:35:00+00:00,2017-10-06 14:30:00+00:00,9078.25,9101.25,12,0.6879432624113475,9084.875,2017-10-06 14:30:00+00:00,9099.5,0.8888888888888888
5min,2017-10-11 17:55:00+00:00,2017-10-12 13:50:00+00:00,9106.0,9123.75,32,2017-10-12 13:50:00+00:00,2017-10-12 16:05:00+00:00,9106.0,9130.75,28,1.0,9114.875,2017-10-12 16:05:00+00:00,9130.5,1.0
5min,2017-10-13 15:20:00+00:00,2017-10-13 15:35:00+00:00,9130.25,9136.25,5,2017-10-13 15:35:00+00:00,2017-10-13 16:35:00+00:00,9130.25,9139.5,13,1.0,9133.25,2017-10-13 16:35:00+00:00,9139.25,1.0
5min,2017-10-24 14:20:00+00:00,2017-10-24 16:10:00+00:00,9108.5,9126.75,24,2017-10-24 16:10:00+00:00,2017-10-24 17:40:00+00:00,9116.75,9129.5,19,0.547945205479452,9117.625,2017-10-24 17:40:00+00:00,9129.0,0.8888888888888888
5min,2017-10-27 13:35:00+00:00,2017-10-27 17:30:00+00:00,9165.75,9252.0,49,2017-10-27 17:30:00+00:00,2017-10-27 17:55:00+00:00,9240.25,9254.5,6,0.13623188405797101,9208.875,2017-10-27 17:55:00+00:00,9253.5,1.0
5min,2017-10-27 19:00:00+00:00,2017-10-30 13:30:00+00:00,9244.25,9263.5,15,2017-10-30 13:30:00+00:00,2017-10-30 13:55:00+00:00,9243.75,9272.0,6,1.025974025974026,9253.875,2017-10-30 13:55:00+00:00,9272.0,1.0
5min,2017-11-03 15:05:00+00:00,2017-11-03 19:25:00+00:00,9288.0,9333.5,54,2017-11-03 19:25:00+00:00,2017-11-03 19:45:00+00:00,9322.75,9329.5,5,0.23626373626373626,9310.75,2017-11-03 19:45:00+00:00,9329.25,1.0
5min,2017-11-06 17:15:00+00:00,2017-11-06 19:40:00+00:00,9339.5,9351.25,31,2017-11-06 19:40:00+00:00,2017-11-06 20:05:00+00:00,9347.5,9355.25,6,0.3191489361702128,9345.375,2017-11-06 20:05:00+00:00,9353.5,1.0
5min,2017-11-06 20:15:00+00:00,2017-11-07 14:30:00+00:00,9345.75,9354.75,12,2017-11-07 14:30:00+00:00,2017-11-07 14:50:00+00:00,9345.75,9364.5,5,1.0,9350.25,2017-11-07 14:50:00+00:00,9362.5,1.0
5min,2017-11-16 14:35:00+00:00,2017-11-16 18:45:00+00:00,9332.75,9392.25,52,2017-11-16 18:45:00+00:00,2017-11-16 19:05:00+00:00,9385.0,9395.0,5,0.12184873949579832,9362.5,2017-11-16 19:05:00+00:00,9394.75,1.0
5min,2017-11-21 14:40:00+00:00,2017-11-21 17:25:00+00:00,9386.5,9422.25,35,2017-11-21 17:25:00+00:00,2017-11-21 18:40:00+00:00,9415.0,9421.0,16,0.20279720279720279,9404.375,2017-11-21 18:40:00+00:00,9420.0,1.0
5min,2017-11-22 17:00:00+00:00,2017-11-22 18:25:00+00:00,9419.5,9425.25,19,2017-11-22 18:25:00+00:00,2017-11-22 19:35:00+00:00,9419.5,9429.5,15,1.0,9422.375,2017-11-22 19:35:00+00:00,9428.75,1.0
5min,2017-11-30 15:20:00+00:00,2017-11-30 16:00:00+00:00,9371.25,9396.75,10,2017-11-30 16:00:00+00:00,2017-11-30 16:20:00+00:00,9385.75,9408.25,5,0.43137254901960786,9384.0,2017-11-30 16:20:00+00:00,9406.5,1.0
5min,2017-12-07 15:30:00+00:00,2017-12-07 17:30:00+00:00,9346.25,9373.0,26,2017-12-07 17:30:00+00:00,2017-12-07 17:50:00+00:00,9360.0,9370.5,5,0.48598130841121495,9359.625,2017-12-07 17:50:00+00:00,9369.5,1.0
5min,2017-12-11 16:20:00+00:00,2017-12-11 19:35:00+00:00,9401.25,9434.5,41,2017-12-11 19:35:00+00:00,2017-12-11 21:00:00+00:00,9420.5,9432.5,18,0.42105263157894735,9417.875,2017-12-11 21:00:00+00:00,9431.75,1.0
5min,2017-12-15 14:35:00+00:00,2017-12-15 20:45:00+00:00,9442.5,9509.75,76,2017-12-15 20:45:00+00:00,2017-12-18 15:10:00+00:00,9492.75,9552.0,13,0.2527881040892193,9476.125,2017-12-18 15:10:00+00:00,9550.75,0.8888888888888888
5min,2017-12-26 17:05:00+00:00,2017-12-26 17:20:00+00:00,9470.5,9478.5,5,2017-12-26 17:20:00+00:00,2017-12-26 17:40:00+00:00,9472.0,9480.25,5,0.8125,9474.5,2017-12-26 17:40:00+00:00,9478.25,0.6666666666666666
5min,2018-01-02 14:45:00+00:00,2018-01-02 17:35:00+00:00,9467.0,9527.75,36,2018-01-02 17:35:00+00:00,2018-01-02 18:05:00+00:00,9516.5,9521.75,7,0.18518518518518517,9497.375,2018-01-02 18:05:00+00:00,9521.25,1.0
5min,2018-01-02 18:15:00+00:00,2018-01-03 17:00:00+00:00,9518.0,9596.75,66,2018-01-03 17:00:00+00:00,2018-01-03 17:30:00+00:00,9590.25,9596.5,7,0.08253968253968254,9557.375,2018-01-03 17:30:00+00:00,9596.5,1.0
5min,2018-01-04 20:25:00+00:00,2018-01-05 14:30:00+00:00,9613.5,9648.5,10,2018-01-05 14:30:00+00:00,2018-01-05 15:20:00+00:00,9633.25,9651.75,11,0.4357142857142857,9631.0,2018-01-05 15:20:00+00:00,9651.25,1.0
5min,2018-01-05 15:30:00+00:00,2018-01-05 18:20:00+00:00,9648.5,9673.5,36,2018-01-05 18:20:00+00:00,2018-01-05 18:40:00+00:00,9667.25,9672.5,5,0.25,9661.0,2018-01-05 18:40:00+00:00,9672.0,1.0
5min,2018-01-05 20:35:00+00:00,2018-01-08 17:55:00+00:00,9670.0,9709.75,49,2018-01-08 17:55:00+00:00,2018-01-08 18:25:00+00:00,9698.75,9704.5,7,0.27672955974842767,9689.875,2018-01-08 18:25:00+00:00,9704.0,1.0
5min,2018-01-10 20:00:00+00:00,2018-01-10 20:25:00+00:00,9676.25,9685.5,7,2018-01-10 20:25:00+00:00,2018-01-11 15:05:00+00:00,9676.25,9714.25,16,1.0,9680.875,2018-01-11 15:05:00+00:00,9710.0,1.0
5min,2018-01-11 15:55:00+00:00,2018-01-11 18:55:00+00:00,9700.5,9732.0,38,2018-01-11 18:55:00+00:00,2018-01-11 20:20:00+00:00,9719.75,9727.75,18,0.3888888888888889,9716.25,2018-01-11 20:20:00+00:00,9727.5,1.0
5min,2018-01-11 20:30:00+00:00,2018-01-12 14:35:00+00:00,9722.25,9737.25,10,2018-01-12 14:35:00+00:00,2018-01-12 15:05:00+00:00,9722.25,9750.5,7,1.0,9729.75,2018-01-12 15:05:00+00:00,9748.0,0.7777777777777778
5min,2018-01-12 15:15:00+00:00,2018-01-12 18:40:00+00:00,9746.5,9787.0,43,2018-01-12 18:40:00+00:00,2018-01-12 19:20:00+00:00,9777.25,9788.5,9,0.24074074074074073,9766.75,2018-01-12 19:20:00+00:00,9787.0,1.0
5min,2018-01-12 20:40:00+00:00,2018-01-15 14:40:00+00:00,9779.5,9799.75,9,2018-01-15 14:40:00+00:00,2018-01-15 15:15:00+00:00,9794.25,9801.5,8,0.2716049382716049,9789.625,2018-01-15 15:15:00+00:00,9801.5,0.8888888888888888
5min,2018-01-22 14:50:00+00:00,2018-01-22 18:35:00+00:00,9862.75,9923.0,47,2018-01-22 18:35:00+00:00,2018-01-22 20:50:00+00:00,9909.25,9931.0,28,0.22821576763485477,9892.875,2018-01-22 20:50:00+00:00,9930.5,1.0
5min,2018-01-22 21:00:00+00:00,2018-01-23 16:45:00+00:00,9928.25,9997.75,30,2018-01-23 16:45:00+00:00,2018-01-23 18:50:00+00:00,9979.75,9996.75,26,0.2589928057553957,9963.0,2018-01-23 18:50:00+00:00,9995.75,1.0
5min,2018-01-26 15:00:00+00:00,2018-01-26 16:55:00+00:00,9973.0,10005.75,25,2018-01-26 16:55:00+00:00,2018-01-26 17:55:00+00:00,9990.0,10003.5,13,0.48091603053435117,9989.375,2018-01-26 17:55:00+00:00,10002.0,1.0
5min,2018-02-01 16:40:00+00:00,2018-02-01 17:15:00+00:00,9971.5,9991.5,9,2018-02-01 17:15:00+00:00,2018-02-01 18:05:00+00:00,9977.25,9992.5,11,0.7125,9981.5,2018-02-01 18:05:00+00:00,9991.25,1.0
5min,2018-02-09 20:20:00+00:00,2018-02-12 15:00:00+00:00,9334.75,9535.75,17,2018-02-12 15:00:00+00:00,2018-02-12 17:00:00+00:00,9444.0,9545.75,25,0.4564676616915423,9435.25,2018-02-12 17:00:00+00:00,9545.5,1.0
5min,2018-02-13 18:15:00+00:00,2018-02-13 19:40:00+00:00,9533.5,9585.75,19,2018-02-13 19:40:00+00:00,2018-02-13 20:40:00+00:00,9562.0,9588.0,13,0.45454545454545453,9559.625,2018-02-13 20:40:00+00:00,9586.75,1.0
5min,2018-02-15 16:30:00+00:00,2018-02-16 14:35:00+00:00,9738.25,9821.25,58,2018-02-16 14:35:00+00:00,2018-02-16 14:55:00+00:00,9801.75,9844.75,5,0.23493975903614459,9779.75,2018-02-16 14:55:00+00:00,9839.0,0.7777777777777778
5min,2018-02-20 14:35:00+00:00,2018-02-20 15:40:00+00:00,9764.0,9830.25,15,2018-02-20 15:40:00+00:00,2018-02-20 16:05:00+00:00,9801.0,9831.25,6,0.44150943396226416,9797.125,2018-02-20 16:05:00+00:00,9830.5,1.0
5min,2018-02-23 16:00:00+00:00,2018-02-23 18:10:00+00:00,9831.0,9864.0,28,2018-02-23 18:10:00+00:00,2018-02-23 18:30:00+00:00,9847.5,9860.5,5,0.5,9847.5,2018-02-23 18:30:00+00:00,9859.5,1.0
5min,2018-02-23 18:40:00+00:00,2018-02-26 15:35:00+00:00,9858.5,9985.5,44,2018-02-26 15:35:00+00:00,2018-02-26 16:20:00+00:00,9953.0,9983.0,10,0.2559055118110236,9922.0,2018-02-26 16:20:00+00:00,9982.0,1.0
5min,2018-03-05 15:45:00+00:00,2018-03-05 18:50:00+00:00,9810.25,9915.25,39,2018-03-05 18:50:00+00:00,2018-03-05 19:45:00+00:00,9871.25,9908.5,12,0.41904761904761906,9862.75,2018-03-05 19:45:00+00:00,9908.25,1.0
5min,2018-03-07 18:25:00+00:00,2018-03-08 15:05:00+00:00,9894.25,9990.5,41,2018-03-08 15:05:00+00:00,2018-03-08 16:15:00+00:00,9961.0,9989.0,15,0.3064935064935065,9942.375,2018-03-08 16:15:00+00:00,9987.0,1.0
5min,2018-03-29 16:25:00+00:00,2018-03-29 17:15:00+00:00,9527.5,9560.5,12,2018-03-29 17:15:00+00:00,2018-03-29 17:35:00+00:00,9529.75,9568.75,5,0.9318181818181818,9544.0,2018-03-29 17:35:00+00:00,9564.75,1.0
5min,2018-04-04 14:55:00+00:00,2018-04-04 15:15:00+00:00,9396.25,9423.25,6,2018-04-04 15:15:00+00:00,2018-04-04 15:35:00+00:00,9399.5,9471.0,5,0.8796296296296297,9409.75,2018-04-04 15:35:00+00:00,9460.0,1.0
5min,2018-04-12 13:35:00+00:00,2018-04-12 15:55:00+00:00,9621.0,9684.5,30,2018-04-12 15:55:00+00:00,2018-04-12 16:50:00+00:00,9648.25,9677.0,12,0.5708661417322834,9652.75,2018-04-12 16:50:00+00:00,9674.25,1.0
5min,2018-04-16 19:40:00+00:00,2018-04-17 13:30:00+00:00,9674.75,9748.0,7,2018-04-17 13:30:00+00:00,2018-04-17 14:05:00+00:00,9733.75,9770.0,8,0.1945392491467577,9711.375,2018-04-17 14:05:00+00:00,9765.5,1.0
5min,2018-04-17 14:15:00+00:00,2018-04-17 16:50:00+00:00,9763.75,9819.75,33,2018-04-17 16:50:00+00:00,2018-04-17 17:10:00+00:00,9806.0,9819.25,5,0.24553571428571427,9791.75,2018-04-17 17:10:00+00:00,9815.75,1.0
5min,2018-04-27 19:40:00+00:00,2018-04-27 20:00:00+00:00,9654.25,9667.25,6,2018-04-27 20:00:00+00:00,2018-04-30 13:55:00+00:00,9654.25,9699.5,7,1.0,9660.75,2018-04-30 13:55:00+00:00,9696.75,0.8888888888888888
5min,2018-05-03 16:45:00+00:00,2018-05-03 17:30:00+00:00,9588.25,9643.5,11,2018-05-03 17:30:00+00:00,2018-05-03 18:40:00+00:00,9617.75,9665.25,15,0.4660633484162896,9615.875,2018-05-03 18:40:00+00:00,9661.5,1.0
5min,2018-05-04 13:45:00+00:00,2018-05-04 17:20:00+00:00,9629.0,9752.75,45,2018-05-04 17:20:00+00:00,2018-05-04 17:50:00+00:00,9736.0,9752.5,7,0.13535353535353536,9690.875,2018-05-04 17:50:00+00:00,9751.0,1.0
5min,2018-05-09 15:40:00+00:00,2018-05-09 19:35:00+00:00,9819.5,9894.75,49,2018-05-09 19:35:00+00:00,2018-05-10 13:30:00+00:00,9878.5,9912.0,7,0.2159468438538206,9857.125,2018-05-10 13:30:00+00:00,9910.75,0.6666666666666666
5min,2018-05-11 19:35:00+00:00,2018-05-11 19:55:00+00:00,9941.0,9954.25,6,2018-05-11 19:55:00+00:00,2018-05-14 13:45:00+00:00,9942.75,9992.75,6,0.8679245283018868,9947.625,2018-05-14 13:45:00+00:00,9992.25,1.0
5min,2018-05-15 20:00:00+00:00,2018-05-16 15:10:00+00:00,9875.0,9930.0,23,2018-05-16 15:10:00+00:00,2018-05-16 15:55:00+00:00,9900.0,9919.75,10,0.5454545454545454,9902.5,2018-05-16 15:55:00+00:00,9919.0,1.0
5min,2018-05-29 19:50:00+00:00,2018-05-30 13:35:00+00:00,9921.0,9958.5,6,2018-05-30 13:35:00+00:00,2018-05-30 14:45:00+00:00,9936.25,9971.25,15,0.5933333333333334,9939.75,2018-05-30 14:45:00+00:00,9970.25,1.0
5min,2018-06-01 13:35:00+00:00,2018-06-01 17:00:00+00:00,10003.0,10079.5,43,2018-06-01 17:00:00+00:00,2018-06-04 13:40:00+00:00,10060.75,10116.25,40,0.24509803921568626,10041.25,2018-06-04 13:40:00+00:00,10113.0,1.0
5min,2018-06-04 14:50:00+00:00,2018-06-04 17:40:00+00:00,10108.75,10145.25,36,2018-06-04 17:40:00+00:00,2018-06-04 18:25:00+00:00,10129.0,10139.5,10,0.4452054794520548,10127.0,2018-06-04 18:25:00+00:00,10139.5,1.0
5min,2018-06-05 16:45:00+00:00,2018-06-05 18:10:00+00:00,10142.0,10160.25,19,2018-06-05 18:10:00+00:00,2018-06-05 18:45:00+00:00,10151.75,10164.5,8,0.4657534246575342,10151.125,2018-06-05 18:45:00+00:00,10164.0,1.0
5min,2018-06-08 16:00:00+00:00,2018-06-08 17:30:00+00:00,10123.25,10147.5,20,2018-06-08 17:30:00+00:00,2018-06-08 18:15:00+00:00,10132.75,10151.5,10,0.6082474226804123,10135.375,2018-06-08 18:15:00+00:00,10151.25,0.8888888888888888
5min,2018-06-11 14:45:00+00:00,2018-06-11 17:50:00+00:00,10140.25,10184.5,39,2018-06-11 17:50:00+00:00,2018-06-11 19:35:00+00:00,10166.5,10180.5,22,0.4067796610169492,10162.375,2018-06-11 19:35:00+00:00,10180.0,1.0
5min,2018-06-14 13:35:00+00:00,2018-06-14 16:45:00+00:00,10231.0,10282.5,40,2018-06-14 16:45:00+00:00,2018-06-14 17:10:00+00:00,10266.5,10277.5,6,0.3106796116504854,10256.75,2018-06-14 17:10:00+00:00,10275.5,1.0
5min,2018-06-18 13:55:00+00:00,2018-06-18 15:30:00+00:00,10195.5,10250.5,21,2018-06-18 15:30:00+00:00,2018-06-18 17:35:00+00:00,10225.25,10247.0,26,0.4590909090909091,10223.0,2018-06-18 17:35:00+00:00,10245.75,1.0
5min,2018-06-19 17:20:00+00:00,2018-06-19 19:25:00+00:00,10173.25,10222.25,27,2018-06-19 19:25:00+00:00,2018-06-19 19:45:00+00:00,10202.75,10213.25,5,0.3979591836734694,10197.75,2018-06-19 19:45:00+00:00,10212.75,1.0
5min,2018-06-19 19:55:00+00:00,2018-06-20 14:30:00+00:00,10210.5,10278.5,16,2018-06-20 14:30:00+00:00,2018-06-20 15:00:00+00:00,10249.75,10276.75,7,0.4227941176470588,10244.5,2018-06-20 15:00:00+00:00,10275.25,1.0
5min,2018-06-20 15:10:00+00:00,2018-06-20 17:20:00+00:00,10266.0,10301.75,28,2018-06-20 17:20:00+00:00,2018-06-20 17:55:00+00:00,10287.5,10297.75,8,0.3986013986013986,10283.875,2018-06-20 17:55:00+00:00,10296.75,1.0
5min,2018-07-02 17:45:00+00:00,2018-07-02 19:05:00+00:00,10014.75,10073.75,18,2018-07-02 19:05:00+00:00,2018-07-02 19:25:00+00:00,10046.5,10060.5,5,0.461864406779661,10044.25,2018-07-02 19:25:00+00:00,10059.75,1.0
5min,2018-07-05 18:35:00+00:00,2018-07-06 16:55:00+00:00,10068.0,10193.0,61,2018-07-06 16:55:00+00:00,2018-07-06 19:00:00+00:00,10181.5,10196.75,26,0.092,10130.5,2018-07-06 19:00:00+00:00,10193.0,1.0
5min,2018-07-12 13:35:00+00:00,2018-07-12 18:05:00+00:00,10258.0,10345.25,56,2018-07-12 18:05:00+00:00,2018-07-12 18:25:00+00:00,10327.0,10341.25,5,0.20916905444126074,10301.625,2018-07-12 18:25:00+00:00,10339.75,1.0
5min,2018-07-17 13:40:00+00:00,2018-07-17 18:20:00+00:00,10281.5,10398.5,58,2018-07-17 18:20:00+00:00,2018-07-17 19:25:00+00:00,10380.75,10401.75,14,0.1517094017094017,10340.0,2018-07-17 19:25:00+00:00,10401.0,1.0
5min,2018-07-23 14:10:00+00:00,2018-07-23 14:35:00+00:00,10301.5,10319.0,7,2018-07-23 14:35:00+00:00,2018-07-23 15:40:00+00:00,10301.5,10339.25,14,1.0,10310.25,2018-07-23 15:40:00+00:00,10336.75,1.0
5min,2018-07-25 15:05:00+00:00,2018-07-25 19:20:00+00:00,10392.75,10458.75,53,2018-07-25 19:20:00+00:00,2018-07-25 19:45:00+00:00,10445.0,10476.5,6,0.20833333333333334,10425.75,2018-07-25 19:45:00+00:00,10474.5,1.0
5min,2018-08-01 19:15:00+00:00,2018-08-02 18:25:00+00:00,10194.0,10355.25,71,2018-08-02 18:25:00+00:00,2018-08-02 19:50:00+00:00,10338.0,10360.0,18,0.10697674418604651,10274.625,2018-08-02 19:50:00+00:00,10358.25,1.0
5min,2018-08-03 17:50:00+00:00,2018-08-03 18:55:00+00:00,10356.5,10367.0,15,2018-08-03 18:55:00+00:00,2018-08-03 20:00:00+00:00,10356.5,10372.25,14,1.0,10361.75,2018-08-03 20:00:00+00:00,10372.25,1.0
5min,2018-08-06 15:30:00+00:00,2018-08-06 17:55:00+00:00,10378.0,10418.0,31,2018-08-06 17:55:00+00:00,2018-08-06 18:30:00+00:00,10398.25,10411.75,8,0.49375,10398.0,2018-08-06 18:30:00+00:00,10410.25,1.0
5min,2018-08-14 14:45:00+00:00,2018-08-14 17:20:00+00:00,10405.5,10434.5,33,2018-08-14 17:20:00+00:00,2018-08-14 18:00:00+00:00,10415.25,10431.0,9,0.6637931034482759,10420.0,2018-08-14 18:00:00+00:00,10429.25,1.0
5min,2018-08-22 13:40:00+00:00,2018-08-22 16:35:00+00:00,10351.0,10411.5,37,2018-08-22 16:35:00+00:00,2018-08-22 17:25:00+00:00,10392.0,10403.5,11,0.32231404958677684,10381.25,2018-08-22 17:25:00+00:00,10403.0,1.0
5min,2018-08-22 19:00:00+00:00,2018-08-23 13:30:00+00:00,10387.75,10414.5,15,2018-08-23 13:30:00+00:00,2018-08-23 13:50:00+00:00,10387.75,10433.75,5,1.0,10401.125,2018-08-23 13:50:00+00:00,10431.25,1.0
5min,2018-08-24 13:35:00+00:00,2018-08-24 16:40:00+00:00,10415.75,10469.25,39,2018-08-24 16:40:00+00:00,2018-08-27 14:00:00+00:00,10446.5,10514.0,48,0.4252336448598131,10442.5,2018-08-27 14:00:00+00:00,10511.25,1.0
5min,2018-08-29 13:35:00+00:00,2018-08-29 17:55:00+00:00,10559.0,10629.25,54,2018-08-29 17:55:00+00:00,2018-08-29 18:15:00+00:00,10619.75,10627.5,5,0.13523131672597866,10594.125,2018-08-29 18:15:00+00:00,10627.25,1.0
5min,2018-08-31 19:40:00+00:00,2018-09-03 13:35:00+00:00,10620.25,10642.5,8,2018-09-03 13:35:00+00:00,2018-09-03 13:55:00+00:00,10638.25,10645.25,5,0.19101123595505617,10631.375,2018-09-03 13:55:00+00:00,10643.0,0.8888888888888888
5min,2018-09-07 13:55:00+00:00,2018-09-07 14:45:00+00:00,10409.5,10455.25,12,2018-09-07 14:45:00+00:00,2018-09-07 15:40:00+00:00,10435.25,10464.5,12,0.4371584699453552,10432.375,2018-09-07 15:40:00+00:00,10460.75,1.0
5min,2018-09-11 15:05:00+00:00,2018-09-11 17:10:00+00:00,10426.75,10494.5,27,2018-09-11 17:10:00+00:00,2018-09-11 18:20:00+00:00,10457.0,10479.5,15,0.5535055350553506,10460.625,2018-09-11 18:20:00+00:00,10479.0,1.0
5min,2018-09-12 19:10:00+00:00,2018-09-13 14:30:00+00:00,10446.75,10549.25,25,2018-09-13 14:30:00+00:00,2018-09-13 15:10:00+00:00,10502.5,10532.5,9,0.4560975609756098,10498.0,2018-09-13 15:10:00+00:00,10530.0,1.0
5min,2018-09-19 18:00:00+00:00,2018-09-20 15:00:00+00:00,10441.0,10551.25,45,2018-09-20 15:00:00+00:00,2018-09-20 15:35:00+00:00,10526.75,10545.25,8,0.2222222222222222,10496.125,2018-09-20 15:35:00+00:00,10540.75,1.0
5min,2018-09-24 15:05:00+00:00,2018-09-24 16:10:00+00:00,10464.25,10509.25,15,2018-09-24 16:10:00+00:00,2018-09-24 16:50:00+00:00,10490.5,10507.25,9,0.4166666666666667,10486.75,2018-09-24 16:50:00+00:00,10504.25,0.8888888888888888
5min,2018-09-24 17:25:00+00:00,2018-09-24 18:30:00+00:00,10496.75,10518.75,15,2018-09-24 18:30:00+00:00,2018-09-24 18:55:00+00:00,10506.0,10514.25,6,0.5795454545454546,10507.75,2018-09-24 18:55:00+00:00,10514.0,1.0
5min,2018-09-25 17:15:00+00:00,2018-09-25 17:50:00+00:00,10515.5,10531.25,9,2018-09-25 17:50:00+00:00,2018-09-25 18:15:00+00:00,10518.25,10531.25,6,0.8253968253968254,10523.375,2018-09-25 18:15:00+00:00,10529.75,1.0
5min,2018-09-25 19:30:00+00:00,2018-09-26 14:15:00+00:00,10529.75,10562.75,18,2018-09-26 14:15:00+00:00,2018-09-26 14:35:00+00:00,10542.0,10561.0,5,0.6287878787878788,10546.25,2018-09-26 14:35:00+00:00,10560.25,1.0
5min,2018-10-09 13:40:00+00:00,2018-10-09 15:10:00+00:00,10311.0,10397.5,20,2018-10-09 15:10:00+00:00,2018-10-09 15:30:00+00:00,10343.0,10384.0,5,0.630057803468208,10354.25,2018-10-09 15:30:00+00:00,10375.0,1.0
5min,2018-10-16 14:50:00+00:00,2018-10-16 19:05:00+00:00,10117.5,10217.5,53,2018-10-16 19:05:00+00:00,2018-10-16 19:40:00+00:00,10193.75,10231.75,8,0.2375,10167.5,2018-10-16 19:40:00+00:00,10229.75,1.0
5min,2018-10-23 16:15:00+00:00,2018-10-23 16:55:00+00:00,9967.25,10027.75,10,2018-10-23 16:55:00+00:00,2018-10-23 18:20:00+00:00,9994.0,10067.25,18,0.5578512396694215,9997.5,2018-10-23 18:20:00+00:00,10065.25,1.0
5min,2018-10-25 13:50:00+00:00,2018-10-25 15:05:00+00:00,9835.5,9939.5,17,2018-10-25 15:05:00+00:00,2018-10-25 15:25:00+00:00,9889.75,9943.0,5,0.47836538461538464,9887.5,2018-10-25 15:25:00+00:00,9936.75,0.8888888888888888
5min,2018-10-26 15:25:00+00:00,2018-10-26 15:45:00+00:00,9752.25,9816.5,6,2018-10-26 15:45:00+00:00,2018-10-26 16:05:00+00:00,9774.5,9826.75,5,0.6536964980544747,9784.375,2018-10-26 16:05:00+00:00,9825.5,1.0
5min,2018-10-30 19:00:00+00:00,2018-10-31 14:55:00+00:00,9693.0,9966.0,32,2018-10-31 14:55:00+00:00,2018-10-31 17:15:00+00:00,9874.75,9960.75,29,0.3342490842490842,9829.5,2018-10-31 17:15:00+00:00,9955.5,1.0
5min,2018-11-01 14:40:00+00:00,2018-11-01 18:10:00+00:00,9938.25,10014.25,44,2018-11-01 18:10:00+00:00,2018-11-01 19:45:00+00:00,9985.0,10017.75,20,0.3848684210526316,9976.25,2018-11-01 19:45:00+00:00,10016.75,1.0
5min,2018-11-05 19:15:00+00:00,2018-11-05 19:40:00+00:00,9852.5,9889.75,7,2018-11-05 19:40:00+00:00,2018-11-06 14:35:00+00:00,9865.75,9934.0,19,0.6442953020134228,9871.125,2018-11-06 14:35:00+00:00,9926.75,1.0
5min,2018-11-06 20:15:00+00:00,2018-11-07 18:50:00+00:00,9901.25,10124.75,64,2018-11-07 18:50:00+00:00,2018-11-07 19:15:00+00:00,10094.25,10121.5,6,0.13646532438478748,10013.0,2018-11-07 19:15:00+00:00,10117.25,1.0
5min,2018-11-15 16:10:00+00:00,2018-11-15 17:15:00+00:00,9721.75,9767.5,15,2018-11-15 17:15:00+00:00,2018-11-15 17:40:00+00:00,9733.0,9773.75,6,0.7540983606557377,9744.625,2018-11-15 17:40:00+00:00,9772.5,1.0
5min,2018-11-27 15:00:00+00:00,2018-11-27 16:40:00+00:00,9592.0,9664.75,22,2018-11-27 16:40:00+00:00,2018-11-27 17:00:00+00:00,9625.75,9653.75,5,0.5360824742268041,9628.375,2018-11-27 17:00:00+00:00,9648.75,1.0
5min,2018-12-10 17:45:00+00:00,2018-12-10 18:30:00+00:00,9558.75,9599.75,11,2018-12-10 18:30:00+00:00,2018-12-10 19:35:00+00:00,9557.5,9633.5,14,1.0304878048780488,9579.25,2018-12-10 19:35:00+00:00,9633.0,1.0
5min,2018-12-12 15:05:00+00:00,2018-12-12 17:20:00+00:00,9743.0,9809.0,29,2018-12-12 17:20:00+00:00,2018-12-12 17:55:00+00:00,9783.0,9805.75,8,0.3939393939393939,9776.0,2018-12-12 17:55:00+00:00,9803.25,1.0
5min,2018-12-26 16:10:00+00:00,2018-12-26 18:20:00+00:00,8873.75,9061.0,28,2018-12-26 18:20:00+00:00,2018-12-26 18:40:00+00:00,9004.25,9043.5,5,0.3030707610146863,8967.375,2018-12-26 18:40:00+00:00,9042.25,1.0
5min,2019-01-02 14:30:00+00:00,2019-01-02 17:00:00+00:00,9120.25,9284.75,32,2019-01-02 17:00:00+00:00,2019-01-02 17:40:00+00:00,9234.25,9286.0,9,0.3069908814589666,9202.5,2019-01-02 17:40:00+00:00,9283.0,1.0
5min,2019-01-04 14:45:00+00:00,2019-01-04 19:00:00+00:00,9185.5,9378.75,53,2019-01-04 19:00:00+00:00,2019-01-04 19:25:00+00:00,9339.5,9368.5,6,0.20310478654592498,9282.125,2019-01-04 19:25:00+00:00,9367.5,1.0
5min,2019-01-04 20:50:00+00:00,2019-01-07 15:20:00+00:00,9339.0,9378.75,15,2019-01-07 15:20:00+00:00,2019-01-07 16:40:00+00:00,9342.75,9409.5,17,0.9056603773584906,9358.875,2019-01-07 16:40:00+00:00,9407.75,1.0
5min,2019-01-14 15:20:00+00:00,2019-01-14 16:20:00+00:00,9457.0,9493.75,14,2019-01-14 16:20:00+00:00,2019-01-14 16:40:00+00:00,9470.25,9494.5,5,0.6394557823129252,9475.375,2019-01-14 16:40:00+00:00,9493.0,0.8888888888888888
5min,2019-01-15 14:35:00+00:00,2019-01-15 19:20:00+00:00,9492.75,9605.75,59,2019-01-15 19:20:00+00:00,2019-01-15 20:45:00+00:00,9545.75,9594.75,18,0.5309734513274337,9549.25,2019-01-15 20:45:00+00:00,9592.25,1.0
5min,2019-01-17 14:45:00+00:00,2019-01-17 17:25:00+00:00,9578.25,9614.75,34,2019-01-17 17:25:00+00:00,2019-01-17 19:45:00+00:00,9598.0,9649.5,29,0.4589041095890411,9596.5,2019-01-17 19:45:00+00:00,9649.0,1.0
5min,2019-01-17 19:55:00+00:00,2019-01-18 14:45:00+00:00,9617.25,9704.25,19,2019-01-18 14:45:00+00:00,2019-01-18 15:20:00+00:00,9653.0,9696.5,8,0.5890804597701149,9660.75,2019-01-18 15:20:00+00:00,9681.5,1.0
5min,2019-01-24 19:00:00+00:00,2019-01-24 19:25:00+00:00,9592.5,9610.5,7,2019-01-24 19:25:00+00:00,2019-01-24 20:10:00+00:00,9599.25,9621.0,10,0.625,9601.5,2019-01-24 20:10:00+00:00,9617.25,1.0
5min,2019-01-24 20:20:00+00:00,2019-01-25 16:30:00+00:00,9613.0,9710.5,35,2019-01-25 16:30:00+00:00,2019-01-25 16:55:00+00:00,9694.25,9718.0,6,0.16666666666666666,9661.75,2019-01-25 16:55:00+00:00,9717.5,1.0
5min,2019-01-30 15:20:00+00:00,2019-01-30 18:45:00+00:00,9614.25,9677.5,43,2019-01-30 18:45:00+00:00,2019-01-30 19:15:00+00:00,9656.5,9716.25,7,0.33201581027667987,9645.875,2019-01-30 19:15:00+00:00,9716.0,1.0
5min,2019-01-31 14:50:00+00:00,2019-01-31 18:25:00+00:00,9767.75,9859.75,45,2019-01-31 18:25:00+00:00,2019-01-31 19:05:00+00:00,9816.0,9840.0,9,0.47554347826086957,9813.75,2019-01-31 19:05:00+00:00,9837.25,1.0
5min,2019-02-04 14:55:00+00:00,2019-02-04 18:35:00+00:00,9809.5,9866.0,46,2019-02-04 18:35:00+00:00,2019-02-04 19:05:00+00:00,9856.25,9873.75,7,0.17256637168141592,9837.75,2019-02-04 19:05:00+00:00,9872.75,1.0
5min,2019-02-08 17:35:00+00:00,2019-02-08 20:00:00+00:00,9780.25,9829.5,31,2019-02-08 20:00:00+00:00,2019-02-08 21:00:00+00:00,9812.25,9838.0,13,0.350253807106599,9804.875,2019-02-08 21:00:00+00:00,9837.5,1.0
5min,2019-02-12 14:45:00+00:00,2019-02-12 17:20:00+00:00,9888.0,9934.75,33,2019-02-12 17:20:00+00:00,2019-02-12 18:35:00+00:00,9920.75,9933.25,16,0.2994652406417112,9911.375,2019-02-12 18:35:00+00:00,9932.5,1.0
5min,2019-02-15 20:35:00+00:00,2019-02-18 16:40:00+00:00,9959.75,9993.25,34,2019-02-18 16:40:00+00:00,2019-02-18 17:20:00+00:00,9989.0,9995.75,9,0.12686567164179105,9976.5,2019-02-18 17:20:00+00:00,9995.5,1.0
5min,2019-02-18 18:00:00+00:00,2019-02-19 15:40:00+00:00,9952.0,9999.5,17,2019-02-19 15:40:00+00:00,2019-02-19 16:05:00+00:00,9979.25,9991.25,6,0.4263157894736842,9975.75,2019-02-19 16:05:00+00:00,9990.75,1.0
5min,2019-02-26 18:20:00+00:00,2019-02-26 18:40:00+00:00,10031.75,10045.0,6,2019-02-26 18:40:00+00:00,2019-02-26 19:35:00+00:00,10032.75,10049.0,12,0.9245283018867925,10038.375,2019-02-26 19:35:00+00:00,10048.5,1.0
5min,2019-02-27 16:45:00+00:00,2019-02-27 17:25:00+00:00,10012.0,10026.0,10,2019-02-27 17:25:00+00:00,2019-02-27 18:15:00+00:00,10019.25,10030.5,11,0.48214285714285715,10019.0,2019-02-27 18:15:00+00:00,10030.5,1.0
5min,2019-03-01 17:35:00+00:00,2019-03-01 18:05:00+00:00,10045.0,10053.75,8,2019-03-01 18:05:00+00:00,2019-03-01 18:35:00+00:00,10048.75,10059.0,7,0.5714285714285714,10049.375,2019-03-01 18:35:00+00:00,10058.25,0.8888888888888888
5min,2019-03-08 20:40:00+00:00,2019-03-12 13:50:00+00:00,9905.5,10107.0,90,2019-03-12 13:50:00+00:00,2019-03-12 14:35:00+00:00,10081.25,10117.75,10,0.12779156327543426,10006.25,2019-03-12 14:35:00+00:00,10117.25,1.0
5min,2019-03-12 15:40:00+00:00,2019-03-12 17:20:00+00:00,10114.0,10139.75,22,2019-03-12 17:20:00+00:00,2019-03-12 17:45:00+00:00,10123.0,10133.25,6,0.6504854368932039,10126.875,2019-03-12 17:45:00+00:00,10132.0,1.0
5min,2019-03-13 13:35:00+00:00,2019-03-13 16:25:00+00:00,10147.25,10203.0,36,2019-03-13 16:25:00+00:00,2019-03-13 16:45:00+00:00,10185.5,10196.5,5,0.31390134529147984,10175.125,2019-03-13 16:45:00+00:00,10196.0,1.0
5min,2019-03-15 13:50:00+00:00,2019-03-15 17:25:00+00:00,10197.5,10246.75,45,2019-03-15 17:25:00+00:00,2019-03-15 17:45:00+00:00,10237.5,10248.0,5,0.18781725888324874,10222.125,2019-03-15 17:45:00+00:00,10246.5,1.0
5min,2019-03-18 19:50:00+00:00,2019-03-19 13:45:00+00:00,10239.5,10288.25,8,2019-03-19 13:45:00+00:00,2019-03-19 14:20:00+00:00,10264.75,10288.25,8,0.48205128205128206,10263.875,2019-03-19 14:20:00+00:00,10286.5,1.0
5min,2019-03-28 19:10:00+00:00,2019-03-29 13:45:00+00:00,10230.0,10293.25,16,2019-03-29 13:45:00+00:00,2019-03-29 14:15:00+00:00,10259.75,10283.0,7,0.5296442687747036,10261.625,2019-03-29 14:15:00+00:00,10282.5,1.0
5min,2019-04-01 16:25:00+00:00,2019-04-01 19:15:00+00:00,10361.75,10390.75,36,2019-04-01 19:15:00+00:00,2019-04-02 14:30:00+00:00,10375.5,10404.0,23,0.5258620689655172,10376.25,2019-04-02 14:30:00+00:00,10404.0,1.0
5min,2019-04-02 15:30:00+00:00,2019-04-03 13:30:00+00:00,10391.5,10462.25,57,2019-04-03 13:30:00+00:00,2019-04-03 14:20:00+00:00,10442.5,10463.5,11,0.2791519434628975,10426.875,2019-04-03 14:20:00+00:00,10463.5,1.0
5min,2019-04-04 20:00:00+00:00,2019-04-05 16:45:00+00:00,10452.25,10496.75,42,2019-04-05 16:45:00+00:00,2019-04-05 19:30:00+00:00,10481.75,10494.75,34,0.33707865168539325,10474.5,2019-04-05 19:30:00+00:00,10493.25,1.0
5min,2019-04-10 14:25:00+00:00,2019-04-10 16:10:00+00:00,10490.0,10519.75,23,2019-04-10 16:10:00+00:00,2019-04-10 16:35:00+00:00,10506.75,10513.0,6,0.4369747899159664,10504.875,2019-04-10 16:35:00+00:00,10512.75,1.0
5min,2019-04-12 16:15:00+00:00,2019-04-12 16:40:00+00:00,10521.75,10530.25,7,2019-04-12 16:40:00+00:00,2019-04-12 17:05:00+00:00,10526.0,10531.25,6,0.5,10526.0,2019-04-12 17:05:00+00:00,10531.25,0.8888888888888888
5min,2019-04-15 17:35:00+00:00,2019-04-15 19:50:00+00:00,10520.25,10547.75,29,2019-04-15 19:50:00+00:00,2019-04-16 14:05:00+00:00,10534.0,10578.5,11,0.5,10534.0,2019-04-16 14:05:00+00:00,10575.25,1.0
5min,2019-04-18 15:40:00+00:00,2019-04-18 17:05:00+00:00,10576.75,10599.0,19,2019-04-18 17:05:00+00:00,2019-04-18 17:50:00+00:00,10585.25,10595.25,10,0.6179775280898876,10587.875,2019-04-18 17:50:00+00:00,10595.25,1.0
5min,2019-04-22 13:45:00+00:00,2019-04-22 16:55:00+00:00,10571.75,10612.75,40,2019-04-22 16:55:00+00:00,2019-04-22 17:25:00+00:00,10602.5,10610.25,7,0.25,10592.25,2019-04-22 17:25:00+00:00,10609.0,1.0
5min,2019-04-22 19:25:00+00:00,2019-04-23 19:40:00+00:00,10612.5,10729.0,84,2019-04-23 19:40:00+00:00,2019-04-23 20:00:00+00:00,10706.0,10720.5,5,0.19742489270386265,10670.75,2019-04-23 20:00:00+00:00,10718.25,0.8888888888888888
5min,2019-04-26 18:15:00+00:00,2019-04-29 13:55:00+00:00,10696.5,10741.0,29,2019-04-29 13:55:00+00:00,2019-04-29 14:40:00+00:00,10716.5,10744.75,10,0.550561797752809,10718.75,2019-04-29 14:40:00+00:00,10741.75,1.0
5min,2019-05-02 20:00:00+00:00,2019-05-03 18:25:00+00:00,10616.0,10753.0,62,2019-05-03 18:25:00+00:00,2019-05-03 19:45:00+00:00,10729.5,10744.25,17,0.17153284671532848,10684.5,2019-05-03 19:45:00+00:00,10744.25,1.0
5min,2019-05-15 13:55:00+00:00,2019-05-15 17:00:00+00:00,10281.0,10410.25,39,2019-05-15 17:00:00+00:00,2019-05-15 17:30:00+00:00,10376.0,10399.0,7,0.26499032882011603,10345.625,2019-05-15 17:30:00+00:00,10397.5,1.0
5min,2019-05-31 14:30:00+00:00,2019-05-31 14:45:00+00:00,10044.75,10059.0,5,2019-05-31 14:45:00+00:00,2019-05-31 15:25:00+00:00,10042.25,10077.5,9,1.1754385964912282,10051.875,2019-05-31 15:25:00+00:00,10075.5,0.7777777777777778
5min,2019-06-04 14:20:00+00:00,2019-06-04 18:20:00+00:00,9941.0,10047.75,50,2019-06-04 18:20:00+00:00,2019-06-04 18:45:00+00:00,10025.5,10037.75,6,0.20843091334894615,9994.375,2019-06-04 18:45:00+00:00,10037.0,1.0
5min,2019-06-06 17:50:00+00:00,2019-06-07 16:00:00+00:00,10124.5,10342.25,59,2019-06-07 16:00:00+00:00,2019-06-07 16:25:00+00:00,10305.75,10320.0,6,0.16762342135476463,10233.375,2019-06-07 16:25:00+00:00,10319.25,1.0
5min,2019-06-14 18:15:00+00:00,2019-06-14 18:55:00+00:00,10367.5,10377.5,10,2019-06-14 18:55:00+00:00,2019-06-14 19:15:00+00:00,10372.5,10387.5,5,0.5,10372.5,2019-06-14 19:15:00+00:00,10386.75,1.0
5min,2019-06-14 19:25:00+00:00,2019-06-17 15:30:00+00:00,10370.0,10440.75,34,2019-06-17 15:30:00+00:00,2019-06-17 15:50:00+00:00,10419.25,10427.75,5,0.303886925795053,10405.375,2019-06-17 15:50:00+00:00,10427.5,0.8888888888888888
5min,2019-07-03 14:25:00+00:00,2019-07-04 14:10:00+00:00,10713.75,10763.75,45,2019-07-04 14:10:00+00:00,2019-07-04 14:45:00+00:00,10756.75,10762.0,8,0.14,10738.75,2019-07-04 14:45:00+00:00,10761.5,1.0
5min,2019-07-05 17:15:00+00:00,2019-07-05 18:00:00+00:00,10708.75,10729.5,11,2019-07-05 18:00:00+00:00,2019-07-05 18:35:00+00:00,10719.0,10731.75,8,0.5060240963855421,10719.125,2019-07-05 18:35:00+00:00,10730.0,0.7777777777777778
5min,2019-07-09 13:40:00+00:00,2019-07-09 19:15:00+00:00,10648.5,10710.75,69,2019-07-09 19:15:00+00:00,2019-07-09 19:50:00+00:00,10695.5,10710.75,8,0.24497991967871485,10679.625,2019-07-09 19:50:00+00:00,10709.5,1.0
5min,2019-07-18 17:15:00+00:00,2019-07-18 17:55:00+00:00,10730.0,10741.75,10,2019-07-18 17:55:00+00:00,2019-07-18 18:15:00+00:00,10730.0,10755.25,5,1.0,10735.875,2019-07-18 18:15:00+00:00,10751.25,0.8888888888888888
5min,2019-07-23 16:50:00+00:00,2019-07-24 16:00:00+00:00,10789.75,10858.25,71,2019-07-24 16:00:00+00:00,2019-07-24 16:45:00+00:00,10839.75,10856.5,10,0.27007299270072993,10824.0,2019-07-24 16:45:00+00:00,10856.0,1.0
5min,2019-07-26 15:30:00+00:00,2019-07-26 18:30:00+00:00,10878.75,10899.0,38,2019-07-26 18:30:00+00:00,2019-07-26 19:00:00+00:00,10888.75,10899.75,7,0.5061728395061729,10888.875,2019-07-26 19:00:00+00:00,10899.0,1.0
5min,2019-07-29 18:30:00+00:00,2019-07-29 19:10:00+00:00,10855.75,10868.75,10,2019-07-29 19:10:00+00:00,2019-07-29 19:40:00+00:00,10860.5,10870.0,7,0.6346153846153846,10862.25,2019-07-29 19:40:00+00:00,10868.75,0.7777777777777778
5min,2019-08-01 13:40:00+00:00,2019-08-01 16:05:00+00:00,10773.25,10877.75,31,2019-08-01 16:05:00+00:00,2019-08-01 16:45:00+00:00,10850.25,10867.75,9,0.2631578947368421,10825.5,2019-08-01 16:45:00+00:00,10867.0,1.0
5min,2019-08-07 17:00:00+00:00,2019-08-07 18:25:00+00:00,10344.5,10414.0,19,2019-08-07 18:25:00+00:00,2019-08-07 18:45:00+00:00,10373.5,10420.25,5,0.5827338129496403,10379.25,2019-08-07 18:45:00+00:00,10418.25,1.0
5min,2019-08-13 13:35:00+00:00,2019-08-13 15:05:00+00:00,10418.5,10652.75,20,2019-08-13 15:05:00+00:00,2019-08-13 18:30:00+00:00,10557.25,10620.75,42,0.40768409818569906,10535.625,2019-08-13 18:30:00+00:00,10620.25,1.0
5min,2019-08-15 19:40:00+00:00,2019-08-16 13:30:00+00:00,10352.5,10436.0,7,2019-08-16 13:30:00+00:00,2019-08-16 14:50:00+00:00,10408.75,10477.75,17,0.3263473053892216,10394.25,2019-08-16 14:50:00+00:00,10471.75,1.0
5min,2019-08-16 19:50:00+00:00,2019-08-19 14:10:00+00:00,10473.25,10608.0,13,2019-08-19 14:10:00+00:00,2019-08-19 14:55:00+00:00,10558.5,10592.0,10,0.3673469387755102,10540.625,2019-08-19 14:55:00+00:00,10591.75,1.0
5min,2019-08-28 18:40:00+00:00,2019-08-29 14:45:00+00:00,10445.25,10589.25,34,2019-08-29 14:45:00+00:00,2019-08-29 15:15:00+00:00,10530.75,10569.75,7,0.40625,10517.25,2019-08-29 15:15:00+00:00,10568.25,1.0
5min,2019-08-29 15:25:00+00:00,2019-08-29 17:35:00+00:00,10564.5,10585.75,28,2019-08-29 17:35:00+00:00,2019-08-29 17:55:00+00:00,10572.5,10589.0,5,0.6235294117647059,10575.125,2019-08-29 17:55:00+00:00,10589.0,1.0
5min,2019-09-04 15:05:00+00:00,2019-09-04 15:20:00+00:00,10542.75,10550.0,5,2019-09-04 15:20:00+00:00,2019-09-04 16:05:00+00:00,10542.75,10567.5,10,1.0,10546.375,2019-09-04 16:05:00+00:00,10566.5,1.0
5min,2019-09-10 19:50:00+00:00,2019-09-11 13:35:00+00:00,10646.0,10697.75,6,2019-09-11 13:35:00+00:00,2019-09-11 14:15:00+00:00,10674.75,10731.25,9,0.4444444444444444,10671.875,2019-09-11 14:15:00+00:00,10728.25,1.0
5min,2019-09-18 19:35:00+00:00,2019-09-19 15:05:00+00:00,10719.5,10816.0,27,2019-09-19 15:05:00+00:00,2019-09-19 15:40:00+00:00,10796.75,10811.0,8,0.19948186528497408,10767.75,2019-09-19 15:40:00+00:00,10808.25,1.0
5min,2019-09-26 18:00:00+00:00,2019-09-26 19:00:00+00:00,10613.0,10643.0,14,2019-09-26 19:00:00+00:00,2019-09-26 19:35:00+00:00,10623.5,10660.5,8,0.65,10628.0,2019-09-26 19:35:00+00:00,10656.25,1.0
5min,2019-10-03 16:10:00+00:00,2019-10-03 19:00:00+00:00,10433.25,10496.75,36,2019-10-03 19:00:00+00:00,2019-10-03 20:00:00+00:00,10464.25,10496.0,13,0.5118110236220472,10465.0,2019-10-03 20:00:00+00:00,10494.5,1.0
5min,2019-10-04 14:55:00+00:00,2019-10-04 18:00:00+00:00,10540.5,10591.5,39,2019-10-04 18:00:00+00:00,2019-10-04 18:20:00+00:00,10574.0,10594.5,5,0.3431372549019608,10566.0,2019-10-04 18:20:00+00:00,10589.75,1.0
5min,2019-10-10 17:55:00+00:00,2019-10-10 18:15:00+00:00,10550.25,10598.75,6,2019-10-10 18:15:00+00:00,2019-10-10 19:25:00+00:00,10557.0,10594.0,15,0.8608247422680413,10574.5,2019-10-10 19:25:00+00:00,10593.25,0.8888888888888888
5min,2019-10-10 19:55:00+00:00,2019-10-11 15:55:00+00:00,10587.5,10754.0,33,2019-10-11 15:55:00+00:00,2019-10-11 19:40:00+00:00,10681.75,10760.25,46,0.4339339339339339,10670.75,2019-10-11 19:40:00+00:00,10759.25,1.0
5min,2019-10-21 14:25:00+00:00,2019-10-21 16:05:00+00:00,10753.25,10781.25,22,2019-10-21 16:05:00+00:00,2019-10-21 16:30:00+00:00,10767.75,10780.75,6,0.48214285714285715,10767.25,2019-10-21 16:30:00+00:00,10780.5,1.0
5min,2019-10-21 18:45:00+00:00,2019-10-21 19:40:00+00:00,10779.75,10786.0,13,2019-10-21 19:40:00+00:00,2019-10-22 13:30:00+00:00,10780.25,10818.5,6,0.92,10782.875,2019-10-22 13:30:00+00:00,10814.75,0.6666666666666666
5min,2019-10-24 17:30:00+00:00,2019-10-24 18:00:00+00:00,10788.25,10803.0,8,2019-10-24 18:00:00+00:00,2019-10-24 18:25:00+00:00,10788.25,10802.0,6,1.0,10795.625,2019-10-24 18:25:00+00:00,10801.75,1.0
5min,2019-10-24 18:35:00+00:00,2019-10-25 16:45:00+00:00,10771.25,10882.0,59,2019-10-25 16:45:00+00:00,2019-10-25 17:15:00+00:00,10863.5,10873.25,7,0.1670428893905192,10826.625,2019-10-25 17:15:00+00:00,10872.5,1.0
5min,2019-11-08 19:35:00+00:00,2019-11-08 19:55:00+00:00,11072.75,11079.25,6,2019-11-08 19:55:00+00:00,2019-11-08 20:15:00+00:00,11072.75,11088.5,5,1.0,11076.0,2019-11-08 20:15:00+00:00,11088.0,1.0
5min,2019-11-11 16:45:00+00:00,2019-11-11 19:45:00+00:00,11073.75,11094.25,38,2019-11-11 19:45:00+00:00,2019-11-11 20:05:00+00:00,11086.0,11092.5,5,0.4024390243902439,11084.0,2019-11-11 20:05:00+00:00,11092.5,1.0
5min,2019-11-14 19:15:00+00:00,2019-11-15 14:50:00+00:00,11094.25,11163.0,28,2019-11-15 14:50:00+00:00,2019-11-15 15:20:00+00:00,11131.25,11150.5,7,0.4618181818181818,11128.625,2019-11-15 15:20:00+00:00,11148.75,1.0
5min,2019-11-19 18:40:00+00:00,2019-11-19 19:00:00+00:00,11186.5,11194.0,6,2019-11-19 19:00:00+00:00,2019-11-19 19:25:00+00:00,11189.25,11204.5,6,0.6333333333333333,11190.25,2019-11-19 19:25:00+00:00,11203.25,1.0
5min,2019-11-25 14:30:00+00:00,2019-11-25 17:20:00+00:00,11153.0,11214.0,36,2019-11-25 17:20:00+00:00,2019-11-25 18:05:00+00:00,11202.0,11210.25,10,0.19672131147540983,11183.5,2019-11-25 18:05:00+00:00,11207.5,1.0
5min,2019-11-25 20:05:00+00:00,2019-11-26 18:40:00+00:00,11205.0,11244.75,64,2019-11-26 18:40:00+00:00,2019-11-27 15:30:00+00:00,11226.25,11265.75,42,0.46540880503144655,11224.875,2019-11-27 15:30:00+00:00,11265.5,1.0
5min,2019-11-27 15:40:00+00:00,2019-11-27 19:55:00+00:00,11262.5,11288.75,53,2019-11-27 19:55:00+00:00,2019-11-27 20:15:00+00:00,11280.5,11287.5,5,0.3142857142857143,11275.625,2019-11-27 20:15:00+00:00,11286.0,1.0
5min,2019-12-03 20:20:00+00:00,2019-12-03 20:45:00+00:00,11075.25,11097.5,7,2019-12-03 20:45:00+00:00,2019-12-04 14:30:00+00:00,11081.75,11147.75,5,0.7078651685393258,11086.375,2019-12-04 14:30:00+00:00,11143.0,0.6666666666666666
5min,2019-12-04 14:45:00+00:00,2019-12-04 15:45:00+00:00,11139.0,11161.5,14,2019-12-04 15:45:00+00:00,2019-12-04 16:05:00+00:00,11143.75,11158.25,5,0.7888888888888889,11150.25,2019-12-04 16:05:00+00:00,11157.75,1.0
5min,2019-12-05 18:45:00+00:00,2019-12-05 19:05:00+00:00,11138.5,11145.25,6,2019-12-05 19:05:00+00:00,2019-12-05 19:30:00+00:00,11139.75,11151.5,6,0.8148148148148148,11141.875,2019-12-05 19:30:00+00:00,11150.5,0.8888888888888888
5min,2019-12-05 19:40:00+00:00,2019-12-05 20:55:00+00:00,11128.0,11158.75,17,2019-12-05 20:55:00+00:00,2019-12-06 14:45:00+00:00,11148.0,11227.0,6,0.34959349593495936,11143.375,2019-12-06 14:45:00+00:00,11225.5,1.0
5min,2019-12-06 14:55:00+00:00,2019-12-06 19:00:00+00:00,11218.0,11248.5,51,2019-12-06 19:00:00+00:00,2019-12-06 19:30:00+00:00,11240.5,11247.25,7,0.26229508196721313,11233.25,2019-12-06 19:30:00+00:00,11246.25,1.0
5min,2019-12-16 14:35:00+00:00,2019-12-16 16:50:00+00:00,11389.25,11433.25,29,2019-12-16 16:50:00+00:00,2019-12-16 17:30:00+00:00,11422.25,11435.0,9,0.25,11411.25,2019-12-16 17:30:00+00:00,11433.75,1.0
5min,2019-12-18 14:35:00+00:00,2019-12-18 17:40:00+00:00,11425.25,11459.0,39,2019-12-18 17:40:00+00:00,2019-12-18 19:35:00+00:00,11444.25,11453.0,24,0.43703703703703706,11442.125,2019-12-18 19:35:00+00:00,11452.75,1.0
5min,2019-12-19 14:35:00+00:00,2019-12-19 20:30:00+00:00,11436.0,11482.25,73,2019-12-19 20:30:00+00:00,2019-12-19 20:55:00+00:00,11473.0,11484.5,6,0.2,11459.125,2019-12-19 20:55:00+00:00,11483.5,1.0
5min,2019-12-20 15:30:00+00:00,2019-12-20 19:05:00+00:00,11513.5,11535.0,45,2019-12-20 19:05:00+00:00,2019-12-20 19:50:00+00:00,11524.5,11532.0,10,0.4883720930232558,11524.25,2019-12-20 19:50:00+00:00,11531.0,1.0
5min,2019-12-24 18:05:00+00:00,2019-12-26 17:20:00+00:00,11542.5,11598.25,39,2019-12-26 17:20:00+00:00,2019-12-26 18:00:00+00:00,11584.5,11594.75,9,0.24663677130044842,11570.375,2019-12-26 18:00:00+00:00,11593.5,1.0
5min,2019-12-31 19:35:00+00:00,2020-01-02 15:20:00+00:00,11545.75,11670.25,30,2020-01-02 15:20:00+00:00,2020-01-02 16:00:00+00:00,11620.0,11648.0,9,0.4036144578313253,11608.0,2020-01-02 16:00:00+00:00,11646.5,1.0
5min,2020-01-06 14:40:00+00:00,2020-01-06 17:20:00+00:00,11569.5,11654.25,34,2020-01-06 17:20:00+00:00,2020-01-06 18:05:00+00:00,11629.5,11643.25,10,0.2920353982300885,11611.875,2020-01-06 18:05:00+00:00,11642.75,1.0
5min,2020-01-08 16:15:00+00:00,2020-01-08 19:00:00+00:00,11690.75,11762.5,35,2020-01-08 19:00:00+00:00,2020-01-08 20:00:00+00:00,11750.5,11767.75,13,0.1672473867595819,11726.625,2020-01-08 20:00:00+00:00,11767.25,1.0
5min,2020-01-13 14:35:00+00:00,2020-01-13 15:40:00+00:00,11821.5,11855.5,15,2020-01-13 15:40:00+00:00,2020-01-13 16:20:00+00:00,11837.5,11860.0,9,0.5294117647058824,11838.5,2020-01-13 16:20:00+00:00,11858.75,1.0
5min,2020-01-13 16:30:00+00:00,2020-01-13 19:05:00+00:00,11852.5,11890.25,33,2020-01-13 19:05:00+00:00,2020-01-13 19:25:00+00:00,11879.25,11891.5,5,0.2913907284768212,11871.375,2020-01-13 19:25:00+00:00,11890.25,1.0
5min,2020-01-16 18:35:00+00:00,2020-01-16 20:05:00+00:00,11909.5,11929.75,20,2020-01-16 20:05:00+00:00,2020-01-16 20:35:00+00:00,11920.25,11934.5,7,0.4691358024691358,11919.625,2020-01-16 20:35:00+00:00,11933.5,1.0
5min,2020-01-21 20:00:00+00:00,2020-01-21 20:55:00+00:00,11983.5,12009.75,13,2020-01-21 20:55:00+00:00,2020-01-22 15:40:00+00:00,11988.25,12066.25,17,0.819047619047619,11996.625,2020-01-22 15:40:00+00:00,12065.75,1.0
5min,2020-01-27 16:45:00+00:00,2020-01-27 17:05:00+00:00,11783.75,11800.5,6,2020-01-27 17:05:00+00:00,2020-01-27 17:50:00+00:00,11783.75,11829.0,10,1.0,11792.125,2020-01-27 17:50:00+00:00,11826.5,0.7777777777777778
5min,2020-01-28 15:00:00+00:00,2020-01-28 18:00:00+00:00,11828.75,11924.75,38,2020-01-28 18:00:00+00:00,2020-01-28 18:50:00+00:00,11900.0,11917.25,11,0.2578125,11876.75,2020-01-28 18:50:00+00:00,11916.75,1.0
5min,2020-02-03 21:00:00+00:00,2020-02-04 14:40:00+00:00,11946.25,12087.5,5,2020-02-04 14:40:00+00:00,2020-02-04 15:30:00+00:00,12044.75,12099.0,11,0.30265486725663715,12016.875,2020-02-04 15:30:00+00:00,12097.5,1.0
5min,2020-02-04 15:40:00+00:00,2020-02-04 18:20:00+00:00,12093.25,12150.75,34,2020-02-04 18:20:00+00:00,2020-02-04 18:40:00+00:00,12128.25,12146.5,5,0.391304347826087,12122.0,2020-02-04 18:40:00+00:00,12143.5,1.0
5min,2020-02-06 15:40:00+00:00,2020-02-06 18:20:00+00:00,12224.5,12270.75,34,2020-02-06 18:20:00+00:00,2020-02-06 18:55:00+00:00,12249.75,12264.25,8,0.4540540540540541,12247.625,2020-02-06 18:55:00+00:00,12261.5,1.0
5min,2020-02-07 15:30:00+00:00,2020-02-07 16:05:00+00:00,12232.0,12257.25,9,2020-02-07 16:05:00+00:00,2020-02-07 16:25:00+00:00,12236.5,12265.5,5,0.8217821782178217,12244.625,2020-02-07 16:25:00+00:00,12264.5,1.0
5min,2020-02-10 14:40:00+00:00,2020-02-10 17:25:00+00:00,12230.75,12303.0,35,2020-02-10 17:25:00+00:00,2020-02-10 18:15:00+00:00,12274.25,12291.5,11,0.39792387543252594,12266.875,2020-02-10 18:15:00+00:00,12290.5,1.0
5min,2020-02-12 20:30:00+00:00,2020-02-13 17:45:00+00:00,12357.0,12449.25,48,2020-02-13 17:45:00+00:00,2020-02-13 18:45:00+00:00,12417.5,12451.5,13,0.34417344173441733,12403.125,2020-02-13 18:45:00+00:00,12451.25,1.0
5min,2020-02-14 20:40:00+00:00,2020-02-17 14:50:00+00:00,12427.25,12482.25,11,2020-02-17 14:50:00+00:00,2020-02-17 15:50:00+00:00,12473.5,12484.25,13,0.1590909090909091,12454.75,2020-02-17 15:50:00+00:00,12482.0,0.7777777777777778
5min,2020-02-19 14:35:00+00:00,2020-02-19 18:15:00+00:00,12499.25,12561.5,46,2020-02-19 18:15:00+00:00,2020-02-19 19:10:00+00:00,12547.0,12559.5,12,0.23293172690763053,12530.375,2020-02-19 19:10:00+00:00,12558.5,1.0
5min,2020-02-26 14:40:00+00:00,2020-02-26 16:05:00+00:00,11730.0,11855.25,19,2020-02-26 16:05:00+00:00,2020-02-26 16:25:00+00:00,11790.0,11840.5,5,0.5209580838323353,11792.625,2020-02-26 16:25:00+00:00,11840.0,1.0
5min,2020-02-28 20:55:00+00:00,2020-03-02 15:10:00+00:00,11110.25,11413.75,12,2020-03-02 15:10:00+00:00,2020-03-02 15:45:00+00:00,11260.75,11365.25,8,0.5041186161449753,11262.0,2020-03-02 15:45:00+00:00,11357.0,1.0
5min,2020-03-04 17:20:00+00:00,2020-03-04 19:55:00+00:00,11558.0,11684.0,33,2020-03-04 19:55:00+00:00,2020-03-04 20:25:00+00:00,11633.5,11692.75,7,0.4007936507936508,11621.0,2020-03-04 20:25:00+00:00,11685.0,1.0
5min,2020-03-23 20:00:00+00:00,2020-03-24 17:05:00+00:00,9813.0,10358.25,46,2020-03-24 17:05:00+00:00,2020-03-24 19:00:00+00:00,10123.5,10298.0,24,0.4305364511691884,10085.625,2020-03-24 19:00:00+00:00,10295.0,1.0
5min,2020-03-25 16:05:00+00:00,2020-03-25 18:10:00+00:00,10322.75,10590.25,27,2020-03-25 18:10:00+00:00,2020-03-25 19:05:00+00:00,10437.25,10541.5,12,0.5719626168224299,10456.5,2020-03-25 19:05:00+00:00,10540.25,1.0
5min,2020-03-26 13:35:00+00:00,2020-03-26 16:20:00+00:00,10344.0,10581.0,35,2020-03-26 16:20:00+00:00,2020-03-26 19:35:00+00:00,10476.25,10626.75,40,0.4419831223628692,10462.5,2020-03-26 19:35:00+00:00,10618.0,1.0
5min,2020-03-30 13:35:00+00:00,2020-03-30 16:10:00+00:00,10459.25,10659.0,33,2020-03-30 16:10:00+00:00,2020-03-30 16:30:00+00:00,10600.75,10656.0,5,0.29161451814768463,10559.125,2020-03-30 16:30:00+00:00,10654.0,1.0
5min,2020-04-02 19:05:00+00:00,2020-04-02 19:40:00+00:00,10349.25,10405.25,9,2020-04-02 19:40:00+00:00,2020-04-02 20:00:00+00:00,10349.25,10454.75,5,1.0,10377.25,2020-04-02 20:00:00+00:00,10446.0,1.0
5min,2020-04-06 13:55:00+00:00,2020-04-06 18:15:00+00:00,10632.25,10791.5,54,2020-04-06 18:15:00+00:00,2020-04-06 18:50:00+00:00,10741.5,10779.25,8,0.3139717425431711,10711.875,2020-04-06 18:50:00+00:00,10776.75,1.0
5min,2020-04-13 17:35:00+00:00,2020-04-13 19:10:00+00:00,11024.5,11090.0,21,2020-04-13 19:10:00+00:00,2020-04-13 19:35:00+00:00,11057.25,11134.75,6,0.5,11057.25,2020-04-13 19:35:00+00:00,11133.75,1.0
5min,2020-04-13 19:45:00+00:00,2020-04-14 15:05:00+00:00,11108.75,11439.0,25,2020-04-14 15:05:00+00:00,2020-04-14 16:05:00+00:00,11373.0,11443.0,13,0.19984859954579864,11273.875,2020-04-14 16:05:00+00:00,11440.5,1.0
5min,2020-04-14 16:15:00+00:00,2020-04-14 18:50:00+00:00,11431.0,11526.75,33,2020-04-14 18:50:00+00:00,2020-04-14 19:50:00+00:00,11474.25,11529.0,13,0.5483028720626631,11478.875,2020-04-14 19:50:00+00:00,11529.0,1.0
5min,2020-04-15 16:30:00+00:00,2020-04-15 17:05:00+00:00,11367.25,11416.5,9,2020-04-15 17:05:00+00:00,2020-04-15 18:15:00+00:00,11387.75,11434.25,15,0.583756345177665,11391.875,2020-04-15 18:15:00+00:00,11431.0,0.8888888888888888
5min,2020-04-20 14:20:00+00:00,2020-04-20 16:20:00+00:00,11592.0,11675.25,26,2020-04-20 16:20:00+00:00,2020-04-20 16:40:00+00:00,11638.75,11665.5,5,0.43843843843843844,11633.625,2020-04-20 16:40:00+00:00,11661.0,1.0
5min,2020-04-29 13:50:00+00:00,2020-04-29 17:35:00+00:00,11689.25,11794.0,47,2020-04-29 17:35:00+00:00,2020-04-29 17:55:00+00:00,11771.0,11787.75,5,0.21957040572792363,11741.625,2020-04-29 17:55:00+00:00,11784.5,1.0
5min,2020-05-04 17:40:00+00:00,2020-05-05 17:10:00+00:00,11553.75,11828.0,75,2020-05-05 17:10:00+00:00,2020-05-05 17:30:00+00:00,11795.75,11817.0,5,0.11759343664539654,11690.875,2020-05-05 17:30:00+00:00,11816.25,1.0
5min,2020-05-08 19:35:00+00:00,2020-05-11 13:35:00+00:00,11976.75,12049.75,9,2020-05-11 13:35:00+00:00,2020-05-11 14:10:00+00:00,11976.75,12072.75,8,1.0,12013.25,2020-05-11 14:10:00+00:00,12066.0,1.0
5min,2020-05-15 16:05:00+00:00,2020-05-15 17:50:00+00:00,11817.75,11934.0,23,2020-05-15 17:50:00+00:00,2020-05-15 18:25:00+00:00,11877.0,11940.5,8,0.49032258064516127,11875.875,2020-05-15 18:25:00+00:00,11936.0,1.0
5min,2020-05-15 18:55:00+00:00,2020-05-18 13:35:00+00:00,11897.5,12105.5,17,2020-05-18 13:35:00+00:00,2020-05-18 14:35:00+00:00,12065.75,12139.0,13,0.19110576923076922,12001.5,2020-05-18 14:35:00+00:00,12133.0,1.0
5min,2020-05-19 13:40:00+00:00,2020-05-19 15:45:00+00:00,12157.5,12235.0,27,2020-05-19 15:45:00+00:00,2020-05-19 17:20:00+00:00,12195.75,12231.0,20,0.5064516129032258,12196.25,2020-05-19 17:20:00+00:00,12230.25,1.0
5min,2020-05-22 15:40:00+00:00,2020-05-22 16:15:00+00:00,12183.25,12200.5,9,2020-05-22 16:15:00+00:00,2020-05-22 16:35:00+00:00,12183.25,12206.75,5,1.0,12191.875,2020-05-22 16:35:00+00:00,12205.25,0.8888888888888888
5min,2020-05-22 16:45:00+00:00,2020-05-22 17:55:00+00:00,12206.75,12236.0,16,2020-05-22 17:55:00+00:00,2020-05-22 18:35:00+00:00,12211.75,12244.0,9,0.8290598290598291,12221.375,2020-05-22 18:35:00+00:00,12243.5,1.0
5min,2020-05-27 18:55:00+00:00,2020-05-28 15:40:00+00:00,12198.25,12335.25,42,2020-05-28 15:40:00+00:00,2020-05-28 16:00:00+00:00,12290.25,12346.25,5,0.3284671532846715,12266.75,2020-05-28 16:00:00+00:00,12345.25,1.0
5min,2020-05-29 18:05:00+00:00,2020-05-29 18:55:00+00:00,12221.0,12322.75,12,2020-05-29 18:55:00+00:00,2020-05-29 19:45:00+00:00,12221.0,12368.25,11,1.0,12271.875,2020-05-29 19:45:00+00:00,12363.75,1.0
5min,2020-05-29 19:55:00+00:00,2020-06-01 15:25:00+00:00,12335.0,12414.25,27,2020-06-01 15:25:00+00:00,2020-06-01 16:20:00+00:00,12364.75,12404.5,12,0.6246056782334385,12374.625,2020-06-01 16:20:00+00:00,12403.0,1.0
5min,2020-06-02 19:45:00+00:00,2020-06-03 14:30:00+00:00,12434.5,12533.0,18,2020-06-03 14:30:00+00:00,2020-06-03 14:55:00+00:00,12495.25,12520.75,6,0.383248730964467,12483.75,2020-06-03 14:55:00+00:00,12518.75,1.0
5min,2020-06-05 13:35:00+00:00,2020-06-05 17:45:00+00:00,12482.5,12675.5,52,2020-06-05 17:45:00+00:00,2020-06-05 18:25:00+00:00,12635.75,12663.75,9,0.20595854922279794,12579.0,2020-06-05 18:25:00+00:00,12661.0,1.0
5min,2020-06-08 16:40:00+00:00,2020-06-09 16:05:00+00:00,12636.5,12803.5,74,2020-06-09 16:05:00+00:00,2020-06-09 16:25:00+00:00,12767.0,12796.5,5,0.218562874251497,12720.0,2020-06-09 16:25:00+00:00,12794.25,1.0
5min,2020-06-15 13:45:00+00:00,2020-06-15 15:35:00+00:00,12344.5,12470.0,24,2020-06-15 15:35:00+00:00,2020-06-15 16:05:00+00:00,12426.0,12495.5,7,0.350597609561753,12407.25,2020-06-15 16:05:00+00:00,12490.75,1.0
5min,2020-06-15 16:15:00+00:00,2020-06-15 19:25:00+00:00,12483.5,12641.25,40,2020-06-15 19:25:00+00:00,2020-06-16 13:30:00+00:00,12555.75,12823.75,9,0.5419968304278923,12562.375,2020-06-16 13:30:00+00:00,12820.5,0.8888888888888888
5min,2020-06-22 14:00:00+00:00,2020-06-22 17:35:00+00:00,12847.75,12948.0,45,2020-06-22 17:35:00+00:00,2020-06-22 18:50:00+00:00,12919.5,12948.5,16,0.28428927680798005,12897.875,2020-06-22 18:50:00+00:00,12946.25,1.0
5min,2020-06-23 14:15:00+00:00,2020-06-23 18:10:00+00:00,13026.25,13139.5,49,2020-06-23 18:10:00+00:00,2020-06-23 18:40:00+00:00,13097.75,13123.25,7,0.3686534216335541,13082.875,2020-06-23 18:40:00+00:00,13118.25,0.8888888888888888
5min,2020-06-29 15:30:00+00:00,2020-06-29 17:00:00+00:00,12716.75,12771.5,20,2020-06-29 17:00:00+00:00,2020-06-29 17:40:00+00:00,12746.0,12772.25,9,0.4657534246575342,12744.125,2020-06-29 17:40:00+00:00,12771.5,0.8888888888888888
5min,2020-06-29 20:00:00+00:00,2020-06-30 16:50:00+00:00,12763.0,12946.25,43,2020-06-30 16:50:00+00:00,2020-06-30 18:30:00+00:00,12882.25,12925.25,21,0.34924965893587995,12854.625,2020-06-30 18:30:00+00:00,12925.0,1.0
5min,2020-06-30 18:40:00+00:00,2020-07-01 17:10:00+00:00,12917.0,13110.75,63,2020-07-01 17:10:00+00:00,2020-07-01 17:35:00+00:00,13069.75,13098.0,6,0.21161290322580645,13013.875,2020-07-01 17:35:00+00:00,13097.0,1.0
5min,2020-07-06 13:50:00+00:00,2020-07-06 16:25:00+00:00,13325.0,13457.75,33,2020-07-06 16:25:00+00:00,2020-07-06 16:45:00+00:00,13400.25,13429.5,5,0.4331450094161959,13391.375,2020-07-06 16:45:00+00:00,13429.0,0.8888888888888888
5min,2020-07-08 19:05:00+00:00,2020-07-09 13:45:00+00:00,13443.25,13591.25,17,2020-07-09 13:45:00+00:00,2020-07-09 14:05:00+00:00,13533.0,13585.75,5,0.3935810810810811,13517.25,2020-07-09 14:05:00+00:00,13580.0,1.0
5min,2020-07-10 14:35:00+00:00,2020-07-10 16:30:00+00:00,13536.0,13591.5,25,2020-07-10 16:30:00+00:00,2020-07-10 17:10:00+00:00,13556.5,13597.25,9,0.6306306306306306,13563.75,2020-07-10 17:10:00+00:00,13594.5,1.0
5min,2020-07-28 16:40:00+00:00,2020-07-28 17:20:00+00:00,13455.75,13481.75,10,2020-07-28 17:20:00+00:00,2020-07-28 17:40:00+00:00,13457.0,13488.5,5,0.9519230769230769,13468.75,2020-07-28 17:40:00+00:00,13487.25,0.8888888888888888
5min,2020-07-30 15:05:00+00:00,2020-07-30 17:40:00+00:00,13422.0,13562.0,33,2020-07-30 17:40:00+00:00,2020-07-30 18:00:00+00:00,13517.25,13553.0,5,0.3196428571428571,13492.0,2020-07-30 18:00:00+00:00,13552.5,1.0
5min,2020-07-31 18:55:00+00:00,2020-08-03 14:50:00+00:00,13613.25,13911.0,32,2020-08-03 14:50:00+00:00,2020-08-03 15:10:00+00:00,13834.5,13881.5,5,0.25692695214105793,13762.125,2020-08-03 15:10:00+00:00,13881.5,1.0
5min,2020-08-06 15:05:00+00:00,2020-08-06 19:50:00+00:00,13949.0,14115.0,59,2020-08-06 19:50:00+00:00,2020-08-07 14:55:00+00:00,14049.75,14110.25,21,0.3930722891566265,14032.0,2020-08-07 14:55:00+00:00,14108.25,1.0
5min,2020-08-12 13:35:00+00:00,2020-08-12 19:10:00+00:00,13800.75,14029.0,69,2020-08-12 19:10:00+00:00,2020-08-13 13:40:00+00:00,13965.5,14066.25,14,0.2782037239868565,13914.875,2020-08-13 13:40:00+00:00,14064.75,1.0
5min,2020-08-17 16:00:00+00:00,2020-08-17 16:20:00+00:00,14088.75,14102.25,6,2020-08-17 16:20:00+00:00,2020-08-17 16:50:00+00:00,14089.75,14114.0,7,0.9259259259259259,14095.5,2020-08-17 16:50:00+00:00,14113.25,1.0
5min,2020-08-18 14:50:00+00:00,2020-08-18 18:05:00+00:00,14154.75,14230.5,41,2020-08-18 18:05:00+00:00,2020-08-18 18:25:00+00:00,14208.75,14229.0,5,0.2871287128712871,14192.625,2020-08-18 18:25:00+00:00,14227.75,1.0
5min,2020-08-20 13:40:00+00:00,2020-08-20 16:50:00+00:00,14143.75,14268.25,40,2020-08-20 16:50:00+00:00,2020-08-20 17:25:00+00:00,14232.5,14259.25,8,0.28714859437751006,14206.0,2020-08-20 17:25:00+00:00,14258.0,1.0
5min,2020-08-20 17:35:00+00:00,2020-08-21 15:40:00+00:00,14249.0,14401.25,58,2020-08-21 15:40:00+00:00,2020-08-21 16:15:00+00:00,14329.5,14378.0,8,0.47126436781609193,14325.125,2020-08-21 16:15:00+00:00,14375.75,1.0
5min,2020-08-21 17:40:00+00:00,2020-08-21 18:00:00+00:00,14356.5,14383.25,6,2020-08-21 18:00:00+00:00,2020-08-21 18:20:00+00:00,14356.5,14382.75,5,1.0,14369.875,2020-08-21 18:20:00+00:00,14382.25,1.0
5min,2020-08-25 16:00:00+00:00,2020-08-25 16:20:00+00:00,14467.75,14505.25,6,2020-08-25 16:20:00+00:00,2020-08-25 16:40:00+00:00,14467.75,14508.25,5,1.0,14486.5,2020-08-25 16:40:00+00:00,14507.25,1.0
5min,2020-08-25 16:50:00+00:00,2020-08-26 16:50:00+00:00,14493.5,14793.5,81,2020-08-26 16:50:00+00:00,2020-08-26 17:25:00+00:00,14738.5,14781.0,8,0.18333333333333332,14643.5,2020-08-26 17:25:00+00:00,14777.25,1.0
5min,2020-08-31 15:45:00+00:00,2020-08-31 19:25:00+00:00,14900.25,15002.0,46,2020-08-31 19:25:00+00:00,2020-08-31 19:50:00+00:00,14950.5,15008.25,6,0.5061425061425061,14951.125,2020-08-31 19:50:00+00:00,15004.5,1.0
5min,2020-09-02 17:15:00+00:00,2020-09-02 17:55:00+00:00,15171.25,15240.75,10,2020-09-02 17:55:00+00:00,2020-09-02 18:35:00+00:00,15187.75,15238.25,9,0.762589928057554,15206.0,2020-09-02 18:35:00+00:00,15235.75,1.0
5min,2020-09-09 14:05:00+00:00,2020-09-09 17:40:00+00:00,14075.25,14322.0,45,2020-09-09 17:40:00+00:00,2020-09-09 19:05:00+00:00,14211.0,14294.25,18,0.44984802431610943,14198.625,2020-09-09 19:05:00+00:00,14288.5,1.0
5min,2020-09-14 19:35:00+00:00,2020-09-15 14:25:00+00:00,14100.25,14329.0,19,2020-09-15 14:25:00+00:00,2020-09-15 15:10:00+00:00,14224.0,14300.25,10,0.45901639344262296,14214.625,2020-09-15 15:10:00+00:00,14299.75,1.0
5min,2020-09-24 14:55:00+00:00,2020-09-24 16:40:00+00:00,13678.75,13838.5,23,2020-09-24 16:40:00+00:00,2020-09-24 17:05:00+00:00,13744.0,13820.5,6,0.5915492957746479,13758.625,2020-09-24 17:05:00+00:00,13816.75,1.0
5min,2020-09-25 14:25:00+00:00,2020-09-25 16:35:00+00:00,13746.25,13890.5,28,2020-09-25 16:35:00+00:00,2020-09-25 17:00:00+00:00,13835.25,13875.5,6,0.3830155979202773,13818.375,2020-09-25 17:00:00+00:00,13872.0,1.0
5min,2020-09-25 17:10:00+00:00,2020-09-28 13:40:00+00:00,13864.25,14203.25,39,2020-09-28 13:40:00+00:00,2020-09-28 19:45:00+00:00,14082.5,14207.5,74,0.3561946902654867,14033.75,2020-09-28 19:45:00+00:00,14206.75,1.0
5min,2020-09-30 13:35:00+00:00,2020-09-30 16:45:00+00:00,14166.5,14362.5,40,2020-09-30 16:45:00+00:00,2020-09-30 17:40:00+00:00,14278.5,14329.0,12,0.42857142857142855,14264.5,2020-09-30 17:40:00+00:00,14328.0,1.0
5min,2020-10-05 13:40:00+00:00,2020-10-05 15:45:00+00:00,14188.5,14294.25,27,2020-10-05 15:45:00+00:00,2020-10-05 16:10:00+00:00,14260.5,14290.75,6,0.3191489361702128,14241.375,2020-10-05 16:10:00+00:00,14288.5,1.0
5min,2020-10-07 14:50:00+00:00,2020-10-07 19:35:00+00:00,14234.0,14362.75,59,2020-10-07 19:35:00+00:00,2020-10-07 19:55:00+00:00,14332.25,14362.75,5,0.23689320388349513,14298.375,2020-10-07 19:55:00+00:00,14359.25,1.0
5min,2020-10-08 20:00:00+00:00,2020-10-09 17:30:00+00:00,14385.0,14561.75,51,2020-10-09 17:30:00+00:00,2020-10-09 17:55:00+00:00,14528.25,14547.25,6,0.18953323903818953,14473.375,2020-10-09 17:55:00+00:00,14547.25,1.0
5min,2020-10-09 19:20:00+00:00,2020-10-12 13:35:00+00:00,14534.75,14789.5,12,2020-10-12 13:35:00+00:00,2020-10-12 14:55:00+00:00,14723.5,14811.25,17,0.2590775269872424,14662.125,2020-10-12 14:55:00+00:00,14810.25,1.0
5min,2020-10-15 19:05:00+00:00,2020-10-15 19:55:00+00:00,14702.0,14774.75,12,2020-10-15 19:55:00+00:00,2020-10-16 14:05:00+00:00,14734.75,14854.25,10,0.5498281786941581,14738.375,2020-10-16 14:05:00+00:00,14845.0,1.0
5min,2020-10-16 17:15:00+00:00,2020-10-16 18:05:00+00:00,14768.75,14804.25,12,2020-10-16 18:05:00+00:00,2020-10-16 18:40:00+00:00,14768.75,14804.25,8,1.0,14786.5,2020-10-16 18:40:00+00:00,14803.5,1.0
5min,2020-10-20 16:20:00+00:00,2020-10-20 18:00:00+00:00,14535.75,14648.25,22,2020-10-20 18:00:00+00:00,2020-10-20 18:20:00+00:00,14577.5,14637.75,5,0.6288888888888889,14592.0,2020-10-20 18:20:00+00:00,14628.75,0.8888888888888888
5min,2020-10-21 17:25:00+00:00,2020-10-21 17:45:00+00:00,14524.0,14558.0,6,2020-10-21 17:45:00+00:00,2020-10-21 18:35:00+00:00,14524.0,14588.0,11,1.0,14541.0,2020-10-21 18:35:00+00:00,14582.5,1.0
5min,2020-10-29 14:00:00+00:00,2020-10-29 14:55:00+00:00,14096.5,14163.5,13,2020-10-29 14:55:00+00:00,2020-10-29 15:15:00+00:00,14116.25,14167.0,5,0.7052238805970149,14130.0,2020-10-29 15:15:00+00:00,14164.75,0.8888888888888888
5min,2020-10-29 16:15:00+00:00,2020-10-29 19:15:00+00:00,14134.0,14314.0,38,2020-10-29 19:15:00+00:00,2020-10-29 19:50:00+00:00,14238.5,14293.5,8,0.41944444444444445,14224.0,2020-10-29 19:50:00+00:00,14287.5,1.0
5min,2020-11-02 21:00:00+00:00,2020-11-03 14:40:00+00:00,13899.5,14009.5,5,2020-11-03 14:40:00+00:00,2020-11-03 15:00:00+00:00,13957.5,14057.0,5,0.4727272727272727,13954.5,2020-11-03 15:00:00+00:00,14055.0,1.0
5min,2020-11-03 20:30:00+00:00,2020-11-04 14:30:00+00:00,14110.5,14494.0,9,2020-11-04 14:30:00+00:00,2020-11-04 15:05:00+00:00,14413.25,14550.75,8,0.2105606258148631,14302.25,2020-11-04 15:05:00+00:00,14545.75,1.0
5min,2020-11-06 15:25:00+00:00,2020-11-06 19:30:00+00:00,14814.5,14958.25,51,2020-11-06 19:30:00+00:00,2020-11-06 20:45:00+00:00,14885.75,14951.25,16,0.5043478260869565,14886.375,2020-11-06 20:45:00+00:00,14949.5,1.0
5min,2020-11-11 14:40:00+00:00,2020-11-11 15:50:00+00:00,14588.0,14699.25,16,2020-11-11 15:50:00+00:00,2020-11-11 16:15:00+00:00,14631.25,14679.0,6,0.6112359550561798,14643.625,2020-11-11 16:15:00+00:00,14672.25,1.0
5min,2020-11-11 20:10:00+00:00,2020-11-11 20:30:00+00:00,14695.25,14729.25,6,2020-11-11 20:30:00+00:00,2020-11-11 20:50:00+00:00,14702.0,14747.5,5,0.8014705882352942,14712.25,2020-11-11 20:50:00+00:00,14745.75,1.0
5min,2020-11-24 15:45:00+00:00,2020-11-24 20:45:00+00:00,14797.5,14951.25,62,2020-11-24 20:45:00+00:00,2020-11-25 14:30:00+00:00,14919.25,14970.75,5,0.208130081300813,14874.375,2020-11-25 14:30:00+00:00,14969.0,0.8888888888888888
5min,2020-11-30 18:30:00+00:00,2020-11-30 19:05:00+00:00,15072.25,15107.0,9,2020-11-30 19:05:00+00:00,2020-11-30 19:30:00+00:00,15083.5,15113.5,6,0.6762589928057554,15089.625,2020-11-30 19:30:00+00:00,15109.25,1.0
5min,2020-11-30 19:40:00+00:00,2020-12-01 14:35:00+00:00,15095.5,15240.75,20,2020-12-01 14:35:00+00:00,2020-12-01 15:05:00+00:00,15190.5,15275.75,7,0.3459552495697074,15168.125,2020-12-01 15:05:00+00:00,15269.0,1.0
5min,2020-12-11 18:40:00+00:00,2020-12-11 20:05:00+00:00,15163.0,15220.5,19,2020-12-11 20:05:00+00:00,2020-12-14 14:40:00+00:00,15186.75,15355.0,15,0.5869565217391305,15191.75,2020-12-14 14:40:00+00:00,15351.75,1.0
5min,2020-12-15 17:10:00+00:00,2020-12-16 14:35:00+00:00,15368.25,15482.25,50,2020-12-16 14:35:00+00:00,2020-12-16 16:05:00+00:00,15429.0,15494.5,19,0.46710526315789475,15425.25,2020-12-16 16:05:00+00:00,15493.25,1.0
5min,2020-12-28 15:45:00+00:00,2020-12-28 20:35:00+00:00,15646.5,15712.5,60,2020-12-28 20:35:00+00:00,2020-12-29 14:35:00+00:00,15681.0,15772.25,8,0.4772727272727273,15679.5,2020-12-29 14:35:00+00:00,15764.5,1.0
5min,2021-01-06 14:50:00+00:00,2021-01-06 15:05:00+00:00,15464.75,15525.0,5,2021-01-06 15:05:00+00:00,2021-01-06 15:25:00+00:00,15470.75,15561.25,5,0.9004149377593361,15494.875,2021-01-06 15:25:00+00:00,15558.75,1.0
5min,2021-01-07 14:35:00+00:00,2021-01-07 17:15:00+00:00,15583.0,15777.75,34,2021-01-07 17:15:00+00:00,2021-01-07 17:55:00+00:00,15725.75,15758.25,9,0.26700898587933247,15680.375,2021-01-07 17:55:00+00:00,15757.5,1.0
5min,2021-01-07 18:05:00+00:00,2021-01-08 15:30:00+00:00,15726.25,15911.5,50,2021-01-08 15:30:00+00:00,2021-01-08 15:50:00+00:00,15809.5,15894.75,5,0.5506072874493927,15818.875,2021-01-08 15:50:00+00:00,15893.25,1.0
5min,2021-01-13 14:55:00+00:00,2021-01-13 17:10:00+00:00,15728.0,15850.25,29,2021-01-13 17:10:00+00:00,2021-01-13 17:45:00+00:00,15795.25,15826.5,8,0.4498977505112474,15789.125,2021-01-13 17:45:00+00:00,15824.25,1.0
5min,2021-01-19 16:55:00+00:00,2021-01-19 19:40:00+00:00,15748.75,15849.0,35,2021-01-19 19:40:00+00:00,2021-01-19 20:05:00+00:00,15828.5,15863.5,6,0.20448877805486285,15798.875,2021-01-19 20:05:00+00:00,15861.25,1.0
5min,2021-01-19 20:15:00+00:00,2021-01-20 21:00:00+00:00,15838.75,16184.0,90,2021-01-20 21:00:00+00:00,2021-01-21 16:00:00+00:00,16140.25,16246.25,20,0.12671976828385229,16011.375,2021-01-21 16:00:00+00:00,16242.75,1.0
5min,2021-01-28 14:35:00+00:00,2021-01-28 16:45:00+00:00,15985.25,16175.75,28,2021-01-28 16:45:00+00:00,2021-01-28 17:05:00+00:00,16111.0,16188.0,5,0.33989501312335957,16080.5,2021-01-28 17:05:00+00:00,16184.75,1.0
5min,2021-02-01 15:20:00+00:00,2021-02-01 18:45:00+00:00,15880.75,16128.5,43,2021-02-01 18:45:00+00:00,2021-02-02 14:35:00+00:00,16084.25,16234.5,30,0.17860746720484358,16004.625,2021-02-02 14:35:00+00:00,16229.75,1.0
5min,2021-02-02 14:45:00+00:00,2021-02-02 18:25:00+00:00,16224.25,16328.25,46,2021-02-02 18:25:00+00:00,2021-02-02 18:45:00+00:00,16283.25,16337.0,5,0.4326923076923077,16276.25,2021-02-02 18:45:00+00:00,16336.5,1.0
5min,2021-02-05 16:40:00+00:00,2021-02-05 17:00:00+00:00,16416.75,16435.0,6,2021-02-05 17:00:00+00:00,2021-02-05 17:20:00+00:00,16416.25,16453.0,5,1.0273972602739727,16425.875,2021-02-05 17:20:00+00:00,16452.75,1.0
5min,2021-02-12 19:25:00+00:00,2021-02-15 17:15:00+00:00,16575.25,16721.25,55,2021-02-15 17:15:00+00:00,2021-02-15 17:45:00+00:00,16714.0,16732.0,7,0.04965753424657534,16648.25,2021-02-15 17:45:00+00:00,16728.5,1.0
5min,2021-02-18 18:25:00+00:00,2021-02-18 19:00:00+00:00,16430.75,16471.0,9,2021-02-18 19:00:00+00:00,2021-02-18 20:05:00+00:00,16455.75,16511.5,14,0.37888198757763975,16450.875,2021-02-18 20:05:00+00:00,16507.25,0.8888888888888888
5min,2021-02-23 19:05:00+00:00,2021-02-23 19:40:00+00:00,15888.75,15948.5,9,2021-02-23 19:40:00+00:00,2021-02-23 20:00:00+00:00,15893.0,15985.75,5,0.9288702928870293,15918.625,2021-02-23 20:00:00+00:00,15985.75,0.7777777777777778
5min,2021-03-01 14:35:00+00:00,2021-03-01 18:05:00+00:00,15897.5,16086.5,44,2021-03-01 18:05:00+00:00,2021-03-01 18:45:00+00:00,16034.75,16078.0,9,0.27380952380952384,15992.0,2021-03-01 18:45:00+00:00,16074.75,1.0
5min,2021-03-05 17:30:00+00:00,2021-03-08 15:05:00+00:00,15274.5,15555.75,52,2021-03-08 15:05:00+00:00,2021-03-08 15:35:00+00:00,15392.5,15572.75,7,0.5804444444444444,15415.125,2021-03-08 15:35:00+00:00,15566.0,1.0
5min,2021-03-09 14:35:00+00:00,2021-03-09 19:25:00+00:00,15444.0,15715.5,60,2021-03-09 19:25:00+00:00,2021-03-09 19:45:00+00:00,15663.75,15707.0,5,0.19060773480662985,15579.75,2021-03-09 19:45:00+00:00,15706.0,1.0
5min,2021-03-11 15:40:00+00:00,2021-03-11 19:55:00+00:00,15827.0,15977.75,53,2021-03-11 19:55:00+00:00,2021-03-11 20:30:00+00:00,15913.75,15944.25,8,0.42454394693200664,15902.375,2021-03-11 20:30:00+00:00,15943.5,1.0
5min,2021-03-15 16:15:00+00:00,2021-03-15 19:30:00+00:00,15792.75,15892.5,41,2021-03-15 19:30:00+00:00,2021-03-15 19:50:00+00:00,15858.5,15898.0,5,0.3408521303258145,15842.625,2021-03-15 19:50:00+00:00,15894.5,1.0
5min,2021-03-17 18:10:00+00:00,2021-03-17 18:35:00+00:00,15918.5,16020.25,7,2021-03-17 18:35:00+00:00,2021-03-17 19:00:00+00:00,15931.75,16104.75,6,0.8697788697788698,15969.375,2021-03-17 19:00:00+00:00,16103.25,1.0
5min,2021-03-19 15:45:00+00:00,2021-03-19 16:30:00+00:00,15682.25,15735.75,11,2021-03-19 16:30:00+00:00,2021-03-19 16:50:00+00:00,15700.5,15747.75,5,0.6588785046728972,15709.0,2021-03-19 16:50:00+00:00,15745.0,0.8888888888888888
5min,2021-03-22 13:40:00+00:00,2021-03-22 19:15:00+00:00,15813.25,16024.25,69,2021-03-22 19:15:00+00:00,2021-03-23 15:10:00+00:00,15917.75,16030.0,31,0.504739336492891,15918.75,2021-03-23 15:10:00+00:00,16028.5,1.0
5min,2021-03-25 18:50:00+00:00,2021-03-26 13:30:00+00:00,15592.75,15688.75,17,2021-03-26 13:30:00+00:00,2021-03-26 14:05:00+00:00,15618.0,15723.0,8,0.7369791666666666,15640.75,2021-03-26 14:05:00+00:00,15716.5,1.0
5min,2021-03-31 13:30:00+00:00,2021-03-31 17:45:00+00:00,15820.25,16020.0,53,2021-03-31 17:45:00+00:00,2021-03-31 19:05:00+00:00,15957.25,16016.25,17,0.3141426783479349,15920.125,2021-03-31 19:05:00+00:00,16014.0,1.0
5min,2021-04-01 19:40:00+00:00,2021-04-05 19:10:00+00:00,16155.0,16482.25,75,2021-04-05 19:10:00+00:00,2021-04-06 14:05:00+00:00,16406.0,16480.0,19,0.23300229182582124,16318.625,2021-04-06 14:05:00+00:00,16472.0,1.0
5min,2021-04-09 15:20:00+00:00,2021-04-09 18:30:00+00:00,16585.25,16658.5,40,2021-04-09 18:30:00+00:00,2021-04-09 19:25:00+00:00,16623.5,16654.25,12,0.4778156996587031,16621.875,2021-04-09 19:25:00+00:00,16654.0,1.0
5min,2021-04-12 19:45:00+00:00,2021-04-13 15:55:00+00:00,16664.25,16816.0,35,2021-04-13 15:55:00+00:00,2021-04-13 17:20:00+00:00,16757.5,16802.0,18,0.385502471169687,16740.125,2021-04-13 17:20:00+00:00,16800.5,1.0
5min,2021-04-21 13:55:00+00:00,2021-04-21 16:35:00+00:00,16626.25,16743.75,34,2021-04-21 16:35:00+00:00,2021-04-21 17:20:00+00:00,16700.0,16732.5,10,0.3723404255319149,16685.0,2021-04-21 17:20:00+00:00,16730.75,1.0
5min,2021-04-23 13:35:00+00:00,2021-04-23 18:20:00+00:00,16643.25,16830.75,59,2021-04-23 18:20:00+00:00,2021-04-23 18:55:00+00:00,16806.0,16830.5,8,0.132,16737.0,2021-04-23 18:55:00+00:00,16830.5,1.0
5min,2021-04-26 13:35:00+00:00,2021-04-26 16:15:00+00:00,16769.5,16856.75,34,2021-04-26 16:15:00+00:00,2021-04-26 16:40:00+00:00,16821.75,16847.0,6,0.40114613180515757,16813.125,2021-04-26 16:40:00+00:00,16846.0,1.0
5min,2021-05-06 19:20:00+00:00,2021-05-07 13:35:00+00:00,16369.25,16601.0,12,2021-05-07 13:35:00+00:00,2021-05-07 14:10:00+00:00,16528.75,16635.25,8,0.3117583603020496,16485.125,2021-05-07 14:10:00+00:00,16631.75,1.0
5min,2021-05-13 18:10:00+00:00,2021-05-13 20:00:00+00:00,15934.25,16036.75,24,2021-05-13 20:00:00+00:00,2021-05-14 14:00:00+00:00,15960.0,16135.75,8,0.748780487804878,15985.5,2021-05-14 14:00:00+00:00,16135.25,1.0
5min,2021-05-19 14:20:00+00:00,2021-05-19 14:40:00+00:00,15888.0,15970.0,6,2021-05-19 14:40:00+00:00,2021-05-19 15:15:00+00:00,15911.25,16007.25,8,0.7164634146341463,15929.0,2021-05-19 15:15:00+00:00,15997.25,0.7777777777777778
5min,2021-05-19 20:00:00+00:00,2021-05-20 16:45:00+00:00,16069.0,16371.0,42,2021-05-20 16:45:00+00:00,2021-05-20 17:10:00+00:00,16314.75,16349.0,6,0.18625827814569537,16220.0,2021-05-20 17:10:00+00:00,16348.75,1.0
5min,2021-05-24 13:35:00+00:00,2021-05-24 16:30:00+00:00,16360.75,16531.25,37,2021-05-24 16:30:00+00:00,2021-05-24 17:20:00+00:00,16496.25,16517.75,11,0.20527859237536658,16446.0,2021-05-24 17:20:00+00:00,16516.25,1.0
5min,2021-06-02 13:35:00+00:00,2021-06-02 15:00:00+00:00,16519.0,16580.0,19,2021-06-02 15:00:00+00:00,2021-06-02 15:45:00+00:00,16541.5,16570.5,10,0.6311475409836066,16549.5,2021-06-02 15:45:00+00:00,16569.5,1.0
5min,2021-06-04 13:35:00+00:00,2021-06-04 19:05:00+00:00,16472.75,16651.0,68,2021-06-04 19:05:00+00:00,2021-06-07 19:10:00+00:00,16579.75,16655.5,81,0.3997194950911641,16561.875,2021-06-07 19:10:00+00:00,16655.25,1.0
5min,2021-06-10 15:15:00+00:00,2021-06-10 17:35:00+00:00,16731.5,16816.5,30,2021-06-10 17:35:00+00:00,2021-06-10 17:55:00+00:00,16790.75,16817.75,5,0.3029411764705882,16774.0,2021-06-10 17:55:00+00:00,16817.75,1.0
5min,2021-06-11 19:25:00+00:00,2021-06-14 13:35:00+00:00,16832.75,16886.0,11,2021-06-14 13:35:00+00:00,2021-06-14 16:05:00+00:00,16834.75,16919.25,31,0.9624413145539906,16859.375,2021-06-14 16:05:00+00:00,16918.75,1.0
5min,2021-06-14 16:15:00+00:00,2021-06-14 19:15:00+00:00,16910.75,16942.5,38,2021-06-14 19:15:00+00:00,2021-06-14 19:45:00+00:00,16922.25,16953.75,7,0.6377952755905512,16926.625,2021-06-14 19:45:00+00:00,16953.25,1.0
5min,2021-06-17 13:35:00+00:00,2021-06-17 16:25:00+00:00,16809.75,17069.25,36,2021-06-17 16:25:00+00:00,2021-06-17 16:45:00+00:00,16937.75,16992.0,5,0.5067437379576107,16939.5,2021-06-17 16:45:00+00:00,16986.0,0.7777777777777778
5min,2021-06-21 14:40:00+00:00,2021-06-21 17:05:00+00:00,16940.25,17010.75,31,2021-06-21 17:05:00+00:00,2021-06-21 17:40:00+00:00,16974.75,17001.0,8,0.5106382978723404,16975.5,2021-06-21 17:40:00+00:00,17000.75,1.0
5min,2021-06-22 14:05:00+00:00,2021-06-22 17:20:00+00:00,16998.75,17110.75,41,2021-06-22 17:20:00+00:00,2021-06-22 17:40:00+00:00,17081.75,17104.25,5,0.25892857142857145,17054.75,2021-06-22 17:40:00+00:00,17101.5,1.0
5min,2021-06-24 13:35:00+00:00,2021-06-24 15:40:00+00:00,17221.75,17289.5,27,2021-06-24 15:40:00+00:00,2021-06-24 16:10:00+00:00,17256.25,17281.25,7,0.4907749077490775,17255.625,2021-06-24 16:10:00+00:00,17280.5,1.0
5min,2021-06-28 13:35:00+00:00,2021-06-28 16:55:00+00:00,17268.5,17372.75,42,2021-06-28 16:55:00+00:00,2021-06-28 18:55:00+00:00,17335.5,17380.0,25,0.35731414868105515,17320.625,2021-06-28 18:55:00+00:00,17372.75,1.0
5min,2021-06-29 15:30:00+00:00,2021-06-29 17:30:00+00:00,17377.75,17432.25,26,2021-06-29 17:30:00+00:00,2021-06-29 17:50:00+00:00,17415.25,17431.75,5,0.3119266055045872,17405.0,2021-06-29 17:50:00+00:00,17428.25,1.0
5min,2021-07-02 15:10:00+00:00,2021-07-02 15:30:00+00:00,17506.5,17526.75,6,2021-07-02 15:30:00+00:00,2021-07-02 15:55:00+00:00,17506.5,17548.5,6,1.0,17516.625,2021-07-02 15:55:00+00:00,17547.75,1.0
5min,2021-07-02 16:05:00+00:00,2021-07-02 18:55:00+00:00,17533.5,17575.75,36,2021-07-02 18:55:00+00:00,2021-07-02 19:20:00+00:00,17560.5,17582.0,6,0.3609467455621302,17554.625,2021-07-02 19:20:00+00:00,17581.5,1.0
5min,2021-07-08 15:15:00+00:00,2021-07-08 16:20:00+00:00,17492.5,17567.75,15,2021-07-08 16:20:00+00:00,2021-07-08 17:30:00+00:00,17540.0,17619.75,15,0.3687707641196013,17530.125,2021-07-08 17:30:00+00:00,17614.75,0.8888888888888888
5min,2021-07-09 14:05:00+00:00,2021-07-09 17:15:00+00:00,17578.5,17709.75,40,2021-07-09 17:15:00+00:00,2021-07-09 17:40:00+00:00,17678.0,17692.25,6,0.2419047619047619,17644.125,2021-07-09 17:40:00+00:00,17691.0,1.0
5min,2021-07-20 14:25:00+00:00,2021-07-20 17:10:00+00:00,17459.0,17622.75,35,2021-07-20 17:10:00+00:00,2021-07-20 18:05:00+00:00,17581.25,17614.75,12,0.2534351145038168,17540.875,2021-07-20 18:05:00+00:00,17612.0,1.0
5min,2021-07-21 17:15:00+00:00,2021-07-22 15:20:00+00:00,17628.75,17801.0,58,2021-07-22 15:20:00+00:00,2021-07-22 15:55:00+00:00,17757.0,17784.5,8,0.25544267053701014,17714.875,2021-07-22 15:55:00+00:00,17782.5,1.0
5min,2021-07-22 16:35:00+00:00,2021-07-22 19:45:00+00:00,17746.75,17806.75,40,2021-07-22 19:45:00+00:00,2021-07-23 13:30:00+00:00,17787.0,17864.25,5,0.32916666666666666,17776.75,2021-07-23 13:30:00+00:00,17863.5,0.8888888888888888
5min,2021-07-23 13:55:00+00:00,2021-07-23 18:55:00+00:00,17845.5,17991.75,62,2021-07-23 18:55:00+00:00,2021-07-23 19:40:00+00:00,17960.5,17991.5,10,0.21367521367521367,17918.625,2021-07-23 19:40:00+00:00,17989.25,1.0
5min,2021-08-04 19:30:00+00:00,2021-08-05 16:50:00+00:00,17944.5,18044.25,49,2021-08-05 16:50:00+00:00,2021-08-05 17:30:00+00:00,18013.25,18026.75,9,0.3107769423558897,17994.375,2021-08-05 17:30:00+00:00,18025.25,0.8888888888888888
5min,2021-08-12 17:35:00+00:00,2021-08-13 15:15:00+00:00,17921.25,18019.5,53,2021-08-13 15:15:00+00:00,2021-08-13 20:00:00+00:00,17970.0,18006.0,58,0.5038167938931297,17970.375,2021-08-13 20:00:00+00:00,18004.0,1.0
5min,2021-08-20 16:25:00+00:00,2021-08-20 18:50:00+00:00,17909.75,17954.75,31,2021-08-20 18:50:00+00:00,2021-08-20 19:10:00+00:00,17927.25,17950.0,5,0.6111111111111112,17932.25,2021-08-20 19:10:00+00:00,17948.0,1.0
5min,2021-08-20 19:20:00+00:00,2021-08-23 19:25:00+00:00,17950.75,18215.25,82,2021-08-23 19:25:00+00:00,2021-08-24 14:10:00+00:00,18179.25,18244.25,17,0.13610586011342155,18083.0,2021-08-24 14:10:00+00:00,18238.75,1.0
5min,2021-08-27 14:10:00+00:00,2021-08-27 18:25:00+00:00,18219.25,18316.0,53,2021-08-27 18:25:00+00:00,2021-08-27 19:15:00+00:00,18297.25,18318.25,11,0.1937984496124031,18267.625,2021-08-27 19:15:00+00:00,18317.5,1.0
5min,2021-08-31 19:50:00+00:00,2021-09-01 16:45:00+00:00,18444.5,18576.75,44,2021-09-01 16:45:00+00:00,2021-09-01 17:05:00+00:00,18548.75,18561.5,5,0.21172022684310018,18510.625,2021-09-01 17:05:00+00:00,18561.0,1.0
5min,2021-09-03 14:05:00+00:00,2021-09-03 16:40:00+00:00,18481.5,18545.75,33,2021-09-03 16:40:00+00:00,2021-09-03 17:00:00+00:00,18513.5,18524.75,5,0.5019455252918288,18513.625,2021-09-03 17:00:00+00:00,18524.0,1.0
5min,2021-09-22 19:20:00+00:00,2021-09-23 13:30:00+00:00,18038.75,18110.0,11,2021-09-23 13:30:00+00:00,2021-09-23 13:50:00+00:00,18068.75,18168.25,5,0.5789473684210527,18074.375,2021-09-23 13:50:00+00:00,18167.5,1.0
5min,2021-10-06 17:20:00+00:00,2021-10-06 19:05:00+00:00,17485.75,17636.25,23,2021-10-06 19:05:00+00:00,2021-10-06 19:55:00+00:00,17570.0,17631.75,11,0.44019933554817275,17561.0,2021-10-06 19:55:00+00:00,17627.25,1.0
5min,2021-10-07 13:40:00+00:00,2021-10-07 16:20:00+00:00,17788.0,17888.0,34,2021-10-07 16:20:00+00:00,2021-10-07 16:40:00+00:00,17853.75,17874.75,5,0.3425,17838.0,2021-10-07 16:40:00+00:00,17874.75,1.0
5min,2021-10-13 19:55:00+00:00,2021-10-14 17:10:00+00:00,17638.25,17931.5,48,2021-10-14 17:10:00+00:00,2021-10-14 17:45:00+00:00,17903.5,17924.0,8,0.09548167092924126,17784.875,2021-10-14 17:45:00+00:00,17921.0,1.0
5min,2021-10-15 16:20:00+00:00,2021-10-15 17:20:00+00:00,17959.25,17987.75,14,2021-10-15 17:20:00+00:00,2021-10-15 18:05:00+00:00,17964.0,17997.25,10,0.8333333333333334,17973.5,2021-10-15 18:05:00+00:00,17996.25,1.0
5min,2021-10-19 14:55:00+00:00,2021-10-19 18:30:00+00:00,18230.25,18285.25,45,2021-10-19 18:30:00+00:00,2021-10-19 19:10:00+00:00,18249.25,18275.75,9,0.6545454545454545,18257.75,2021-10-19 19:10:00+00:00,18274.75,1.0
5min,2021-10-21 13:30:00+00:00,2021-10-21 15:35:00+00:00,18220.75,18332.5,27,2021-10-21 15:35:00+00:00,2021-10-21 16:05:00+00:00,18282.5,18314.25,7,0.44742729306487694,18276.625,2021-10-21 16:05:00+00:00,18306.5,1.0
5min,2021-10-21 16:20:00+00:00,2021-10-21 17:20:00+00:00,18300.25,18326.5,14,2021-10-21 17:20:00+00:00,2021-10-21 17:40:00+00:00,18304.75,18321.5,5,0.8285714285714286,18313.375,2021-10-21 17:40:00+00:00,18321.25,1.0
5min,2021-10-25 14:05:00+00:00,2021-10-25 19:40:00+00:00,18264.25,18428.0,69,2021-10-25 19:40:00+00:00,2021-10-26 13:30:00+00:00,18365.75,18487.25,6,0.3801526717557252,18346.125,2021-10-26 13:30:00+00:00,18484.75,1.0
5min,2021-10-28 13:35:00+00:00,2021-10-28 16:55:00+00:00,18522.25,18640.25,42,2021-10-28 16:55:00+00:00,2021-10-28 17:40:00+00:00,18573.75,18624.75,10,0.5635593220338984,18581.25,2021-10-28 17:40:00+00:00,18623.0,1.0
5min,2021-10-29 13:40:00+00:00,2021-10-29 17:50:00+00:00,18515.5,18695.5,52,2021-10-29 17:50:00+00:00,2021-10-29 18:10:00+00:00,18659.25,18680.5,5,0.2013888888888889,18605.5,2021-10-29 18:10:00+00:00,18679.25,1.0
5min,2021-10-29 18:45:00+00:00,2021-10-29 19:25:00+00:00,18658.25,18679.25,10,2021-10-29 19:25:00+00:00,2021-10-29 19:55:00+00:00,18660.75,18724.0,7,0.8809523809523809,18668.75,2021-10-29 19:55:00+00:00,18721.75,1.0
5min,2021-11-01 15:25:00+00:00,2021-11-01 15:45:00+00:00,18718.5,18738.0,6,2021-11-01 15:45:00+00:00,2021-11-01 17:05:00+00:00,18724.25,18758.5,17,0.7051282051282052,18728.25,2021-11-01 17:05:00+00:00,18753.75,0.7777777777777778
5min,2021-11-01 19:20:00+00:00,2021-11-02 16:00:00+00:00,18715.75,18867.0,41,2021-11-02 16:00:00+00:00,2021-11-02 16:50:00+00:00,18798.75,18837.25,11,0.4512396694214876,18791.375,2021-11-02 16:50:00+00:00,18835.75,1.0
5min,2021-11-03 18:10:00+00:00,2021-11-04 13:35:00+00:00,18858.25,19069.0,26,2021-11-04 13:35:00+00:00,2021-11-04 13:55:00+00:00,19043.75,19131.25,5,0.11981020166073547,18963.625,2021-11-04 13:55:00+00:00,19125.75,1.0
5min,2021-11-04 19:55:00+00:00,2021-11-05 15:30:00+00:00,19196.0,19335.25,28,2021-11-05 15:30:00+00:00,2021-11-05 15:50:00+00:00,19292.25,19335.0,5,0.3087971274685817,19265.625,2021-11-05 15:50:00+00:00,19329.75,1.0
5min,2021-11-12 15:25:00+00:00,2021-11-12 17:50:00+00:00,18930.75,19086.75,31,2021-11-12 17:50:00+00:00,2021-11-12 18:35:00+00:00,19042.75,19081.5,10,0.28205128205128205,19008.75,2021-11-12 18:35:00+00:00,19078.5,1.0
5min,2021-11-16 14:40:00+00:00,2021-11-16 20:10:00+00:00,19081.5,19210.5,68,2021-11-16 20:10:00+00:00,2021-11-17 15:40:00+00:00,19156.75,19233.25,26,0.4166666666666667,19146.0,2021-11-17 15:40:00+00:00,19231.25,1.0
5min,2021-11-18 19:45:00+00:00,2021-11-19 15:55:00+00:00,19323.5,19503.75,35,2021-11-19 15:55:00+00:00,2021-11-19 16:20:00+00:00,19447.75,19490.5,6,0.3106796116504854,19413.625,2021-11-19 16:20:00+00:00,19482.0,1.0
5min,2021-11-29 15:50:00+00:00,2021-11-29 19:25:00+00:00,19132.5,19305.75,45,2021-11-29 19:25:00+00:00,2021-11-29 20:15:00+00:00,19262.75,19315.0,11,0.2481962481962482,19219.125,2021-11-29 20:15:00+00:00,19313.25,1.0
5min,2021-12-06 16:35:00+00:00,2021-12-06 19:45:00+00:00,18575.5,18784.0,40,2021-12-06 19:45:00+00:00,2021-12-07 14:35:00+00:00,18711.0,19048.0,18,0.3501199040767386,18679.75,2021-12-07 14:35:00+00:00,19044.0,1.0
5min,2021-12-07 14:45:00+00:00,2021-12-07 18:15:00+00:00,19016.75,19223.25,44,2021-12-07 18:15:00+00:00,2021-12-07 18:45:00+00:00,19182.5,19218.25,7,0.1973365617433414,19120.0,2021-12-07 18:45:00+00:00,19216.25,1.0
5min,2021-12-15 19:05:00+00:00,2021-12-15 19:35:00+00:00,18632.75,18889.0,8,2021-12-15 19:35:00+00:00,2021-12-15 19:55:00+00:00,18769.75,18911.25,5,0.4653658536585366,18760.875,2021-12-15 19:55:00+00:00,18906.25,1.0
5min,2021-12-21 16:40:00+00:00,2021-12-21 20:50:00+00:00,18605.75,18865.25,52,2021-12-21 20:50:00+00:00,2021-12-22 14:45:00+00:00,18792.5,18895.0,7,0.28034682080924855,18735.5,2021-12-22 14:45:00+00:00,18892.75,1.0
5min,2021-12-22 14:55:00+00:00,2021-12-22 17:25:00+00:00,18832.25,19023.5,32,2021-12-22 17:25:00+00:00,2021-12-22 18:05:00+00:00,18968.5,19005.0,9,0.2875816993464052,18927.875,2021-12-22 18:05:00+00:00,19003.25,1.0
5min,2021-12-22 19:20:00+00:00,2021-12-23 17:25:00+00:00,18920.5,19205.5,58,2021-12-23 17:25:00+00:00,2021-12-23 17:45:00+00:00,19182.5,19206.0,5,0.08070175438596491,19063.0,2021-12-23 17:45:00+00:00,19202.5,1.0
5min,2021-12-27 14:40:00+00:00,2021-12-27 16:55:00+00:00,19288.0,19419.75,29,2021-12-27 16:55:00+00:00,2021-12-27 17:30:00+00:00,19382.75,19412.0,8,0.2808349146110057,19353.875,2021-12-27 17:30:00+00:00,19411.5,1.0
5min,2022-01-10 18:20:00+00:00,2022-01-10 18:40:00+00:00,18186.5,18263.25,6,2022-01-10 18:40:00+00:00,2022-01-10 19:05:00+00:00,18224.25,18335.5,6,0.50814332247557,18224.875,2022-01-10 19:05:00+00:00,18334.5,0.7777777777777778
5min,2022-01-11 16:10:00+00:00,2022-01-11 18:10:00+00:00,18500.75,18713.0,26,2022-01-11 18:10:00+00:00,2022-01-11 19:50:00+00:00,18613.0,18705.25,21,0.4711425206124853,18606.875,2022-01-11 19:50:00+00:00,18701.5,1.0
5min,2022-01-11 20:00:00+00:00,2022-01-11 20:55:00+00:00,18663.0,18720.75,13,2022-01-11 20:55:00+00:00,2022-01-12 15:15:00+00:00,18663.0,18892.0,12,1.0,18691.875,2022-01-12 15:15:00+00:00,18886.0,1.0
5min,2022-01-12 16:40:00+00:00,2022-01-12 17:15:00+00:00,18743.75,18806.25,9,2022-01-12 17:15:00+00:00,2022-01-12 17:35:00+00:00,18743.75,18800.75,5,1.0,18775.0,2022-01-12 17:35:00+00:00,18799.5,1.0
5min,2022-01-25 18:35:00+00:00,2022-01-25 19:10:00+00:00,17043.25,17159.0,9,2022-01-25 19:10:00+00:00,2022-01-25 19:45:00+00:00,17095.25,17235.75,8,0.550755939524838,17101.125,2022-01-25 19:45:00+00:00,17229.25,1.0
5min,2022-01-28 19:50:00+00:00,2022-01-31 16:25:00+00:00,17012.25,17624.5,40,2022-01-31 16:25:00+00:00,2022-01-31 16:50:00+00:00,17545.25,17621.75,6,0.12944058799510005,17318.375,2022-01-31 16:50:00+00:00,17619.25,1.0
5min,2022-01-31 17:00:00+00:00,2022-01-31 18:35:00+00:00,17591.25,17666.75,21,2022-01-31 18:35:00+00:00,2022-01-31 19:10:00+00:00,17614.0,17690.75,8,0.6986754966887417,17629.0,2022-01-31 19:10:00+00:00,17678.75,1.0
5min,2022-02-04 17:45:00+00:00,2022-02-04 19:20:00+00:00,17481.5,17637.0,21,2022-02-04 19:20:00+00:00,2022-02-04 20:05:00+00:00,17571.25,17671.75,10,0.4228295819935691,17559.25,2022-02-04 20:05:00+00:00,17671.0,1.0
5min,2022-02-08 19:50:00+00:00,2022-02-08 20:05:00+00:00,17498.5,17550.75,5,2022-02-08 20:05:00+00:00,2022-02-08 20:55:00+00:00,17498.5,17647.75,11,1.0,17524.625,2022-02-08 20:55:00+00:00,17641.25,1.0
5min,2022-02-09 15:35:00+00:00,2022-02-09 20:15:00+00:00,17775.0,17907.25,58,2022-02-09 20:15:00+00:00,2022-02-09 20:35:00+00:00,17830.0,17915.0,5,0.5841209829867675,17841.125,2022-02-09 20:35:00+00:00,17913.0,1.0
5min,2022-02-14 20:30:00+00:00,2022-02-14 21:00:00+00:00,17103.0,17177.0,8,2022-02-14 21:00:00+00:00,2022-02-15 15:45:00+00:00,17123.5,17422.75,17,0.722972972972973,17140.0,2022-02-15 15:45:00+00:00,17422.75,1.0
5min,2022-02-24 14:40:00+00:00,2022-02-24 17:20:00+00:00,16037.5,16445.5,34,2022-02-24 17:20:00+00:00,2022-02-24 18:15:00+00:00,16286.25,16416.25,12,0.3903186274509804,16241.5,2022-02-24 18:15:00+00:00,16413.25,0.8888888888888888
5min,2022-02-24 18:25:00+00:00,2022-02-25 14:35:00+00:00,16360.0,16899.75,35,2022-02-25 14:35:00+00:00,2022-02-25 15:45:00+00:00,16714.5,16921.25,15,0.3432144511347846,16629.875,2022-02-25 15:45:00+00:00,16921.0,1.0
5min,2022-03-09 15:05:00+00:00,2022-03-09 18:45:00+00:00,16435.25,16632.0,46,2022-03-09 18:45:00+00:00,2022-03-09 19:05:00+00:00,16541.75,16617.75,5,0.45870393900889456,16533.625,2022-03-09 19:05:00+00:00,16612.5,1.0
5min,2022-03-15 14:00:00+00:00,2022-03-15 16:05:00+00:00,16021.5,16289.5,27,2022-03-15 16:05:00+00:00,2022-03-15 16:25:00+00:00,16167.25,16260.0,5,0.45615671641791045,16155.5,2022-03-15 16:25:00+00:00,16258.25,1.0
5min,2022-03-15 18:35:00+00:00,2022-03-16 15:45:00+00:00,16164.0,16751.25,47,2022-03-16 15:45:00+00:00,2022-03-16 16:05:00+00:00,16674.0,16716.25,5,0.13154533844189017,16457.625,2022-03-16 16:05:00+00:00,16710.75,1.0
5min,2022-03-16 18:50:00+00:00,2022-03-17 13:35:00+00:00,16524.75,16842.25,18,2022-03-17 13:35:00+00:00,2022-03-17 14:00:00+00:00,16703.75,16867.25,6,0.43622047244094486,16683.5,2022-03-17 14:00:00+00:00,16864.0,1.0
5min,2022-03-17 15:25:00+00:00,2022-03-17 18:30:00+00:00,16762.0,16976.75,39,2022-03-17 18:30:00+00:00,2022-03-17 19:05:00+00:00,16898.75,16964.5,8,0.36321303841676367,16869.375,2022-03-17 19:05:00+00:00,16960.75,1.0
5min,2022-03-21 20:00:00+00:00,2022-03-22 16:05:00+00:00,17220.25,17569.5,34,2022-03-22 16:05:00+00:00,2022-03-22 18:00:00+00:00,17455.75,17531.5,24,0.325697924123121,17394.875,2022-03-22 18:00:00+00:00,17530.25,1.0
5min,2022-03-23 14:20:00+00:00,2022-03-23 14:50:00+00:00,17412.5,17494.0,8,2022-03-23 14:50:00+00:00,2022-03-23 15:25:00+00:00,17412.5,17526.0,8,1.0,17453.25,2022-03-23 15:25:00+00:00,17516.75,1.0
5min,2022-03-24 14:50:00+00:00,2022-03-24 16:35:00+00:00,17388.25,17548.75,23,2022-03-24 16:35:00+00:00,2022-03-24 17:00:00+00:00,17467.75,17519.75,6,0.5046728971962616,17468.5,2022-03-24 17:00:00+00:00,17517.0,1.0
5min,2022-03-28 16:40:00+00:00,2022-03-29 14:10:00+00:00,17629.25,18104.25,51,2022-03-29 14:10:00+00:00,2022-03-29 15:50:00+00:00,17917.25,18056.0,21,0.3936842105263158,17866.75,2022-03-29 15:50:00+00:00,18055.5,1.0
5min,2022-04-01 20:00:00+00:00,2022-04-04 16:50:00+00:00,17724.75,18015.5,43,2022-04-04 16:50:00+00:00,2022-04-04 18:00:00+00:00,17970.0,18007.75,15,0.15649183147033535,17870.125,2022-04-04 18:00:00+00:00,18004.25,1.0
5min,2022-04-13 13:50:00+00:00,2022-04-13 17:40:00+00:00,16878.25,17092.25,48,2022-04-13 17:40:00+00:00,2022-04-13 18:10:00+00:00,17017.25,17067.25,7,0.35046728971962615,16985.25,2022-04-13 18:10:00+00:00,17060.75,1.0
5min,2022-04-19 13:50:00+00:00,2022-04-19 17:30:00+00:00,16774.5,17081.25,46,2022-04-19 17:30:00+00:00,2022-04-19 17:55:00+00:00,17008.75,17053.25,6,0.23634881825590873,16927.875,2022-04-19 17:55:00+00:00,17049.25,1.0
5min,2022-05-02 19:15:00+00:00,2022-05-03 13:35:00+00:00,15736.5,15986.0,13,2022-05-03 13:35:00+00:00,2022-05-03 14:05:00+00:00,15853.25,16037.0,7,0.5320641282565131,15861.25,2022-05-03 14:05:00+00:00,16023.0,1.0
5min,2022-05-24 19:30:00+00:00,2022-05-25 13:55:00+00:00,14592.75,14742.5,14,2022-05-25 13:55:00+00:00,2022-05-25 14:20:00+00:00,14640.25,14747.5,6,0.6828046744574291,14667.625,2022-05-25 14:20:00+00:00,14733.75,1.0
5min,2022-05-25 17:35:00+00:00,2022-05-25 19:45:00+00:00,14655.25,14920.75,28,2022-05-25 19:45:00+00:00,2022-05-26 13:40:00+00:00,14783.25,14940.75,7,0.5178907721280602,14788.0,2022-05-26 13:40:00+00:00,14914.5,1.0
5min,2022-05-26 13:50:00+00:00,2022-05-26 17:30:00+00:00,14907.5,15227.75,46,2022-05-26 17:30:00+00:00,2022-05-26 17:50:00+00:00,15168.25,15202.0,5,0.18579234972677597,15067.625,2022-05-26 17:50:00+00:00,15195.25,1.0
5min,2022-05-26 19:40:00+00:00,2022-05-27 15:05:00+00:00,15143.25,15478.5,26,2022-05-27 15:05:00+00:00,2022-05-27 16:05:00+00:00,15392.25,15496.0,13,0.25727069351230425,15310.875,2022-05-27 16:05:00+00:00,15487.25,1.0
5min,2022-05-30 14:45:00+00:00,2022-05-30 16:05:00+00:00,15648.25,15702.5,18,2022-05-30 16:05:00+00:00,2022-05-30 16:30:00+00:00,15670.0,15710.75,6,0.5990783410138248,15675.375,2022-05-30 16:30:00+00:00,15708.5,0.8888888888888888
5min,2022-06-07 16:40:00+00:00,2022-06-07 18:50:00+00:00,15478.75,15588.5,28,2022-06-07 18:50:00+00:00,2022-06-07 19:10:00+00:00,15527.25,15581.5,5,0.5580865603644647,15533.625,2022-06-07 19:10:00+00:00,15574.5,1.0
5min,2022-06-23 17:55:00+00:00,2022-06-23 18:20:00+00:00,14443.75,14487.5,7,2022-06-23 18:20:00+00:00,2022-06-23 18:40:00+00:00,14459.75,14535.75,5,0.6342857142857142,14465.625,2022-06-23 18:40:00+00:00,14528.25,1.0
5min,2022-06-23 18:50:00+00:00,2022-06-24 15:20:00+00:00,14505.0,14937.0,39,2022-06-24 15:20:00+00:00,2022-06-24 16:00:00+00:00,14823.75,14869.5,9,0.2621527777777778,14721.0,2022-06-24 16:00:00+00:00,14868.25,1.0
5min,2022-06-30 15:25:00+00:00,2022-06-30 16:10:00+00:00,14372.5,14469.5,11,2022-06-30 16:10:00+00:00,2022-06-30 16:30:00+00:00,14394.0,14514.0,5,0.7783505154639175,14421.0,2022-06-30 16:30:00+00:00,14506.25,1.0
5min,2022-07-01 17:35:00+00:00,2022-07-01 18:10:00+00:00,14327.0,14378.25,9,2022-07-01 18:10:00+00:00,2022-07-01 18:35:00+00:00,14338.0,14419.5,6,0.7853658536585366,14352.625,2022-07-01 18:35:00+00:00,14418.25,1.0
5min,2022-07-05 17:10:00+00:00,2022-07-06 15:10:00+00:00,14441.5,14737.0,57,2022-07-06 15:10:00+00:00,2022-07-06 17:10:00+00:00,14607.75,14709.25,25,0.4373942470389171,14589.25,2022-07-06 17:10:00+00:00,14704.0,1.0
5min,2022-07-07 13:40:00+00:00,2022-07-07 15:30:00+00:00,14837.5,14927.5,24,2022-07-07 15:30:00+00:00,2022-07-07 15:50:00+00:00,14881.5,14931.0,5,0.5111111111111111,14882.5,2022-07-07 15:50:00+00:00,14928.75,1.0
5min,2022-07-14 17:25:00+00:00,2022-07-14 19:45:00+00:00,14529.5,14689.5,30,2022-07-14 19:45:00+00:00,2022-07-15 13:30:00+00:00,14616.5,14785.25,5,0.45625,14609.5,2022-07-15 13:30:00+00:00,14777.0,1.0
5min,2022-07-15 13:40:00+00:00,2022-07-15 16:15:00+00:00,14708.0,14854.25,33,2022-07-15 16:15:00+00:00,2022-07-15 17:10:00+00:00,14783.5,14818.5,12,0.48376068376068376,14781.125,2022-07-15 17:10:00+00:00,14817.75,1.0
5min,2022-07-15 20:00:00+00:00,2022-07-18 14:15:00+00:00,14837.25,15041.0,12,2022-07-18 14:15:00+00:00,2022-07-18 15:40:00+00:00,14950.0,15016.0,18,0.4466257668711656,14939.125,2022-07-18 15:40:00+00:00,15014.5,1.0
5min,2022-07-19 14:05:00+00:00,2022-07-20 16:50:00+00:00,14866.75,15372.0,114,2022-07-20 16:50:00+00:00,2022-07-20 19:05:00+00:00,15212.5,15337.75,28,0.31568530430479963,15119.375,2022-07-20 19:05:00+00:00,15335.5,1.0
5min,2022-07-27 13:45:00+00:00,2022-07-27 17:05:00+00:00,15197.25,15329.0,42,2022-07-27 17:05:00+00:00,2022-07-27 18:05:00+00:00,15270.5,15343.5,13,0.444022770398482,15263.125,2022-07-27 18:05:00+00:00,15323.0,1.0
5min,2022-07-28 14:55:00+00:00,2022-07-28 17:05:00+00:00,15390.25,15549.75,28,2022-07-28 17:05:00+00:00,2022-07-28 17:25:00+00:00,15478.5,15540.0,5,0.44670846394984326,15470.0,2022-07-28 17:25:00+00:00,15533.5,1.0
5min,2022-07-28 17:35:00+00:00,2022-07-28 19:45:00+00:00,15537.5,15619.0,28,2022-07-28 19:45:00+00:00,2022-07-29 14:05:00+00:00,15565.0,15755.75,12,0.6625766871165644,15578.25,2022-07-29 14:05:00+00:00,15750.0,1.0
5min,2022-08-03 13:40:00+00:00,2022-08-03 19:30:00+00:00,15891.0,16151.75,72,2022-08-03 19:30:00+00:00,2022-08-04 19:20:00+00:00,16039.25,16201.25,78,0.4314477468839885,16021.375,2022-08-04 19:20:00+00:00,16196.5,1.0
5min,2022-08-12 14:00:00+00:00,2022-08-12 14:50:00+00:00,16219.0,16317.0,12,2022-08-12 14:50:00+00:00,2022-08-12 15:20:00+00:00,16239.5,16333.5,7,0.7908163265306123,16268.0,2022-08-12 15:20:00+00:00,16325.75,1.0
5min,2022-08-12 15:30:00+00:00,2022-08-12 17:00:00+00:00,16308.0,16354.25,20,2022-08-12 17:00:00+00:00,2022-08-12 17:20:00+00:00,16330.5,16358.5,5,0.5135135135135135,16331.125,2022-08-12 17:20:00+00:00,16356.5,1.0
5min,2022-08-12 17:30:00+00:00,2022-08-15 17:45:00+00:00,16351.75,16532.25,84,2022-08-15 17:45:00+00:00,2022-08-15 18:35:00+00:00,16495.5,16524.0,11,0.203601108033241,16442.0,2022-08-15 18:35:00+00:00,16518.75,1.0
5min,2022-08-24 19:00:00+00:00,2022-08-24 20:00:00+00:00,15780.25,15826.0,14,2022-08-24 20:00:00+00:00,2022-08-25 14:00:00+00:00,15780.25,15903.5,8,1.0,15803.125,2022-08-25 14:00:00+00:00,15898.5,1.0
5min,2022-08-29 16:50:00+00:00,2022-08-29 17:25:00+00:00,15379.0,15444.5,9,2022-08-29 17:25:00+00:00,2022-08-29 17:45:00+00:00,15391.0,15451.25,5,0.816793893129771,15411.75,2022-08-29 17:45:00+00:00,15449.25,0.8888888888888888
5min,2022-09-01 18:20:00+00:00,2022-09-01 19:35:00+00:00,14960.5,15107.25,17,2022-09-01 19:35:00+00:00,2022-09-01 19:55:00+00:00,15037.25,15107.0,5,0.47700170357751276,15033.875,2022-09-01 19:55:00+00:00,15106.25,0.8888888888888888
5min,2022-09-08 20:00:00+00:00,2022-09-09 16:30:00+00:00,15150.5,15437.25,39,2022-09-09 16:30:00+00:00,2022-09-09 16:50:00+00:00,15369.5,15423.25,5,0.23626852659110723,15293.875,2022-09-09 16:50:00+00:00,15422.0,1.0
5min,2022-09-09 19:05:00+00:00,2022-09-12 15:00:00+00:00,15428.75,15617.5,32,2022-09-12 15:00:00+00:00,2022-09-12 15:30:00+00:00,15536.5,15596.25,7,0.4291390728476821,15523.125,2022-09-12 15:30:00+00:00,15595.75,1.0
5min,2022-09-20 15:00:00+00:00,2022-09-20 15:45:00+00:00,14721.5,14765.75,11,2022-09-20 15:45:00+00:00,2022-09-20 16:05:00+00:00,14731.0,14801.0,5,0.7853107344632768,14743.625,2022-09-20 16:05:00+00:00,14797.75,1.0
5min,2022-09-22 19:00:00+00:00,2022-09-22 19:25:00+00:00,14351.75,14433.5,7,2022-09-22 19:25:00+00:00,2022-09-22 19:50:00+00:00,14372.25,14464.5,6,0.7492354740061162,14392.625,2022-09-22 19:50:00+00:00,14452.0,0.8888888888888888
5min,2022-10-03 13:50:00+00:00,2022-10-03 15:45:00+00:00,13849.75,14015.75,25,2022-10-03 15:45:00+00:00,2022-10-03 16:10:00+00:00,13937.5,13993.5,6,0.4713855421686747,13932.75,2022-10-03 16:10:00+00:00,13992.5,1.0
5min,2022-10-03 16:20:00+00:00,2022-10-03 16:55:00+00:00,13953.25,13996.25,9,2022-10-03 16:55:00+00:00,2022-10-03 17:25:00+00:00,13953.25,14036.0,7,1.0,13974.75,2022-10-03 17:25:00+00:00,14028.75,1.0
5min,2022-10-05 16:15:00+00:00,2022-10-05 16:35:00+00:00,14266.5,14317.0,6,2022-10-05 16:35:00+00:00,2022-10-05 17:15:00+00:00,14277.5,14361.75,9,0.7821782178217822,14291.75,2022-10-05 17:15:00+00:00,14361.75,1.0
5min,2022-10-11 15:35:00+00:00,2022-10-11 16:10:00+00:00,13680.75,13775.0,9,2022-10-11 16:10:00+00:00,2022-10-11 16:45:00+00:00,13692.25,13803.5,8,0.8779840848806366,13727.875,2022-10-11 16:45:00+00:00,13803.0,1.0
5min,2022-10-13 15:15:00+00:00,2022-10-13 18:30:00+00:00,13527.25,13896.5,41,2022-10-13 18:30:00+00:00,2022-10-13 18:50:00+00:00,13786.0,13863.25,5,0.2992552471225457,13711.875,2022-10-13 18:50:00+00:00,13849.75,1.0
5min,2022-10-24 17:50:00+00:00,2022-10-24 19:55:00+00:00,14168.5,14295.0,27,2022-10-24 19:55:00+00:00,2022-10-25 13:50:00+00:00,14234.0,14418.0,7,0.48221343873517786,14231.75,2022-10-25 13:50:00+00:00,14416.5,1.0
5min,2022-10-28 13:35:00+00:00,2022-10-28 16:05:00+00:00,13985.5,14276.5,32,2022-10-28 16:05:00+00:00,2022-10-28 16:25:00+00:00,14214.25,14287.5,5,0.21391752577319587,14131.0,2022-10-28 16:25:00+00:00,14286.75,1.0
5min,2022-10-28 16:35:00+00:00,2022-10-28 18:05:00+00:00,14263.5,14333.75,20,2022-10-28 18:05:00+00:00,2022-10-28 18:35:00+00:00,14293.75,14340.5,7,0.5693950177935944,14298.625,2022-10-28 18:35:00+00:00,14338.5,1.0
5min,2022-11-07 18:05:00+00:00,2022-11-08 14:35:00+00:00,13676.5,13871.75,39,2022-11-08 14:35:00+00:00,2022-11-08 15:20:00+00:00,13786.0,13878.25,10,0.43918053777208704,13774.125,2022-11-08 15:20:00+00:00,13866.5,1.0
5min,2022-11-10 14:35:00+00:00,2022-11-10 17:35:00+00:00,14048.5,14278.0,38,2022-11-10 17:35:00+00:00,2022-11-10 18:15:00+00:00,14201.5,14262.0,9,0.3333333333333333,14163.25,2022-11-10 18:15:00+00:00,14261.25,1.0
5min,2022-11-11 16:55:00+00:00,2022-11-11 20:10:00+00:00,14463.25,14656.0,41,2022-11-11 20:10:00+00:00,2022-11-11 20:50:00+00:00,14567.0,14641.0,9,0.46173800259403375,14559.625,2022-11-11 20:50:00+00:00,14640.5,1.0
5min,2022-11-17 16:25:00+00:00,2022-11-17 16:55:00+00:00,14387.75,14439.25,8,2022-11-17 16:55:00+00:00,2022-11-17 17:55:00+00:00,14416.5,14516.25,13,0.441747572815534,14413.5,2022-11-17 17:55:00+00:00,14507.5,0.8888888888888888
5min,2022-11-22 17:20:00+00:00,2022-11-22 19:15:00+00:00,14423.5,14486.5,25,2022-11-22 19:15:00+00:00,2022-11-22 20:05:00+00:00,14453.5,14498.25,11,0.5238095238095238,14455.0,2022-11-22 20:05:00+00:00,14497.0,1.0
5min,2022-11-23 18:30:00+00:00,2022-11-23 20:50:00+00:00,14560.5,14672.0,30,2022-11-23 20:50:00+00:00,2022-11-24 14:35:00+00:00,14618.0,14697.75,5,0.484304932735426,14616.25,2022-11-24 14:35:00+00:00,14693.75,0.8888888888888888
5min,2022-11-30 18:10:00+00:00,2022-12-01 15:15:00+00:00,14308.75,14924.25,46,2022-12-01 15:15:00+00:00,2022-12-01 19:55:00+00:00,14722.5,14866.75,57,0.32778229082047117,14616.5,2022-12-01 19:55:00+00:00,14859.5,1.0
5min,2022-12-08 15:00:00+00:00,2022-12-08 16:25:00+00:00,14327.75,14451.25,19,2022-12-08 16:25:00+00:00,2022-12-08 16:50:00+00:00,14362.5,14428.5,6,0.7186234817813765,14389.5,2022-12-08 16:50:00+00:00,14425.75,1.0
5min,2022-12-13 20:30:00+00:00,2022-12-14 14:30:00+00:00,14588.0,14663.25,9,2022-12-14 14:30:00+00:00,2022-12-14 15:00:00+00:00,14588.0,14681.5,7,1.0,14625.625,2022-12-14 15:00:00+00:00,14675.75,1.0
5min,2022-12-21 14:45:00+00:00,2022-12-21 17:10:00+00:00,13868.75,14044.0,31,2022-12-21 17:10:00+00:00,2022-12-21 17:40:00+00:00,13969.75,14004.75,7,0.42368045649072755,13956.375,2022-12-21 17:40:00+00:00,14003.0,1.0
5min,2022-12-29 14:35:00+00:00,2022-12-29 17:40:00+00:00,13522.75,13737.75,39,2022-12-29 17:40:00+00:00,2022-12-29 18:55:00+00:00,13676.0,13712.75,16,0.2872093023255814,13630.25,2022-12-29 18:55:00+00:00,13712.0,1.0
5min,2023-01-06 15:15:00+00:00,2023-01-06 20:55:00+00:00,13545.25,13832.0,70,2023-01-06 20:55:00+00:00,2023-01-09 14:50:00+00:00,13772.75,13944.5,7,0.2066259808195292,13688.625,2023-01-09 14:50:00+00:00,13942.5,1.0
5min,2023-01-10 16:55:00+00:00,2023-01-10 20:10:00+00:00,13823.25,13938.0,41,2023-01-10 20:10:00+00:00,2023-01-10 20:55:00+00:00,13883.5,13928.0,10,0.4749455337690632,13880.625,2023-01-10 20:55:00+00:00,13923.75,1.0
5min,2023-01-12 16:45:00+00:00,2023-01-12 18:35:00+00:00,14109.0,14226.75,24,2023-01-12 18:35:00+00:00,2023-01-12 18:55:00+00:00,14118.0,14237.75,5,0.9235668789808917,14167.875,2023-01-12 18:55:00+00:00,14231.25,1.0
5min,2023-01-13 17:05:00+00:00,2023-01-16 15:15:00+00:00,14146.5,14285.75,59,2023-01-16 15:15:00+00:00,2023-01-16 15:35:00+00:00,14248.25,14263.25,5,0.26929982046678635,14216.125,2023-01-16 15:35:00+00:00,14263.25,1.0
5min,2023-01-25 17:50:00+00:00,2023-01-26 14:55:00+00:00,14412.0,14741.25,46,2023-01-26 14:55:00+00:00,2023-01-26 15:20:00+00:00,14613.25,14694.0,6,0.38876233864844345,14576.625,2023-01-26 15:20:00+00:00,14690.5,1.0
5min,2023-01-26 16:50:00+00:00,2023-01-27 15:55:00+00:00,14615.75,14859.5,70,2023-01-27 15:55:00+00:00,2023-01-27 16:20:00+00:00,14758.5,14816.0,6,0.41435897435897434,14737.625,2023-01-27 16:20:00+00:00,14811.0,0.8888888888888888
5min,2023-01-27 16:30:00+00:00,2023-01-27 18:20:00+00:00,14815.5,14907.75,24,2023-01-27 18:20:00+00:00,2023-01-27 18:40:00+00:00,14866.75,14915.75,5,0.4444444444444444,14861.625,2023-01-27 18:40:00+00:00,14915.25,1.0
5min,2023-01-31 15:20:00+00:00,2023-01-31 17:05:00+00:00,14687.25,14762.5,23,2023-01-31 17:05:00+00:00,2023-01-31 18:50:00+00:00,14708.0,14767.0,22,0.7242524916943521,14724.875,2023-01-31 18:50:00+00:00,14763.0,1.0
5min,2023-02-01 18:00:00+00:00,2023-02-02 15:05:00+00:00,14721.5,15414.5,46,2023-02-02 15:05:00+00:00,2023-02-02 15:35:00+00:00,15313.5,15465.25,7,0.14574314574314573,15068.0,2023-02-02 15:35:00+00:00,15456.75,1.0
5min,2023-02-10 20:40:00+00:00,2023-02-13 14:40:00+00:00,14981.0,15076.25,9,2023-02-13 14:40:00+00:00,2023-02-13 15:00:00+00:00,15018.25,15132.0,5,0.6089238845144357,15028.625,2023-02-13 15:00:00+00:00,15127.5,1.0
5min,2023-02-13 15:10:00+00:00,2023-02-13 18:05:00+00:00,15082.25,15219.75,37,2023-02-13 18:05:00+00:00,2023-02-13 18:30:00+00:00,15178.0,15223.0,6,0.30363636363636365,15151.0,2023-02-13 18:30:00+00:00,15218.0,1.0
5min,2023-02-15 17:45:00+00:00,2023-02-15 20:00:00+00:00,15281.25,15387.75,29,2023-02-15 20:00:00+00:00,2023-02-15 21:00:00+00:00,15332.5,15400.75,13,0.5187793427230047,15334.5,2023-02-15 21:00:00+00:00,15400.25,1.0
5min,2023-03-02 18:45:00+00:00,2023-03-06 16:50:00+00:00,14606.75,15152.5,137,2023-03-06 16:50:00+00:00,2023-03-06 17:20:00+00:00,15105.25,15134.75,7,0.08657810352725608,14879.625,2023-03-06 17:20:00+00:00,15131.5,1.0
5min,2023-03-15 17:20:00+00:00,2023-03-15 17:50:00+00:00,14771.25,14829.25,8,2023-03-15 17:50:00+00:00,2023-03-15 18:25:00+00:00,14771.25,14879.5,8,1.0,14800.25,2023-03-15 18:25:00+00:00,14867.75,1.0
5min,2023-03-21 16:15:00+00:00,2023-03-22 16:15:00+00:00,15285.0,15482.75,81,2023-03-22 16:15:00+00:00,2023-03-22 17:55:00+00:00,15409.0,15458.75,21,0.3729456384323641,15383.875,2023-03-22 17:55:00+00:00,15458.5,1.0
5min,2023-03-28 19:40:00+00:00,2023-03-29 14:30:00+00:00,15230.0,15470.25,19,2023-03-29 14:30:00+00:00,2023-03-29 15:35:00+00:00,15392.0,15450.0,14,0.32570239334027057,15350.125,2023-03-29 15:35:00+00:00,15445.5,1.0
5min,2023-03-29 18:15:00+00:00,2023-03-30 14:15:00+00:00,15438.75,15633.5,33,2023-03-30 14:15:00+00:00,2023-03-31 13:50:00+00:00,15548.75,15689.0,75,0.43517329910141206,15536.125,2023-03-31 13:50:00+00:00,15685.25,1.0
5min,2023-03-31 14:00:00+00:00,2023-03-31 17:35:00+00:00,15667.75,15777.0,45,2023-03-31 17:35:00+00:00,2023-03-31 18:00:00+00:00,15746.5,15769.25,6,0.2791762013729977,15722.375,2023-03-31 18:00:00+00:00,15766.0,1.0
5min,2023-04-06 15:10:00+00:00,2023-04-06 19:15:00+00:00,15579.25,15728.5,51,2023-04-06 19:15:00+00:00,2023-04-06 19:35:00+00:00,15691.25,15723.5,5,0.24958123953098826,15653.875,2023-04-06 19:35:00+00:00,15719.25,1.0
5min,2023-04-10 16:40:00+00:00,2023-04-10 17:45:00+00:00,15603.5,15675.5,15,2023-04-10 17:45:00+00:00,2023-04-10 18:20:00+00:00,15647.25,15688.75,8,0.3923611111111111,15639.5,2023-04-10 18:20:00+00:00,15684.5,1.0
5min,2023-04-13 13:35:00+00:00,2023-04-13 19:55:00+00:00,15557.25,15765.5,78,2023-04-13 19:55:00+00:00,2023-04-14 13:50:00+00:00,15665.5,15768.0,7,0.4801920768307323,15661.375,2023-04-14 13:50:00+00:00,15760.5,1.0
5min,2023-04-19 14:35:00+00:00,2023-04-19 14:55:00+00:00,15648.5,15686.5,6,2023-04-19 14:55:00+00:00,2023-04-19 16:00:00+00:00,15661.75,15715.5,14,0.6513157894736842,15667.5,2023-04-19 16:00:00+00:00,15710.75,0.8888888888888888
5min,2023-04-27 13:35:00+00:00,2023-04-28 13:40:00+00:00,15551.0,15790.75,82,2023-04-28 13:40:00+00:00,2023-04-28 14:10:00+00:00,15709.75,15788.75,7,0.337851929092805,15670.875,2023-04-28 14:10:00+00:00,15781.5,1.0
5min,2023-04-28 15:35:00+00:00,2023-04-28 18:40:00+00:00,15751.5,15831.75,39,2023-04-28 18:40:00+00:00,2023-04-28 19:00:00+00:00,15799.0,15825.0,5,0.40809968847352024,15791.625,2023-04-28 19:00:00+00:00,15823.0,1.0
5min,2023-04-28 19:10:00+00:00,2023-05-01 13:35:00+00:00,15811.75,15861.75,14,2023-05-01 13:35:00+00:00,2023-05-01 13:55:00+00:00,15823.25,15865.75,5,0.77,15836.75,2023-05-01 13:55:00+00:00,15857.5,0.8888888888888888
5min,2023-05-05 13:35:00+00:00,2023-05-05 16:10:00+00:00,15661.75,15815.25,33,2023-05-05 16:10:00+00:00,2023-05-05 17:00:00+00:00,15776.5,15809.25,11,0.252442996742671,15738.5,2023-05-05 17:00:00+00:00,15807.75,1.0
5min,2023-05-15 18:00:00+00:00,2023-05-16 18:10:00+00:00,15963.75,16092.0,83,2023-05-16 18:10:00+00:00,2023-05-16 18:50:00+00:00,16044.75,16070.25,9,0.3684210526315789,16027.875,2023-05-16 18:50:00+00:00,16069.5,0.8888888888888888
5min,2023-05-17 14:20:00+00:00,2023-05-17 19:00:00+00:00,16042.75,16206.5,58,2023-05-17 19:00:00+00:00,2023-05-18 13:40:00+00:00,16156.5,16245.25,16,0.3053435114503817,16124.625,2023-05-18 13:40:00+00:00,16242.75,1.0
5min,2023-05-18 13:50:00+00:00,2023-05-18 16:15:00+00:00,16229.75,16392.75,31,2023-05-18 16:15:00+00:00,2023-05-18 17:25:00+00:00,16312.0,16365.75,15,0.495398773006135,16311.25,2023-05-18 17:25:00+00:00,16365.25,1.0
5min,2023-05-19 19:45:00+00:00,2023-05-22 13:30:00+00:00,16382.25,16403.5,6,2023-05-22 13:30:00+00:00,2023-05-22 13:50:00+00:00,16382.25,16469.25,5,1.0,16392.875,2023-05-22 13:50:00+00:00,16465.0,1.0
5min,2023-05-22 16:45:00+00:00,2023-05-22 17:20:00+00:00,16407.75,16445.5,9,2023-05-22 17:20:00+00:00,2023-05-22 17:40:00+00:00,16407.75,16454.25,5,1.0,16426.625,2023-05-22 17:40:00+00:00,16453.0,1.0
5min,2023-05-25 19:10:00+00:00,2023-05-25 20:00:00+00:00,16505.25,16561.25,12,2023-05-25 20:00:00+00:00,2023-05-26 13:45:00+00:00,16510.75,16627.25,5,0.9017857142857143,16533.25,2023-05-26 13:45:00+00:00,16620.0,1.0
5min,2023-05-26 13:55:00+00:00,2023-05-26 18:10:00+00:00,16633.25,16874.25,53,2023-05-26 18:10:00+00:00,2023-05-26 18:50:00+00:00,16831.75,16880.5,9,0.17634854771784234,16753.75,2023-05-26 18:50:00+00:00,16877.25,1.0
5min,2023-05-26 19:00:00+00:00,2023-05-26 20:00:00+00:00,16862.5,16906.0,14,2023-05-26 20:00:00+00:00,2023-05-29 14:30:00+00:00,16866.75,16922.0,14,0.9022988505747126,16884.25,2023-05-29 14:30:00+00:00,16920.25,0.6666666666666666
5min,2023-06-01 14:45:00+00:00,2023-06-01 19:30:00+00:00,16852.0,17065.75,59,2023-06-01 19:30:00+00:00,2023-06-02 13:30:00+00:00,16971.0,17085.25,8,0.4432748538011696,16958.875,2023-06-02 13:30:00+00:00,17081.0,1.0
5min,2023-06-08 18:05:00+00:00,2023-06-09 14:50:00+00:00,16973.25,17225.0,42,2023-06-09 14:50:00+00:00,2023-06-09 15:10:00+00:00,17097.0,17172.0,5,0.5084409136047666,17099.125,2023-06-09 15:10:00+00:00,17165.0,0.8888888888888888
5min,2023-06-12 15:20:00+00:00,2023-06-13 13:50:00+00:00,17158.0,17488.0,63,2023-06-13 13:50:00+00:00,2023-06-13 15:15:00+00:00,17321.0,17459.5,18,0.5060606060606061,17323.0,2023-06-13 15:15:00+00:00,17454.5,1.0
5min,2023-06-15 13:30:00+00:00,2023-06-15 16:55:00+00:00,17472.5,17682.5,43,2023-06-15 16:55:00+00:00,2023-06-15 17:30:00+00:00,17620.0,17664.25,8,0.2976190476190476,17577.5,2023-06-15 17:30:00+00:00,17663.75,1.0
5min,2023-06-30 16:05:00+00:00,2023-06-30 18:15:00+00:00,17661.0,17719.25,28,2023-06-30 18:15:00+00:00,2023-06-30 19:55:00+00:00,17687.25,17727.25,21,0.5493562231759657,17690.125,2023-06-30 19:55:00+00:00,17724.5,1.0
5min,2023-07-11 19:00:00+00:00,2023-07-12 15:00:00+00:00,17554.5,17865.75,33,2023-07-12 15:00:00+00:00,2023-07-12 15:20:00+00:00,17800.0,17834.5,5,0.21124497991967872,17710.125,2023-07-12 15:20:00+00:00,17833.0,0.8888888888888888
5min,2023-07-12 16:30:00+00:00,2023-07-12 18:55:00+00:00,17732.25,17836.0,31,2023-07-12 18:55:00+00:00,2023-07-12 19:15:00+00:00,17800.0,17823.75,5,0.3469879518072289,17784.125,2023-07-12 19:15:00+00:00,17822.5,1.0
5min,2023-07-12 19:40:00+00:00,2023-07-12 20:00:00+00:00,17794.5,17822.0,6,2023-07-12 20:00:00+00:00,2023-07-13 13:55:00+00:00,17794.5,17979.5,7,1.0,17808.25,2023-07-13 13:55:00+00:00,17977.5,1.0
5min,2023-07-13 14:05:00+00:00,2023-07-14 14:50:00+00:00,17917.25,18215.25,90,2023-07-14 14:50:00+00:00,2023-07-14 15:20:00+00:00,18111.25,18170.5,7,0.348993288590604,18066.25,2023-07-14 15:20:00+00:00,18168.25,1.0
5min,2023-07-17 13:35:00+00:00,2023-07-17 16:30:00+00:00,18066.75,18169.0,37,2023-07-17 16:30:00+00:00,2023-07-17 16:50:00+00:00,18118.25,18143.75,5,0.4963325183374083,18117.875,2023-07-17 16:50:00+00:00,18142.5,0.8888888888888888
5min,2023-07-25 15:10:00+00:00,2023-07-25 17:55:00+00:00,17972.5,18067.25,35,2023-07-25 17:55:00+00:00,2023-07-25 18:20:00+00:00,18042.0,18062.75,6,0.26649076517150394,18019.875,2023-07-25 18:20:00+00:00,18058.75,1.0
5min,2023-08-01 18:00:00+00:00,2023-08-01 18:35:00+00:00,18176.5,18204.5,9,2023-08-01 18:35:00+00:00,2023-08-01 19:10:00+00:00,18177.0,18207.25,8,0.9821428571428571,18190.5,2023-08-01 19:10:00+00:00,18205.0,1.0
5min,2023-08-07 16:55:00+00:00,2023-08-07 17:35:00+00:00,17766.25,17798.5,10,2023-08-07 17:35:00+00:00,2023-08-07 18:05:00+00:00,17768.0,17819.0,7,0.9457364341085271,17782.375,2023-08-07 18:05:00+00:00,17806.0,0.8888888888888888
5min,2023-08-14 14:00:00+00:00,2023-08-14 16:15:00+00:00,17458.25,17606.0,29,2023-08-14 16:15:00+00:00,2023-08-14 17:05:00+00:00,17530.25,17582.25,11,0.5126903553299492,17532.125,2023-08-14 17:05:00+00:00,17578.0,1.0
5min,2023-08-18 19:30:00+00:00,2023-08-18 20:00:00+00:00,17089.5,17160.75,8,2023-08-18 20:00:00+00:00,2023-08-21 14:00:00+00:00,17089.5,17271.75,8,1.0,17125.125,2023-08-21 14:00:00+00:00,17271.75,1.0
5min,2023-08-23 13:35:00+00:00,2023-08-23 16:10:00+00:00,17357.5,17565.0,33,2023-08-23 16:10:00+00:00,2023-08-23 16:40:00+00:00,17525.75,17551.5,7,0.1891566265060241,17461.25,2023-08-23 16:40:00+00:00,17551.0,1.0
5min,2023-08-28 19:45:00+00:00,2023-08-29 18:00:00+00:00,17413.25,17758.75,60,2023-08-29 18:00:00+00:00,2023-08-29 19:15:00+00:00,17715.75,17774.75,16,0.12445730824891461,17586.0,2023-08-29 19:15:00+00:00,17773.5,1.0
5min,2023-08-29 19:25:00+00:00,2023-08-30 13:50:00+00:00,17744.5,17805.75,14,2023-08-30 13:50:00+00:00,2023-08-30 14:15:00+00:00,17754.0,17865.0,6,0.8448979591836735,17775.125,2023-08-30 14:15:00+00:00,17863.25,1.0
5min,2023-09-07 17:25:00+00:00,2023-09-07 17:40:00+00:00,17607.25,17635.75,5,2023-09-07 17:40:00+00:00,2023-09-07 18:05:00+00:00,17607.25,17651.0,6,1.0,17621.5,2023-09-07 18:05:00+00:00,17650.5,0.7777777777777778
5min,2023-09-13 14:35:00+00:00,2023-09-13 16:45:00+00:00,17684.25,17765.5,28,2023-09-13 16:45:00+00:00,2023-09-13 17:45:00+00:00,17731.75,17780.25,13,0.4153846153846154,17724.875,2023-09-13 17:45:00+00:00,17776.75,1.0
5min,2023-09-14 14:40:00+00:00,2023-09-14 18:00:00+00:00,17758.75,17871.0,42,2023-09-14 18:00:00+00:00,2023-09-14 19:05:00+00:00,17815.0,17866.25,14,0.49888641425389757,17814.875,2023-09-14 19:05:00+00:00,17865.25,1.0
5min,2023-09-19 17:40:00+00:00,2023-09-19 18:15:00+00:00,17494.0,17545.75,9,2023-09-19 18:15:00+00:00,2023-09-19 18:40:00+00:00,17522.5,17569.75,6,0.4492753623188406,17519.875,2023-09-19 18:40:00+00:00,17559.5,0.8888888888888888
5min,2023-09-22 14:25:00+00:00,2023-09-22 15:55:00+00:00,17090.25,17189.25,20,2023-09-22 15:55:00+00:00,2023-09-22 16:45:00+00:00,17133.25,17182.75,11,0.5656565656565656,17139.75,2023-09-22 16:45:00+00:00,17181.25,1.0
5min,2023-10-09 15:30:00+00:00,2023-10-09 19:40:00+00:00,17169.5,17374.5,52,2023-10-09 19:40:00+00:00,2023-10-09 20:00:00+00:00,17328.75,17355.25,5,0.22317073170731708,17272.0,2023-10-09 20:00:00+00:00,17352.75,0.8888888888888888
5min,2023-10-11 18:25:00+00:00,2023-10-12 13:35:00+00:00,17451.75,17564.75,23,2023-10-12 13:35:00+00:00,2023-10-12 14:10:00+00:00,17527.75,17591.5,8,0.3274336283185841,17508.25,2023-10-12 14:10:00+00:00,17584.0,0.8888888888888888
5min,2023-10-16 13:40:00+00:00,2023-10-16 15:45:00+00:00,17344.5,17487.5,27,2023-10-16 15:45:00+00:00,2023-10-16 17:05:00+00:00,17417.75,17467.0,17,0.48776223776223776,17416.0,2023-10-16 17:05:00+00:00,17466.75,1.0
5min,2023-10-23 13:55:00+00:00,2023-10-23 14:35:00+00:00,16745.0,16849.5,10,2023-10-23 14:35:00+00:00,2023-10-23 15:00:00+00:00,16796.0,16863.25,6,0.5119617224880383,16797.25,2023-10-23 15:00:00+00:00,16862.75,0.8888888888888888
5min,2023-10-24 17:45:00+00:00,2023-10-24 18:05:00+00:00,16920.0,16947.0,6,2023-10-24 18:05:00+00:00,2023-10-24 18:25:00+00:00,16927.75,16956.5,5,0.7129629629629629,16933.5,2023-10-24 18:25:00+00:00,16955.0,1.0
5min,2023-10-31 16:35:00+00:00,2023-11-01 15:25:00+00:00,16533.5,16811.25,67,2023-11-01 15:25:00+00:00,2023-11-01 15:55:00+00:00,16737.75,16774.25,7,0.2646264626462646,16672.375,2023-11-01 15:55:00+00:00,16772.25,0.8888888888888888
5min,2023-11-01 19:05:00+00:00,2023-11-02 13:55:00+00:00,16819.75,17114.25,19,2023-11-02 13:55:00+00:00,2023-11-02 14:40:00+00:00,17031.25,17102.75,10,0.28183361629881154,16967.0,2023-11-02 14:40:00+00:00,17101.0,1.0
5min,2023-11-02 16:20:00+00:00,2023-11-03 14:35:00+00:00,17084.5,17325.0,60,2023-11-03 14:35:00+00:00,2023-11-03 15:35:00+00:00,17224.5,17298.75,13,0.4178794178794179,17204.75,2023-11-03 15:35:00+00:00,17298.5,1.0
5min,2023-11-06 20:00:00+00:00,2023-11-07 14:40:00+00:00,17356.25,17449.0,17,2023-11-07 14:40:00+00:00,2023-11-07 15:00:00+00:00,17385.75,17465.0,5,0.6819407008086253,17402.625,2023-11-07 15:00:00+00:00,17459.25,1.0
5min,2023-11-07 15:10:00+00:00,2023-11-07 19:50:00+00:00,17434.5,17574.0,58,2023-11-07 19:50:00+00:00,2023-11-07 20:40:00+00:00,17530.75,17569.75,11,0.3100358422939068,17504.25,2023-11-07 20:40:00+00:00,17568.25,1.0
5min,2023-11-14 14:35:00+00:00,2023-11-14 16:25:00+00:00,17952.0,18064.75,24,2023-11-14 16:25:00+00:00,2023-11-14 16:45:00+00:00,18018.75,18039.5,5,0.4079822616407982,18008.375,2023-11-14 16:45:00+00:00,18038.5,0.8888888888888888
5min,2023-11-14 19:35:00+00:00,2023-11-15 14:45:00+00:00,18017.0,18135.25,23,2023-11-15 14:45:00+00:00,2023-11-15 15:55:00+00:00,18067.75,18139.0,15,0.5708245243128964,18076.125,2023-11-15 15:55:00+00:00,18127.0,1.0
5min,2023-11-17 21:00:00+00:00,2023-11-20 17:50:00+00:00,18052.25,18193.75,43,2023-11-20 17:50:00+00:00,2023-11-20 18:10:00+00:00,18171.5,18230.25,5,0.15724381625441697,18123.0,2023-11-20 18:10:00+00:00,18225.75,1.0
5min,2023-11-28 15:10:00+00:00,2023-11-28 15:30:00+00:00,18129.0,18160.25,6,2023-11-28 15:30:00+00:00,2023-11-28 16:35:00+00:00,18133.0,18228.75,14,0.872,18144.625,2023-11-28 16:35:00+00:00,18225.75,1.0
5min,2023-12-07 16:35:00+00:00,2023-12-07 18:35:00+00:00,18130.0,18217.75,26,2023-12-07 18:35:00+00:00,2023-12-07 19:05:00+00:00,18178.25,18202.0,7,0.45014245014245013,18173.875,2023-12-07 19:05:00+00:00,18200.25,1.0
5min,2023-12-08 14:45:00+00:00,2023-12-08 15:00:00+00:00,18137.0,18187.75,5,2023-12-08 15:00:00+00:00,2023-12-08 15:20:00+00:00,18139.5,18271.75,5,0.9507389162561576,18162.375,2023-12-08 15:20:00+00:00,18260.5,1.0
5min,2023-12-08 17:25:00+00:00,2023-12-08 20:55:00+00:00,18195.75,18280.5,44,2023-12-08 20:55:00+00:00,2023-12-11 15:10:00+00:00,18232.75,18337.75,11,0.5634218289085545,18238.125,2023-12-11 15:10:00+00:00,18332.75,1.0
5min,2023-12-11 16:30:00+00:00,2023-12-11 19:45:00+00:00,18285.25,18410.75,41,2023-12-11 19:45:00+00:00,2023-12-12 15:05:00+00:00,18347.75,18426.25,24,0.50199203187251,18348.0,2023-12-12 15:05:00+00:00,18420.0,0.7777777777777778
5min,2023-12-12 17:20:00+00:00,2023-12-13 14:55:00+00:00,18431.0,18608.5,52,2023-12-13 14:55:00+00:00,2023-12-13 15:20:00+00:00,18548.5,18587.75,6,0.3380281690140845,18519.75,2023-12-13 15:20:00+00:00,18587.5,1.0
5min,2023-12-18 16:15:00+00:00,2023-12-18 20:45:00+00:00,18817.75,18925.25,56,2023-12-18 20:45:00+00:00,2023-12-19 14:45:00+00:00,18888.5,18946.75,8,0.34186046511627904,18871.5,2023-12-19 14:45:00+00:00,18939.0,1.0
5min,2023-12-19 15:00:00+00:00,2023-12-19 15:45:00+00:00,18905.5,18958.75,11,2023-12-19 15:45:00+00:00,2023-12-19 16:05:00+00:00,18916.5,18960.0,5,0.7934272300469484,18932.125,2023-12-19 16:05:00+00:00,18958.5,1.0
5min,2023-12-19 20:40:00+00:00,2023-12-20 16:15:00+00:00,18922.25,19024.75,28,2023-12-20 16:15:00+00:00,2023-12-20 18:00:00+00:00,18973.5,19015.75,22,0.5,18973.5,2023-12-20 18:00:00+00:00,19012.75,1.0
5min,2023-12-22 21:00:00+00:00,2023-12-26 16:25:00+00:00,18920.75,19011.75,26,2023-12-26 16:25:00+00:00,2023-12-26 16:55:00+00:00,18977.0,19005.75,7,0.38186813186813184,18966.25,2023-12-26 16:55:00+00:00,19005.25,1.0
5min,2024-01-05 20:55:00+00:00,2024-01-09 14:45:00+00:00,18398.75,18762.5,86,2024-01-09 14:45:00+00:00,2024-01-09 15:15:00+00:00,18611.75,18684.25,7,0.4144329896907217,18580.625,2024-01-09 15:15:00+00:00,18683.25,0.7777777777777778
5min,2024-01-09 15:25:00+00:00,2024-01-09 16:00:00+00:00,18663.25,18703.0,9,2024-01-09 16:00:00+00:00,2024-01-09 16:20:00+00:00,18678.25,18732.75,5,0.6226415094339622,18683.125,2024-01-09 16:20:00+00:00,18727.0,1.0
5min,2024-01-10 15:20:00+00:00,2024-01-10 16:35:00+00:00,18787.75,18848.75,17,2024-01-10 16:35:00+00:00,2024-01-10 17:15:00+00:00,18808.75,18844.25,9,0.6557377049180327,18818.25,2024-01-10 17:15:00+00:00,18843.75,1.0
5min,2024-01-11 18:25:00+00:00,2024-01-11 18:50:00+00:00,18828.75,18855.25,7,2024-01-11 18:50:00+00:00,2024-01-11 19:55:00+00:00,18840.5,18919.25,14,0.5566037735849056,18842.0,2024-01-11 19:55:00+00:00,18916.75,1.0
5min,2024-01-16 19:50:00+00:00,2024-01-16 20:30:00+00:00,18854.25,18896.5,10,2024-01-16 20:30:00+00:00,2024-01-16 21:00:00+00:00,18874.0,18921.0,7,0.5325443786982249,18875.375,2024-01-16 21:00:00+00:00,18919.5,1.0
5min,2024-01-17 20:40:00+00:00,2024-01-18 15:10:00+00:00,18775.25,19005.5,15,2024-01-18 15:10:00+00:00,2024-01-18 15:35:00+00:00,18937.5,19000.5,6,0.2953311617806732,18890.375,2024-01-18 15:35:00+00:00,18991.25,1.0
5min,2024-01-19 15:45:00+00:00,2024-01-22 14:50:00+00:00,19159.25,19536.25,70,2024-01-22 14:50:00+00:00,2024-01-24 14:30:00+00:00,19360.75,19645.75,155,0.46551724137931033,19347.75,2024-01-24 14:30:00+00:00,19644.0,1.0
5min,2024-01-26 15:30:00+00:00,2024-01-26 16:45:00+00:00,19506.25,19580.75,17,2024-01-26 16:45:00+00:00,2024-01-26 17:05:00+00:00,19528.25,19572.0,5,0.7046979865771812,19543.5,2024-01-26 17:05:00+00:00,19570.0,1.0
5min,2024-01-29 16:35:00+00:00,2024-01-29 19:00:00+00:00,19505.75,19560.75,31,2024-01-29 19:00:00+00:00,2024-01-29 19:40:00+00:00,19534.25,19580.5,9,0.4818181818181818,19533.25,2024-01-29 19:40:00+00:00,19577.5,1.0
5min,2024-02-01 17:50:00+00:00,2024-02-01 18:10:00+00:00,19280.25,19365.25,6,2024-02-01 18:10:00+00:00,2024-02-01 18:35:00+00:00,19280.25,19352.75,6,1.0,19322.75,2024-02-01 18:35:00+00:00,19341.25,1.0
5min,2024-02-01 18:55:00+00:00,2024-02-01 20:55:00+00:00,19320.0,19404.5,26,2024-02-01 20:55:00+00:00,2024-02-02 14:45:00+00:00,19355.5,19530.0,6,0.5798816568047337,19362.25,2024-02-02 14:45:00+00:00,19527.5,0.6666666666666666
5min,2024-02-02 15:05:00+00:00,2024-02-02 15:35:00+00:00,19499.75,19572.75,8,2024-02-02 15:35:00+00:00,2024-02-02 16:30:00+00:00,19499.75,19624.75,12,1.0,19536.25,2024-02-02 16:30:00+00:00,19622.75,1.0
5min,2024-02-06 21:00:00+00:00,2024-02-07 17:30:00+00:00,19585.25,19826.75,39,2024-02-07 17:30:00+00:00,2024-02-07 18:30:00+00:00,19730.5,19799.5,13,0.39855072463768115,19706.0,2024-02-07 18:30:00+00:00,19799.25,1.0
5min,2024-02-08 14:30:00+00:00,2024-02-08 17:50:00+00:00,19759.25,19847.75,42,2024-02-08 17:50:00+00:00,2024-02-08 18:40:00+00:00,19800.5,19843.75,11,0.5338983050847458,19803.5,2024-02-08 18:40:00+00:00,19839.25,1.0
5min,2024-02-09 15:00:00+00:00,2024-02-09 17:10:00+00:00,19859.75,19958.75,28,2024-02-09 17:10:00+00:00,2024-02-09 17:30:00+00:00,19929.0,19954.0,5,0.3005050505050505,19909.25,2024-02-09 17:30:00+00:00,19953.0,1.0
5min,2024-02-21 20:45:00+00:00,2024-02-22 20:35:00+00:00,19436.0,20038.25,79,2024-02-22 20:35:00+00:00,2024-02-23 14:35:00+00:00,19992.0,20091.25,8,0.0767953507679535,19737.125,2024-02-23 14:35:00+00:00,20087.0,1.0
5min,2024-03-07 14:35:00+00:00,2024-03-07 20:05:00+00:00,20070.0,20311.25,68,2024-03-07 20:05:00+00:00,2024-03-07 20:45:00+00:00,20239.75,20286.0,9,0.29637305699481864,20190.625,2024-03-07 20:45:00+00:00,20283.0,0.8888888888888888
5min,2024-03-19 16:05:00+00:00,2024-03-19 19:05:00+00:00,19847.75,19990.0,38,2024-03-19 19:05:00+00:00,2024-03-20 13:30:00+00:00,19917.25,20019.0,13,0.5114235500878734,19918.875,2024-03-20 13:30:00+00:00,20019.0,1.0
5min,2024-03-20 18:00:00+00:00,2024-03-21 13:55:00+00:00,19964.5,20409.75,32,2024-03-21 13:55:00+00:00,2024-03-21 14:25:00+00:00,20326.75,20388.25,7,0.18641212801796744,20187.125,2024-03-21 14:25:00+00:00,20369.75,1.0
5min,2024-04-05 13:50:00+00:00,2024-04-05 17:15:00+00:00,19860.5,20109.0,43,2024-04-05 17:15:00+00:00,2024-04-05 17:35:00+00:00,20043.5,20086.25,5,0.2635814889336016,19984.75,2024-04-05 17:35:00+00:00,20082.25,1.0
5min,2024-04-23 13:35:00+00:00,2024-04-23 17:20:00+00:00,19114.5,19316.5,47,2024-04-23 17:20:00+00:00,2024-04-23 17:40:00+00:00,19272.75,19307.75,5,0.21658415841584158,19215.5,2024-04-23 17:40:00+00:00,19306.0,1.0
5min,2024-04-25 16:10:00+00:00,2024-04-25 18:30:00+00:00,19097.75,19284.25,30,2024-04-25 18:30:00+00:00,2024-04-25 19:05:00+00:00,19193.25,19273.25,8,0.4879356568364611,19191.0,2024-04-25 19:05:00+00:00,19268.75,0.8888888888888888
5min,2024-04-25 20:00:00+00:00,2024-04-26 16:25:00+00:00,19241.0,19587.0,38,2024-04-26 16:25:00+00:00,2024-04-26 17:00:00+00:00,19536.5,19583.5,8,0.14595375722543352,19414.0,2024-04-26 17:00:00+00:00,19583.0,1.0
5min,2024-05-02 17:10:00+00:00,2024-05-02 19:40:00+00:00,19238.5,19386.25,32,2024-05-02 19:40:00+00:00,2024-05-03 13:30:00+00:00,19312.25,19668.75,6,0.5008460236886633,19312.375,2024-05-03 13:30:00+00:00,19658.25,1.0
5min,2024-05-03 15:35:00+00:00,2024-05-03 19:50:00+00:00,19647.25,19728.5,53,2024-05-03 19:50:00+00:00,2024-05-06 13:40:00+00:00,19688.5,19802.25,6,0.49230769230769234,19687.875,2024-05-06 13:40:00+00:00,19785.25,1.0
5min,2024-05-06 16:35:00+00:00,2024-05-06 19:35:00+00:00,19786.5,19855.5,38,2024-05-06 19:35:00+00:00,2024-05-06 19:55:00+00:00,19831.75,19877.75,5,0.3442028985507246,19821.0,2024-05-06 19:55:00+00:00,19877.25,1.0
5min,2024-05-08 14:00:00+00:00,2024-05-08 14:15:00+00:00,19852.25,19879.75,5,2024-05-08 14:15:00+00:00,2024-05-08 14:45:00+00:00,19852.25,19922.75,7,1.0,19866.0,2024-05-08 14:45:00+00:00,19919.5,1.0
5min,2024-05-14 17:30:00+00:00,2024-05-15 13:50:00+00:00,20012.75,20232.75,37,2024-05-15 13:50:00+00:00,2024-05-15 14:10:00+00:00,20147.5,20225.5,5,0.3875,20122.75,2024-05-15 14:10:00+00:00,20215.0,1.0
5min,2024-05-17 20:00:00+00:00,2024-05-20 15:10:00+00:00,20319.5,20472.75,23,2024-05-20 15:10:00+00:00,2024-05-20 15:30:00+00:00,20430.25,20455.75,5,0.27732463295269166,20396.125,2024-05-20 15:30:00+00:00,20453.25,1.0
5min,2024-05-20 16:05:00+00:00,2024-05-20 16:30:00+00:00,20442.0,20458.0,7,2024-05-20 16:30:00+00:00,2024-05-20 16:55:00+00:00,20442.0,20488.5,6,1.0,20450.0,2024-05-20 16:55:00+00:00,20485.25,1.0
5min,2024-05-21 17:35:00+00:00,2024-05-22 14:40:00+00:00,20455.25,20533.5,46,2024-05-22 14:40:00+00:00,2024-05-22 15:05:00+00:00,20502.25,20530.75,6,0.3993610223642173,20494.375,2024-05-22 15:05:00+00:00,20530.75,1.0
5min,2024-05-24 13:35:00+00:00,2024-05-24 14:00:00+00:00,20433.25,20488.0,7,2024-05-24 14:00:00+00:00,2024-05-24 14:20:00+00:00,20434.75,20517.5,5,0.9726027397260274,20460.625,2024-05-24 14:20:00+00:00,20515.5,1.0
5min,2024-05-24 14:30:00+00:00,2024-05-24 17:05:00+00:00,20514.0,20619.75,33,2024-05-24 17:05:00+00:00,2024-05-24 18:05:00+00:00,20575.0,20617.75,13,0.4231678486997636,20566.875,2024-05-24 18:05:00+00:00,20616.0,1.0
5min,2024-06-04 19:25:00+00:00,2024-06-04 19:40:00+00:00,20342.5,20378.0,5,2024-06-04 19:40:00+00:00,2024-06-05 13:30:00+00:00,20342.5,20554.5,6,1.0,20360.25,2024-06-05 13:30:00+00:00,20549.25,1.0
5min,2024-06-11 16:10:00+00:00,2024-06-11 19:20:00+00:00,20781.75,20933.0,40,2024-06-11 19:20:00+00:00,2024-06-11 20:00:00+00:00,20888.0,20948.25,9,0.2975206611570248,20857.375,2024-06-11 20:00:00+00:00,20942.75,1.0
5min,2024-06-12 13:35:00+00:00,2024-06-12 16:20:00+00:00,21075.5,21247.5,35,2024-06-12 16:20:00+00:00,2024-06-12 17:15:00+00:00,21194.0,21225.5,12,0.311046511627907,21161.5,2024-06-12 17:15:00+00:00,21224.75,1.0
5min,2024-06-14 16:05:00+00:00,2024-06-14 16:35:00+00:00,21301.75,21343.75,8,2024-06-14 16:35:00+00:00,2024-06-14 17:10:00+00:00,21301.75,21348.75,8,1.0,21322.75,2024-06-14 17:10:00+00:00,21345.0,1.0
5min,2024-06-14 17:20:00+00:00,2024-06-14 18:40:00+00:00,21330.0,21377.0,18,2024-06-14 18:40:00+00:00,2024-06-14 19:25:00+00:00,21332.75,21379.5,10,0.9414893617021277,21353.5,2024-06-14 19:25:00+00:00,21377.0,1.0
5min,2024-06-17 14:15:00+00:00,2024-06-17 14:30:00+00:00,21370.0,21424.75,5,2024-06-17 14:30:00+00:00,2024-06-17 15:05:00+00:00,21370.0,21435.75,8,1.0,21397.375,2024-06-17 15:05:00+00:00,21433.5,1.0
5min,2024-06-25 17:20:00+00:00,2024-06-26 13:35:00+00:00,21314.25,21422.0,36,2024-06-26 13:35:00+00:00,2024-06-26 14:10:00+00:00,21360.0,21457.5,8,0.5754060324825986,21368.125,2024-06-26 14:10:00+00:00,21442.75,0.8888888888888888
5min,2024-07-01 15:55:00+00:00,2024-07-01 17:05:00+00:00,21388.5,21467.25,16,2024-07-01 17:05:00+00:00,2024-07-01 18:15:00+00:00,21418.25,21477.75,15,0.6222222222222222,21427.875,2024-07-01 18:15:00+00:00,21471.75,0.8888888888888888
5min,2024-07-01 20:00:00+00:00,2024-07-02 16:15:00+00:00,21411.5,21597.0,36,2024-07-02 16:15:00+00:00,2024-07-02 16:50:00+00:00,21506.0,21562.5,8,0.49056603773584906,21504.25,2024-07-02 16:50:00+00:00,21562.5,1.0
5min,2024-07-02 17:00:00+00:00,2024-07-04 13:35:00+00:00,21558.75,21876.0,86,2024-07-04 13:35:00+00:00,2024-07-05 13:35:00+00:00,21810.5,21918.5,44,0.20646178092986603,21717.375,2024-07-05 13:35:00+00:00,21902.0,1.0
5min,2024-07-05 13:45:00+00:00,2024-07-05 18:30:00+00:00,21869.0,22079.25,59,2024-07-05 18:30:00+00:00,2024-07-05 19:05:00+00:00,22035.0,22061.75,8,0.21046373365041618,21974.125,2024-07-05 19:05:00+00:00,22059.5,1.0
5min,2024-07-09 19:50:00+00:00,2024-07-10 13:40:00+00:00,22104.0,22208.75,7,2024-07-10 13:40:00+00:00,2024-07-10 14:10:00+00:00,22162.25,22230.25,7,0.4439140811455847,22156.375,2024-07-10 14:10:00+00:00,22226.0,1.0
5min,2024-07-12 13:35:00+00:00,2024-07-12 15:25:00+00:00,21866.0,22107.0,24,2024-07-12 15:25:00+00:00,2024-07-12 15:45:00+00:00,22063.5,22107.5,5,0.18049792531120332,21986.5,2024-07-12 15:45:00+00:00,22104.0,1.0
5min,2024-08-05 13:45:00+00:00,2024-08-05 14:30:00+00:00,19138.5,19553.25,11,2024-08-05 14:30:00+00:00,2024-08-05 15:15:00+00:00,19291.5,19606.75,10,0.6311030741410488,19345.875,2024-08-05 15:15:00+00:00,19583.0,0.8888888888888888
5min,2024-08-06 14:00:00+00:00,2024-08-06 14:35:00+00:00,19543.0,19670.5,9,2024-08-06 14:35:00+00:00,2024-08-06 16:20:00+00:00,19568.25,19821.25,22,0.8019607843137255,19606.75,2024-08-06 16:20:00+00:00,19813.5,1.0
5min,2024-08-06 16:30:00+00:00,2024-08-06 18:10:00+00:00,19756.75,19890.25,22,2024-08-06 18:10:00+00:00,2024-08-06 18:35:00+00:00,19825.75,19911.25,6,0.48314606741573035,19823.5,2024-08-06 18:35:00+00:00,19909.0,1.0
5min,2024-08-08 14:00:00+00:00,2024-08-08 15:20:00+00:00,19601.5,19878.75,18,2024-08-08 15:20:00+00:00,2024-08-08 16:05:00+00:00,19764.0,19876.25,10,0.4138863841298467,19740.125,2024-08-08 16:05:00+00:00,19874.25,1.0
5min,2024-08-13 13:30:00+00:00,2024-08-13 19:15:00+00:00,20257.0,20528.25,71,2024-08-13 19:15:00+00:00,2024-08-13 19:50:00+00:00,20473.0,20549.75,8,0.20368663594470046,20392.625,2024-08-13 19:50:00+00:00,20546.5,1.0
5min,2024-08-14 19:50:00+00:00,2024-08-15 19:55:00+00:00,20511.0,21044.0,82,2024-08-15 19:55:00+00:00,2024-08-16 16:15:00+00:00,20903.25,21051.75,36,0.26407129455909945,20777.5,2024-08-16 16:15:00+00:00,21051.0,1.0
5min,2024-08-27 16:05:00+00:00,2024-08-27 16:45:00+00:00,21024.0,21085.75,10,2024-08-27 16:45:00+00:00,2024-08-27 17:30:00+00:00,21024.0,21116.25,10,1.0,21054.875,2024-08-27 17:30:00+00:00,21110.75,1.0
5min,2024-08-30 18:20:00+00:00,2024-09-02 14:05:00+00:00,20907.5,21086.25,30,2024-09-02 14:05:00+00:00,2024-09-02 14:35:00+00:00,21028.25,21077.0,7,0.32447552447552447,20996.875,2024-09-02 14:35:00+00:00,21074.75,1.0
5min,2024-09-04 13:50:00+00:00,2024-09-04 14:20:00+00:00,20279.0,20442.75,8,2024-09-04 14:20:00+00:00,2024-09-04 14:45:00+00:00,20356.75,20503.0,6,0.5251908396946565,20360.875,2024-09-04 14:45:00+00:00,20501.75,0.8888888888888888
5min,2024-09-11 15:45:00+00:00,2024-09-12 13:35:00+00:00,20164.0,20734.25,55,2024-09-12 13:35:00+00:00,2024-09-12 14:20:00+00:00,20625.75,20782.5,10,0.19026742656729503,20449.125,2024-09-12 14:20:00+00:00,20770.0,1.0
5min,2024-09-12 16:10:00+00:00,2024-09-12 19:35:00+00:00,20712.5,20924.25,43,2024-09-12 19:35:00+00:00,2024-09-13 13:40:00+00:00,20839.0,20922.5,9,0.4025974025974026,20818.375,2024-09-13 13:40:00+00:00,20911.5,1.0
5min,2024-09-13 13:50:00+00:00,2024-09-13 14:35:00+00:00,20854.0,20970.0,11,2024-09-13 14:35:00+00:00,2024-09-13 16:05:00+00:00,20854.0,21001.75,19,1.0,20912.0,2024-09-13 16:05:00+00:00,20988.0,1.0
5min,2024-09-19 14:10:00+00:00,2024-09-19 16:00:00+00:00,21209.75,21362.5,24,2024-09-19 16:00:00+00:00,2024-09-19 16:30:00+00:00,21289.25,21371.0,7,0.4795417348608838,21286.125,2024-09-19 16:30:00+00:00,21362.5,1.0
5min,2024-09-24 15:10:00+00:00,2024-09-24 17:00:00+00:00,21277.5,21418.75,24,2024-09-24 17:00:00+00:00,2024-09-24 17:20:00+00:00,21355.0,21396.25,5,0.45132743362831856,21348.125,2024-09-24 17:20:00+00:00,21392.5,0.8888888888888888
5min,2024-09-26 17:50:00+00:00,2024-09-26 18:50:00+00:00,21474.75,21552.0,14,2024-09-26 18:50:00+00:00,2024-09-26 19:15:00+00:00,21523.0,21564.0,6,0.37540453074433655,21513.375,2024-09-26 19:15:00+00:00,21557.0,0.7777777777777778
5min,2024-10-08 13:45:00+00:00,2024-10-08 16:10:00+00:00,21276.25,21477.75,31,2024-10-08 16:10:00+00:00,2024-10-08 16:30:00+00:00,21404.0,21445.5,5,0.36600496277915634,21377.0,2024-10-08 16:30:00+00:00,21440.75,1.0
5min,2024-10-09 14:10:00+00:00,2024-10-09 16:20:00+00:00,21473.25,21652.25,28,2024-10-09 16:20:00+00:00,2024-10-09 18:30:00+00:00,21559.0,21665.75,27,0.520949720670391,21562.75,2024-10-09 18:30:00+00:00,21659.25,1.0
5min,2024-10-11 17:05:00+00:00,2024-10-11 17:20:00+00:00,21621.25,21650.5,5,2024-10-11 17:20:00+00:00,2024-10-11 18:10:00+00:00,21621.25,21660.0,11,1.0,21635.875,2024-10-11 18:10:00+00:00,21659.25,1.0
5min,2024-10-14 15:55:00+00:00,2024-10-14 17:20:00+00:00,21772.5,21828.0,19,2024-10-14 17:20:00+00:00,2024-10-14 18:10:00+00:00,21798.25,21832.5,11,0.536036036036036,21800.25,2024-10-14 18:10:00+00:00,21821.25,1.0
5min,2024-10-24 18:55:00+00:00,2024-10-25 16:00:00+00:00,21548.0,21911.25,46,2024-10-25 16:00:00+00:00,2024-10-25 16:25:00+00:00,21807.25,21861.5,6,0.28630419821059877,21729.625,2024-10-25 16:25:00+00:00,21859.0,1.0
5min,2024-11-05 14:35:00+00:00,2024-11-05 16:00:00+00:00,21351.0,21525.25,19,2024-11-05 16:00:00+00:00,2024-11-05 16:25:00+00:00,21436.5,21517.75,6,0.509325681492109,21438.125,2024-11-05 16:25:00+00:00,21514.5,1.0
5min,2024-11-06 15:10:00+00:00,2024-11-07 18:50:00+00:00,21869.5,22403.0,125,2024-11-07 18:50:00+00:00,2024-11-07 19:50:00+00:00,22355.25,22428.75,13,0.0895032802249297,22136.25,2024-11-07 19:50:00+00:00,22421.5,1.0
5min,2024-11-11 20:15:00+00:00,2024-11-11 20:30:00+00:00,22387.25,22404.0,5,2024-11-11 20:30:00+00:00,2024-11-12 14:40:00+00:00,22385.5,22445.5,10,1.1044776119402986,22395.625,2024-11-12 14:40:00+00:00,22430.5,0.8888888888888888
5min,2024-11-19 15:25:00+00:00,2024-11-19 19:35:00+00:00,21749.75,21996.5,52,2024-11-19 19:35:00+00:00,2024-11-19 20:50:00+00:00,21913.25,21977.5,16,0.3373860182370821,21873.125,2024-11-19 20:50:00+00:00,21973.0,1.0
5min,2024-11-22 20:25:00+00:00,2024-11-22 20:45:00+00:00,22006.0,22041.25,6,2024-11-22 20:45:00+00:00,2024-11-25 14:30:00+00:00,22017.0,22244.0,5,0.6879432624113475,22023.625,2024-11-25 14:30:00+00:00,22219.75,0.6666666666666666
5min,2024-11-25 21:00:00+00:00,2024-11-26 15:25:00+00:00,22072.0,22228.75,14,2024-11-26 15:25:00+00:00,2024-11-26 15:45:00+00:00,22124.25,22194.75,5,0.6666666666666666,22150.375,2024-11-26 15:45:00+00:00,22193.0,1.0
5min,2024-11-29 14:45:00+00:00,2024-11-29 17:30:00+00:00,22051.0,22210.5,35,2024-11-29 17:30:00+00:00,2024-12-02 14:30:00+00:00,22184.0,22250.5,11,0.16614420062695925,22130.75,2024-12-02 14:30:00+00:00,22246.75,1.0
5min,2024-12-03 17:55:00+00:00,2024-12-04 14:35:00+00:00,22417.0,22640.75,41,2024-12-04 14:35:00+00:00,2024-12-04 15:35:00+00:00,22592.25,22682.0,13,0.21675977653631284,22528.875,2024-12-04 15:35:00+00:00,22681.0,1.0
5min,2024-12-06 14:40:00+00:00,2024-12-06 16:15:00+00:00,22719.75,22849.25,21,2024-12-06 16:15:00+00:00,2024-12-06 16:35:00+00:00,22777.0,22837.75,5,0.5579150579150579,22784.5,2024-12-06 16:35:00+00:00,22834.75,1.0
5min,2024-12-11 14:35:00+00:00,2024-12-11 19:10:00+00:00,22777.0,23015.75,57,2024-12-11 19:10:00+00:00,2024-12-11 19:40:00+00:00,22983.75,23014.75,7,0.13403141361256546,22896.375,2024-12-11 19:40:00+00:00,23012.25,1.0
5min,2024-12-20 14:45:00+00:00,2024-12-20 18:05:00+00:00,22078.25,22730.0,42,2024-12-20 18:05:00+00:00,2024-12-24 14:30:00+00:00,22394.5,22748.5,116,0.5147679324894515,22404.125,2024-12-24 14:30:00+00:00,22744.75,0.7777777777777778
5min,2024-12-24 14:40:00+00:00,2024-12-24 17:00:00+00:00,22729.5,22912.5,30,2024-12-24 17:00:00+00:00,2024-12-24 17:55:00+00:00,22860.75,22926.0,12,0.2827868852459016,22821.0,2024-12-24 17:55:00+00:00,22924.5,1.0
5min,2025-01-03 15:40:00+00:00,2025-01-03 20:05:00+00:00,22249.25,22477.0,55,2025-01-03 20:05:00+00:00,2025-01-06 14:30:00+00:00,22392.5,22653.75,13,0.37102085620197583,22363.125,2025-01-06 14:30:00+00:00,22650.5,1.0
