timeframe,move_start_ts,move_end_ts,move_low,move_high,move_duration_bars,consol_start_ts,consol_end_ts,consol_low,consol_high,consol_duration_bars,fib_retracement_depth,fib_50,entry_ts,entry_price,entry_score
15min,2005-01-14 15:00:00+00:00,2005-01-14 16:30:00+00:00,4709.5,4724.0,8,2005-01-14 16:30:00+00:00,2005-01-14 17:30:00+00:00,4716.0,4722.0,5,0.5517241379310345,4716.75,2005-01-14 17:30:00+00:00,4721.5,0.8888888888888888
15min,2005-02-07 20:30:00+00:00,2005-02-08 14:30:00+00:00,4683.5,4688.0,5,2005-02-08 14:30:00+00:00,2005-02-08 15:45:00+00:00,4685.0,4701.0,6,0.6666666666666666,4685.75,2005-02-08 15:45:00+00:00,4698.5,1.0
15min,2005-02-11 15:45:00+00:00,2005-02-14 14:30:00+00:00,4666.0,4694.0,24,2005-02-14 14:30:00+00:00,2005-02-15 15:15:00+00:00,4686.5,4702.0,31,0.26785714285714285,4680.0,2005-02-15 15:15:00+00:00,4700.5,1.0
15min,2005-02-24 19:00:00+00:00,2005-02-25 15:15:00+00:00,4656.5,4677.5,14,2005-02-25 15:15:00+00:00,2005-02-25 17:00:00+00:00,4669.0,4685.0,8,0.40476190476190477,4667.0,2005-02-25 17:00:00+00:00,4683.0,1.0
15min,2005-03-04 19:15:00+00:00,2005-03-04 21:00:00+00:00,4677.0,4685.0,9,2005-03-04 21:00:00+00:00,2005-03-07 15:15:00+00:00,4677.5,4701.5,5,0.9375,4681.0,2005-03-07 15:15:00+00:00,4701.0,1.0
15min,2005-03-30 15:30:00+00:00,2005-03-30 19:45:00+00:00,4627.5,4645.0,19,2005-03-30 19:45:00+00:00,2005-03-30 21:00:00+00:00,4634.0,4643.5,6,0.6285714285714286,4636.25,2005-03-30 21:00:00+00:00,4643.0,1.0
15min,2005-04-04 18:15:00+00:00,2005-04-05 15:30:00+00:00,4624.0,4639.5,18,2005-04-05 15:30:00+00:00,2005-04-06 13:30:00+00:00,4629.0,4640.0,20,0.6774193548387096,4631.75,2005-04-06 13:30:00+00:00,4639.5,0.6666666666666666
15min,2005-04-19 15:45:00+00:00,2005-04-19 16:30:00+00:00,4564.0,4570.5,5,2005-04-19 16:30:00+00:00,2005-04-19 17:45:00+00:00,4564.0,4571.5,6,1.0,4567.25,2005-04-19 17:45:00+00:00,4571.0,0.8888888888888888
15min,2005-05-17 17:45:00+00:00,2005-05-18 20:00:00+00:00,4622.0,4663.0,38,2005-05-18 20:00:00+00:00,2005-05-19 14:15:00+00:00,4655.0,4666.0,5,0.1951219512195122,4642.5,2005-05-19 14:15:00+00:00,4665.0,1.0
15min,2005-05-20 15:00:00+00:00,2005-05-23 15:15:00+00:00,4666.5,4683.0,30,2005-05-23 15:15:00+00:00,2005-05-23 16:15:00+00:00,4671.5,4680.0,5,0.696969696969697,4674.75,2005-05-23 16:15:00+00:00,4679.0,1.0
15min,2005-06-20 15:00:00+00:00,2005-06-20 15:45:00+00:00,4675.0,4679.0,5,2005-06-20 15:45:00+00:00,2005-06-20 18:45:00+00:00,4675.0,4686.0,13,1.0,4677.0,2005-06-20 18:45:00+00:00,4684.5,1.0
15min,2005-07-08 15:15:00+00:00,2005-07-11 14:15:00+00:00,4649.5,4681.5,25,2005-07-11 14:15:00+00:00,2005-07-11 15:15:00+00:00,4677.0,4688.0,5,0.140625,4665.5,2005-07-11 15:15:00+00:00,4688.0,1.0
15min,2005-07-11 19:00:00+00:00,2005-07-12 13:45:00+00:00,4680.5,4689.5,8,2005-07-12 13:45:00+00:00,2005-07-12 17:45:00+00:00,4684.0,4694.5,17,0.6111111111111112,4685.0,2005-07-12 17:45:00+00:00,4693.0,1.0
15min,2005-07-13 17:45:00+00:00,2005-07-14 14:15:00+00:00,4694.5,4719.0,15,2005-07-14 14:15:00+00:00,2005-07-14 17:15:00+00:00,4704.0,4718.0,13,0.6122448979591837,4706.75,2005-07-14 17:15:00+00:00,4717.5,1.0
15min,2005-07-27 16:30:00+00:00,2005-07-28 14:30:00+00:00,4738.0,4755.0,21,2005-07-28 14:30:00+00:00,2005-07-28 17:45:00+00:00,4748.5,4759.5,14,0.38235294117647056,4746.5,2005-07-28 17:45:00+00:00,4759.0,1.0
15min,2005-08-01 18:30:00+00:00,2005-08-02 18:45:00+00:00,4747.5,4768.0,30,2005-08-02 18:45:00+00:00,2005-08-02 19:45:00+00:00,4762.0,4767.5,5,0.2926829268292683,4757.75,2005-08-02 19:45:00+00:00,4767.0,1.0
15min,2005-09-09 15:45:00+00:00,2005-09-12 13:30:00+00:00,4736.0,4745.0,20,2005-09-12 13:30:00+00:00,2005-09-12 16:15:00+00:00,4740.0,4749.5,12,0.5555555555555556,4740.5,2005-09-12 16:15:00+00:00,4749.5,1.0
15min,2005-09-29 16:15:00+00:00,2005-09-30 13:45:00+00:00,4705.5,4723.0,19,2005-09-30 13:45:00+00:00,2005-09-30 14:45:00+00:00,4718.5,4730.5,5,0.2571428571428571,4714.25,2005-09-30 14:45:00+00:00,4730.5,1.0
15min,2005-09-30 15:15:00+00:00,2005-09-30 19:45:00+00:00,4723.0,4732.0,20,2005-09-30 19:45:00+00:00,2005-10-04 15:45:00+00:00,4725.0,4747.0,39,0.7777777777777778,4727.5,2005-10-04 15:45:00+00:00,4747.0,1.0
15min,2005-10-28 18:15:00+00:00,2005-11-01 14:30:00+00:00,4676.0,4711.5,37,2005-11-01 14:30:00+00:00,2005-11-01 19:30:00+00:00,4697.5,4708.0,21,0.39436619718309857,4693.75,2005-11-01 19:30:00+00:00,4706.5,1.0
15min,2005-11-01 20:45:00+00:00,2005-11-03 19:45:00+00:00,4697.0,4753.5,52,2005-11-03 19:45:00+00:00,2005-11-03 21:00:00+00:00,4740.0,4749.0,6,0.23893805309734514,4725.25,2005-11-03 21:00:00+00:00,4747.0,1.0
15min,2005-11-16 20:15:00+00:00,2005-11-18 15:45:00+00:00,4773.5,4815.0,38,2005-11-18 15:45:00+00:00,2005-11-21 20:45:00+00:00,4797.5,4812.0,48,0.42168674698795183,4794.25,2005-11-21 20:45:00+00:00,4811.5,1.0
15min,2006-01-03 19:30:00+00:00,2006-01-04 19:00:00+00:00,4776.5,4814.0,27,2006-01-04 19:00:00+00:00,2006-01-04 20:30:00+00:00,4801.0,4810.0,7,0.3466666666666667,4795.25,2006-01-04 20:30:00+00:00,4810.0,1.0
15min,2006-01-04 21:00:00+00:00,2006-01-05 19:30:00+00:00,4809.5,4824.5,23,2006-01-05 19:30:00+00:00,2006-01-06 14:30:00+00:00,4815.5,4836.0,8,0.6,4817.0,2006-01-06 14:30:00+00:00,4835.0,0.8888888888888888
15min,2006-01-06 15:00:00+00:00,2006-01-06 16:15:00+00:00,4826.0,4833.5,7,2006-01-06 16:15:00+00:00,2006-01-06 17:15:00+00:00,4828.5,4840.0,5,0.6666666666666666,4829.75,2006-01-06 17:15:00+00:00,4838.0,1.0
15min,2006-01-18 20:30:00+00:00,2006-01-19 14:30:00+00:00,4829.5,4839.5,5,2006-01-19 14:30:00+00:00,2006-01-19 17:15:00+00:00,4833.5,4845.0,12,0.6,4834.5,2006-01-19 17:15:00+00:00,4843.0,0.8888888888888888
15min,2006-02-15 18:15:00+00:00,2006-02-16 16:00:00+00:00,4770.0,4793.0,20,2006-02-16 16:00:00+00:00,2006-02-16 17:30:00+00:00,4785.0,4797.0,7,0.34782608695652173,4781.5,2006-02-16 17:30:00+00:00,4797.0,1.0
15min,2006-03-01 15:00:00+00:00,2006-03-02 14:45:00+00:00,4778.5,4804.0,28,2006-03-02 14:45:00+00:00,2006-03-02 16:00:00+00:00,4792.5,4803.0,6,0.45098039215686275,4791.25,2006-03-02 16:00:00+00:00,4801.5,1.0
15min,2006-03-14 14:45:00+00:00,2006-03-15 16:15:00+00:00,4755.0,4794.0,35,2006-03-15 16:15:00+00:00,2006-03-15 19:15:00+00:00,4783.0,4795.0,13,0.28205128205128205,4774.5,2006-03-15 19:15:00+00:00,4793.5,1.0
15min,2006-03-29 15:30:00+00:00,2006-03-30 16:15:00+00:00,4778.5,4822.0,32,2006-03-30 16:15:00+00:00,2006-03-31 14:30:00+00:00,4800.0,4815.5,21,0.5057471264367817,4800.25,2006-03-31 14:30:00+00:00,4814.5,1.0
15min,2006-04-04 14:15:00+00:00,2006-04-06 16:15:00+00:00,4808.5,4837.25,64,2006-04-06 16:15:00+00:00,2006-04-06 17:30:00+00:00,4826.5,4837.5,6,0.3739130434782609,4822.875,2006-04-06 17:30:00+00:00,4836.25,1.0
15min,2006-05-04 14:00:00+00:00,2006-05-04 20:00:00+00:00,4790.5,4801.25,26,2006-05-04 20:00:00+00:00,2006-05-08 14:00:00+00:00,4793.75,4812.0,31,0.6976744186046512,4795.875,2006-05-08 14:00:00+00:00,4810.5,1.0
15min,2006-05-24 19:00:00+00:00,2006-05-25 14:30:00+00:00,4656.75,4682.75,11,2006-05-25 14:30:00+00:00,2006-05-25 15:45:00+00:00,4667.25,4680.0,6,0.5961538461538461,4669.75,2006-05-25 15:45:00+00:00,4679.25,1.0
15min,2006-06-28 18:45:00+00:00,2006-06-28 19:45:00+00:00,4614.25,4621.0,6,2006-06-28 19:45:00+00:00,2006-06-29 14:00:00+00:00,4616.75,4632.75,5,0.6296296296296297,4617.625,2006-06-29 14:00:00+00:00,4631.75,0.8888888888888888
15min,2006-08-02 14:00:00+00:00,2006-08-02 15:00:00+00:00,4565.5,4574.5,6,2006-08-02 15:00:00+00:00,2006-08-02 16:00:00+00:00,4565.5,4580.75,5,1.0,4570.0,2006-08-02 16:00:00+00:00,4579.25,1.0
15min,2006-08-10 14:45:00+00:00,2006-08-10 15:45:00+00:00,4555.75,4566.5,6,2006-08-10 15:45:00+00:00,2006-08-10 18:15:00+00:00,4559.25,4573.0,11,0.6744186046511628,4561.125,2006-08-10 18:15:00+00:00,4570.5,0.8888888888888888
15min,2006-08-29 19:00:00+00:00,2006-08-30 14:00:00+00:00,4631.75,4646.5,9,2006-08-30 14:00:00+00:00,2006-08-30 19:30:00+00:00,4638.5,4652.75,23,0.5423728813559322,4639.125,2006-08-30 19:30:00+00:00,4652.5,1.0
15min,2006-08-31 18:30:00+00:00,2006-09-01 20:00:00+00:00,4648.25,4663.0,35,2006-09-01 20:00:00+00:00,2006-09-04 14:45:00+00:00,4657.0,4661.5,7,0.4067796610169492,4655.625,2006-09-04 14:45:00+00:00,4661.5,1.0
15min,2006-09-11 15:45:00+00:00,2006-09-13 15:00:00+00:00,4631.0,4690.75,53,2006-09-13 15:00:00+00:00,2006-09-13 16:00:00+00:00,4679.25,4691.25,5,0.19246861924686193,4660.875,2006-09-13 16:00:00+00:00,4691.0,1.0
15min,2006-10-12 13:45:00+00:00,2006-10-13 19:00:00+00:00,4757.75,4791.25,50,2006-10-13 19:00:00+00:00,2006-10-16 14:30:00+00:00,4783.25,4793.75,10,0.23880597014925373,4774.5,2006-10-16 14:30:00+00:00,4791.75,1.0
15min,2006-10-25 17:30:00+00:00,2006-10-25 18:45:00+00:00,4768.75,4786.25,7,2006-10-25 18:45:00+00:00,2006-10-25 19:45:00+00:00,4768.75,4787.0,5,1.0,4777.5,2006-10-25 19:45:00+00:00,4785.75,1.0
15min,2006-11-06 14:45:00+00:00,2006-11-07 14:30:00+00:00,4767.5,4793.0,28,2006-11-07 14:30:00+00:00,2006-11-07 15:30:00+00:00,4783.25,4806.0,5,0.38235294117647056,4780.25,2006-11-07 15:30:00+00:00,4804.5,1.0
15min,2006-11-10 19:30:00+00:00,2006-11-13 18:45:00+00:00,4798.0,4825.5,26,2006-11-13 18:45:00+00:00,2006-11-13 19:45:00+00:00,4814.75,4823.0,5,0.39090909090909093,4811.75,2006-11-13 19:45:00+00:00,4821.25,1.0
15min,2006-11-14 18:00:00+00:00,2006-11-15 21:00:00+00:00,4819.25,4859.75,41,2006-11-15 21:00:00+00:00,2006-11-16 18:45:00+00:00,4844.0,4860.0,19,0.3888888888888889,4839.5,2006-11-16 18:45:00+00:00,4858.0,1.0
15min,2007-01-09 19:00:00+00:00,2007-01-11 19:15:00+00:00,4823.25,4881.75,57,2007-01-11 19:15:00+00:00,2007-01-12 15:00:00+00:00,4868.5,4884.75,11,0.2264957264957265,4852.5,2007-01-12 15:00:00+00:00,4883.75,1.0
15min,2007-02-16 17:00:00+00:00,2007-02-16 18:00:00+00:00,4848.25,4851.75,6,2007-02-16 18:00:00+00:00,2007-02-16 19:15:00+00:00,4848.25,4853.5,6,1.0,4850.0,2007-02-16 19:15:00+00:00,4853.25,1.0
15min,2007-03-21 17:15:00+00:00,2007-03-21 18:15:00+00:00,4792.0,4796.25,6,2007-03-21 18:15:00+00:00,2007-03-21 20:00:00+00:00,4791.25,4832.25,8,1.1764705882352942,4794.125,2007-03-21 20:00:00+00:00,4832.0,1.0
15min,2007-04-02 20:00:00+00:00,2007-04-03 19:15:00+00:00,4792.25,4823.75,26,2007-04-03 19:15:00+00:00,2007-04-05 16:00:00+00:00,4815.75,4826.75,42,0.25396825396825395,4808.0,2007-04-05 16:00:00+00:00,4826.75,1.0
15min,2007-04-13 18:00:00+00:00,2007-04-17 16:30:00+00:00,4825.75,4857.5,50,2007-04-17 16:30:00+00:00,2007-04-17 18:30:00+00:00,4848.0,4855.5,9,0.2992125984251969,4841.625,2007-04-17 18:30:00+00:00,4855.5,1.0
15min,2007-04-24 16:30:00+00:00,2007-04-26 13:45:00+00:00,4871.25,4908.5,45,2007-04-26 13:45:00+00:00,2007-04-26 18:45:00+00:00,4900.5,4912.0,21,0.21476510067114093,4889.875,2007-04-26 18:45:00+00:00,4911.0,1.0
15min,2007-05-01 20:00:00+00:00,2007-05-02 20:00:00+00:00,4886.5,4909.75,29,2007-05-02 20:00:00+00:00,2007-05-03 14:45:00+00:00,4902.5,4912.25,7,0.3118279569892473,4898.125,2007-05-03 14:45:00+00:00,4911.5,1.0
15min,2007-05-18 16:30:00+00:00,2007-05-21 19:15:00+00:00,4901.5,4932.0,40,2007-05-21 19:15:00+00:00,2007-05-22 17:00:00+00:00,4915.5,4927.75,19,0.5409836065573771,4916.75,2007-05-22 17:00:00+00:00,4927.25,1.0
15min,2007-06-08 16:00:00+00:00,2007-06-11 14:30:00+00:00,4896.0,4919.5,23,2007-06-11 14:30:00+00:00,2007-06-11 17:00:00+00:00,4908.25,4922.5,11,0.4787234042553192,4907.75,2007-06-11 17:00:00+00:00,4921.25,0.8888888888888888
15min,2007-06-13 18:30:00+00:00,2007-06-15 16:30:00+00:00,4907.25,4952.5,48,2007-06-15 16:30:00+00:00,2007-06-15 18:00:00+00:00,4943.25,4948.0,7,0.20441988950276244,4929.875,2007-06-15 18:00:00+00:00,4947.75,1.0
15min,2007-06-27 14:00:00+00:00,2007-06-27 17:30:00+00:00,4906.5,4921.75,16,2007-06-27 17:30:00+00:00,2007-06-27 18:30:00+00:00,4914.75,4927.5,5,0.45901639344262296,4914.125,2007-06-27 18:30:00+00:00,4927.25,0.8888888888888888
15min,2007-07-11 19:45:00+00:00,2007-07-12 13:45:00+00:00,4978.5,4993.25,5,2007-07-12 13:45:00+00:00,2007-07-12 15:45:00+00:00,4987.75,4998.25,9,0.3728813559322034,4985.875,2007-07-12 15:45:00+00:00,4996.75,1.0
15min,2007-07-12 16:15:00+00:00,2007-07-16 17:30:00+00:00,4995.75,5035.25,61,2007-07-16 17:30:00+00:00,2007-07-17 13:45:00+00:00,5021.5,5034.5,13,0.34810126582278483,5015.5,2007-07-17 13:45:00+00:00,5033.75,1.0
15min,2007-07-18 20:00:00+00:00,2007-07-19 15:00:00+00:00,5025.75,5050.5,9,2007-07-19 15:00:00+00:00,2007-07-19 16:30:00+00:00,5042.75,5051.75,7,0.31313131313131315,5038.125,2007-07-19 16:30:00+00:00,5051.25,1.0
15min,2007-08-01 20:00:00+00:00,2007-08-02 14:30:00+00:00,4920.0,4952.25,7,2007-08-02 14:30:00+00:00,2007-08-02 16:00:00+00:00,4935.25,4956.25,7,0.5271317829457365,4936.125,2007-08-02 16:00:00+00:00,4954.75,0.8888888888888888
15min,2007-08-10 19:45:00+00:00,2007-08-13 13:45:00+00:00,4909.25,4932.75,5,2007-08-13 13:45:00+00:00,2007-08-13 15:45:00+00:00,4922.75,4936.75,9,0.425531914893617,4921.0,2007-08-13 15:45:00+00:00,4935.0,0.7777777777777778
15min,2007-08-20 19:00:00+00:00,2007-08-22 16:45:00+00:00,4872.5,4920.5,47,2007-08-22 16:45:00+00:00,2007-08-22 17:45:00+00:00,4908.0,4917.0,5,0.2604166666666667,4896.5,2007-08-22 17:45:00+00:00,4915.5,1.0
15min,2007-08-24 14:15:00+00:00,2007-08-27 14:30:00+00:00,4915.75,4947.25,30,2007-08-27 14:30:00+00:00,2007-08-27 18:45:00+00:00,4931.0,4946.0,18,0.5158730158730159,4931.5,2007-08-27 18:45:00+00:00,4944.5,1.0
15min,2007-08-29 18:30:00+00:00,2007-08-30 18:30:00+00:00,4912.25,4966.5,29,2007-08-30 18:30:00+00:00,2007-08-31 19:15:00+00:00,4937.75,4977.5,31,0.5299539170506913,4939.375,2007-08-31 19:15:00+00:00,4976.0,1.0
15min,2007-09-18 14:45:00+00:00,2007-09-19 17:30:00+00:00,4967.75,5035.75,40,2007-09-19 17:30:00+00:00,2007-09-21 15:30:00+00:00,5008.0,5031.0,47,0.40808823529411764,5001.75,2007-09-21 15:30:00+00:00,5030.25,1.0
15min,2007-09-24 19:45:00+00:00,2007-09-25 13:45:00+00:00,5026.25,5035.5,5,2007-09-25 13:45:00+00:00,2007-09-25 14:45:00+00:00,5026.25,5042.25,5,1.0,5030.875,2007-09-25 14:45:00+00:00,5041.25,1.0
15min,2007-09-25 15:15:00+00:00,2007-09-26 14:00:00+00:00,5037.25,5067.0,24,2007-09-26 14:00:00+00:00,2007-09-26 15:15:00+00:00,5059.25,5071.5,6,0.2605042016806723,5052.125,2007-09-26 15:15:00+00:00,5071.0,1.0
15min,2007-09-27 16:45:00+00:00,2007-09-27 18:00:00+00:00,5067.75,5074.75,7,2007-09-27 18:00:00+00:00,2007-09-28 13:45:00+00:00,5067.75,5077.0,11,1.0,5071.25,2007-09-28 13:45:00+00:00,5076.5,1.0
15min,2007-10-04 20:00:00+00:00,2007-10-08 15:30:00+00:00,5080.25,5131.0,38,2007-10-08 15:30:00+00:00,2007-10-08 17:00:00+00:00,5119.5,5127.5,7,0.22660098522167488,5105.625,2007-10-08 17:00:00+00:00,5126.75,1.0
15min,2007-10-22 20:00:00+00:00,2007-10-23 15:15:00+00:00,5124.5,5157.25,10,2007-10-23 15:15:00+00:00,2007-10-23 17:45:00+00:00,5140.5,5154.75,11,0.5114503816793893,5140.875,2007-10-23 17:45:00+00:00,5154.0,1.0
15min,2007-10-26 17:30:00+00:00,2007-10-29 14:15:00+00:00,5152.25,5177.0,16,2007-10-29 14:15:00+00:00,2007-10-29 18:00:00+00:00,5159.25,5176.25,16,0.7171717171717171,5164.625,2007-10-29 18:00:00+00:00,5175.75,1.0
15min,2007-10-30 14:00:00+00:00,2007-10-30 20:00:00+00:00,5160.75,5187.75,26,2007-10-30 20:00:00+00:00,2007-10-31 16:00:00+00:00,5173.75,5188.0,12,0.5185185185185185,5174.25,2007-10-31 16:00:00+00:00,5187.5,1.0
15min,2007-11-21 18:00:00+00:00,2007-11-21 18:45:00+00:00,4970.25,4988.25,5,2007-11-21 18:45:00+00:00,2007-11-21 20:00:00+00:00,4972.5,4996.75,6,0.875,4979.25,2007-11-21 20:00:00+00:00,4996.0,0.8888888888888888
15min,2007-12-05 20:30:00+00:00,2007-12-06 15:45:00+00:00,5051.25,5072.25,10,2007-12-06 15:45:00+00:00,2007-12-06 18:00:00+00:00,5058.0,5069.25,10,0.6785714285714286,5061.75,2007-12-06 18:00:00+00:00,5068.75,1.0
15min,2007-12-06 18:30:00+00:00,2007-12-07 15:00:00+00:00,5061.0,5088.0,15,2007-12-07 15:00:00+00:00,2007-12-07 16:45:00+00:00,5075.25,5086.75,8,0.4722222222222222,5074.5,2007-12-07 16:45:00+00:00,5086.5,1.0
15min,2007-12-07 17:15:00+00:00,2007-12-10 19:15:00+00:00,5078.5,5099.75,37,2007-12-10 19:15:00+00:00,2007-12-11 18:00:00+00:00,5087.25,5101.5,23,0.5882352941176471,5089.125,2007-12-11 18:00:00+00:00,5101.25,1.0
15min,2007-12-20 18:30:00+00:00,2007-12-26 14:45:00+00:00,5002.25,5089.25,57,2007-12-26 14:45:00+00:00,2007-12-26 17:45:00+00:00,5072.0,5085.5,13,0.19827586206896552,5045.75,2007-12-26 17:45:00+00:00,5085.25,1.0
15min,2008-02-08 20:45:00+00:00,2008-02-11 14:45:00+00:00,4699.25,4723.5,5,2008-02-11 14:45:00+00:00,2008-02-11 17:45:00+00:00,4708.0,4728.5,13,0.6391752577319587,4711.375,2008-02-11 17:45:00+00:00,4727.25,1.0
15min,2008-02-27 20:00:00+00:00,2008-02-28 14:45:00+00:00,4726.25,4741.5,8,2008-02-28 14:45:00+00:00,2008-02-28 15:45:00+00:00,4727.0,4746.0,5,0.9508196721311475,4733.875,2008-02-28 15:45:00+00:00,4742.5,1.0
15min,2008-03-17 19:00:00+00:00,2008-03-18 18:30:00+00:00,4615.5,4670.75,27,2008-03-18 18:30:00+00:00,2008-03-18 19:45:00+00:00,4643.25,4690.5,6,0.497737556561086,4643.125,2008-03-18 19:45:00+00:00,4689.25,1.0
15min,2008-03-20 17:45:00+00:00,2008-03-25 14:15:00+00:00,4659.25,4755.75,42,2008-03-25 14:15:00+00:00,2008-03-25 16:30:00+00:00,4733.0,4753.25,10,0.23575129533678757,4707.5,2008-03-25 16:30:00+00:00,4752.5,1.0
15min,2008-04-01 13:45:00+00:00,2008-04-02 14:00:00+00:00,4738.25,4791.25,30,2008-04-02 14:00:00+00:00,2008-04-04 17:00:00+00:00,4769.0,4814.25,67,0.419811320754717,4764.75,2008-04-04 17:00:00+00:00,4811.0,1.0
15min,2008-04-17 19:30:00+00:00,2008-04-18 19:45:00+00:00,4771.75,4841.25,30,2008-04-18 19:45:00+00:00,2008-04-21 17:15:00+00:00,4823.0,4840.0,18,0.26258992805755393,4806.5,2008-04-21 17:15:00+00:00,4838.5,1.0
15min,2008-05-01 14:00:00+00:00,2008-05-02 14:45:00+00:00,4861.25,4932.5,32,2008-05-02 14:45:00+00:00,2008-05-05 14:15:00+00:00,4896.5,4924.25,26,0.5052631578947369,4896.875,2008-05-05 14:15:00+00:00,4920.25,1.0
15min,2008-05-06 16:15:00+00:00,2008-05-07 13:45:00+00:00,4907.25,4928.75,19,2008-05-07 13:45:00+00:00,2008-05-07 14:45:00+00:00,4913.5,4932.0,5,0.7093023255813954,4918.0,2008-05-07 14:45:00+00:00,4930.0,1.0
15min,2008-05-13 16:30:00+00:00,2008-05-13 17:15:00+00:00,4917.25,4924.5,5,2008-05-13 17:15:00+00:00,2008-05-13 18:15:00+00:00,4917.25,4928.0,5,1.0,4920.875,2008-05-13 18:15:00+00:00,4927.0,1.0
15min,2008-05-28 19:30:00+00:00,2008-05-30 13:30:00+00:00,4918.0,4959.5,32,2008-05-30 13:30:00+00:00,2008-05-30 14:30:00+00:00,4950.0,4965.0,5,0.2289156626506024,4938.75,2008-05-30 14:30:00+00:00,4964.75,1.0
15min,2008-06-13 18:45:00+00:00,2008-06-16 13:45:00+00:00,4874.25,4894.5,9,2008-06-16 13:45:00+00:00,2008-06-16 15:00:00+00:00,4880.5,4907.75,6,0.691358024691358,4884.375,2008-06-16 15:00:00+00:00,4905.0,1.0
15min,2008-06-16 15:30:00+00:00,2008-06-17 14:00:00+00:00,4896.5,4920.0,23,2008-06-17 14:00:00+00:00,2008-06-17 15:15:00+00:00,4904.75,4921.5,6,0.648936170212766,4908.25,2008-06-17 15:15:00+00:00,4921.25,1.0
15min,2008-06-25 14:00:00+00:00,2008-06-25 17:45:00+00:00,4842.0,4863.5,17,2008-06-25 17:45:00+00:00,2008-06-25 19:15:00+00:00,4854.5,4878.25,7,0.4186046511627907,4852.75,2008-06-25 19:15:00+00:00,4873.5,1.0
15min,2008-07-07 19:30:00+00:00,2008-07-08 18:00:00+00:00,4743.5,4775.75,23,2008-07-08 18:00:00+00:00,2008-07-08 19:00:00+00:00,4756.25,4783.5,5,0.6046511627906976,4759.625,2008-07-08 19:00:00+00:00,4782.5,1.0
15min,2008-07-16 14:45:00+00:00,2008-07-17 14:15:00+00:00,4721.25,4784.25,27,2008-07-17 14:15:00+00:00,2008-07-17 17:15:00+00:00,4751.0,4773.5,13,0.5277777777777778,4752.75,2008-07-17 17:15:00+00:00,4773.25,1.0
15min,2008-07-22 19:00:00+00:00,2008-07-23 13:45:00+00:00,4723.5,4748.75,8,2008-07-23 13:45:00+00:00,2008-07-23 14:45:00+00:00,4739.75,4787.75,5,0.3564356435643564,4736.125,2008-07-23 14:45:00+00:00,4779.25,1.0
15min,2008-08-06 15:30:00+00:00,2008-08-07 13:45:00+00:00,4783.0,4824.25,22,2008-08-07 13:45:00+00:00,2008-08-07 16:45:00+00:00,4794.0,4821.0,13,0.7333333333333333,4803.625,2008-08-07 16:45:00+00:00,4818.5,1.0
15min,2008-08-08 14:15:00+00:00,2008-08-11 18:45:00+00:00,4817.0,4883.5,47,2008-08-11 18:45:00+00:00,2008-08-12 14:15:00+00:00,4848.25,4875.0,10,0.5300751879699248,4850.25,2008-08-12 14:15:00+00:00,4869.5,1.0
15min,2008-09-11 14:30:00+00:00,2008-09-11 17:30:00+00:00,4647.75,4679.25,14,2008-09-11 17:30:00+00:00,2008-09-11 18:30:00+00:00,4656.25,4677.0,5,0.7301587301587301,4663.5,2008-09-11 18:30:00+00:00,4675.0,0.8888888888888888
15min,2008-09-30 13:45:00+00:00,2008-09-30 16:30:00+00:00,4443.5,4484.0,13,2008-09-30 16:30:00+00:00,2008-09-30 17:30:00+00:00,4466.5,4485.0,5,0.43209876543209874,4463.75,2008-09-30 17:30:00+00:00,4484.25,0.7777777777777778
15min,2008-10-10 19:30:00+00:00,2008-10-13 13:30:00+00:00,4160.75,4252.75,5,2008-10-13 13:30:00+00:00,2008-10-13 14:45:00+00:00,4229.5,4260.75,6,0.25271739130434784,4206.75,2008-10-13 14:45:00+00:00,4257.75,0.8888888888888888
15min,2008-10-28 17:00:00+00:00,2008-10-28 18:00:00+00:00,4101.75,4119.25,6,2008-10-28 18:00:00+00:00,2008-10-28 19:00:00+00:00,4101.75,4151.25,5,1.0,4110.5,2008-10-28 19:00:00+00:00,4146.5,0.8888888888888888
15min,2008-11-21 20:45:00+00:00,2008-11-24 14:45:00+00:00,3964.75,4026.25,5,2008-11-24 14:45:00+00:00,2008-11-24 15:45:00+00:00,4006.25,4047.25,5,0.3252032520325203,3995.5,2008-11-24 15:45:00+00:00,4044.5,1.0
15min,2008-11-25 20:15:00+00:00,2008-11-26 19:15:00+00:00,4040.0,4092.0,25,2008-11-26 19:15:00+00:00,2008-11-26 20:15:00+00:00,4072.75,4102.25,5,0.3701923076923077,4066.0,2008-11-26 20:15:00+00:00,4101.0,1.0
15min,2008-12-05 19:00:00+00:00,2008-12-08 19:00:00+00:00,4040.0,4136.5,29,2008-12-08 19:00:00+00:00,2008-12-08 20:00:00+00:00,4116.75,4144.5,5,0.20466321243523317,4088.25,2008-12-08 20:00:00+00:00,4144.0,1.0
15min,2008-12-12 14:45:00+00:00,2008-12-12 16:45:00+00:00,4065.5,4110.5,10,2008-12-12 16:45:00+00:00,2008-12-12 17:45:00+00:00,4090.25,4109.25,5,0.45,4088.0,2008-12-12 17:45:00+00:00,4106.0,0.8888888888888888
15min,2008-12-30 20:45:00+00:00,2008-12-31 20:45:00+00:00,4101.25,4133.5,29,2008-12-31 20:45:00+00:00,2009-01-02 15:45:00+00:00,4117.0,4142.5,8,0.5116279069767442,4117.375,2009-01-02 15:45:00+00:00,4139.0,1.0
15min,2009-01-02 16:15:00+00:00,2009-01-05 20:15:00+00:00,4140.75,4183.75,45,2009-01-05 20:15:00+00:00,2009-01-06 15:00:00+00:00,4162.25,4193.25,7,0.5,4162.25,2009-01-06 15:00:00+00:00,4190.75,1.0
15min,2009-01-27 20:00:00+00:00,2009-01-28 14:30:00+00:00,4098.5,4120.0,7,2009-01-28 14:30:00+00:00,2009-01-28 15:45:00+00:00,4117.5,4134.0,6,0.11627906976744186,4109.25,2009-01-28 15:45:00+00:00,4131.75,1.0
15min,2009-02-05 15:00:00+00:00,2009-02-09 19:30:00+00:00,4107.0,4194.25,74,2009-02-09 19:30:00+00:00,2009-02-09 20:30:00+00:00,4178.0,4190.0,5,0.18624641833810887,4150.625,2009-02-09 20:30:00+00:00,4189.0,1.0
15min,2009-03-04 14:45:00+00:00,2009-03-04 18:00:00+00:00,4001.0,4025.75,15,2009-03-04 18:00:00+00:00,2009-03-04 19:45:00+00:00,4011.5,4027.5,8,0.5757575757575758,4013.375,2009-03-04 19:45:00+00:00,4027.25,0.8888888888888888
15min,2009-03-10 13:45:00+00:00,2009-03-11 16:45:00+00:00,3970.0,4044.5,41,2009-03-11 16:45:00+00:00,2009-03-11 19:30:00+00:00,4023.0,4041.25,12,0.28859060402684567,4007.25,2009-03-11 19:30:00+00:00,4038.25,1.0
15min,2009-03-11 20:00:00+00:00,2009-03-12 14:00:00+00:00,4019.25,4043.75,5,2009-03-12 14:00:00+00:00,2009-03-12 17:00:00+00:00,4019.25,4056.0,13,1.0,4031.5,2009-03-12 17:00:00+00:00,4055.0,1.0
15min,2009-03-23 14:15:00+00:00,2009-03-24 14:30:00+00:00,4118.0,4164.5,30,2009-03-24 14:30:00+00:00,2009-03-24 17:00:00+00:00,4140.0,4158.0,11,0.5268817204301075,4141.25,2009-03-24 17:00:00+00:00,4157.0,1.0
15min,2009-03-26 13:30:00+00:00,2009-03-26 14:30:00+00:00,4156.5,4170.0,6,2009-03-26 14:30:00+00:00,2009-03-26 16:30:00+00:00,4156.75,4178.25,9,0.9814814814814815,4163.25,2009-03-26 16:30:00+00:00,4177.0,1.0
15min,2009-03-31 14:45:00+00:00,2009-03-31 16:30:00+00:00,4139.0,4148.5,9,2009-03-31 16:30:00+00:00,2009-03-31 18:15:00+00:00,4140.0,4157.5,8,0.8947368421052632,4143.75,2009-03-31 18:15:00+00:00,4156.25,1.0
15min,2009-04-01 14:30:00+00:00,2009-04-02 19:30:00+00:00,4131.25,4217.75,49,2009-04-02 19:30:00+00:00,2009-04-03 18:00:00+00:00,4190.5,4219.5,22,0.315028901734104,4174.5,2009-04-03 18:00:00+00:00,4218.25,1.0
15min,2009-05-11 14:15:00+00:00,2009-05-11 15:45:00+00:00,4281.25,4313.0,8,2009-05-11 15:45:00+00:00,2009-05-11 17:45:00+00:00,4299.5,4315.75,9,0.4251968503937008,4297.125,2009-05-11 17:45:00+00:00,4315.25,1.0
15min,2009-05-14 15:15:00+00:00,2009-05-14 17:30:00+00:00,4260.75,4271.5,11,2009-05-14 17:30:00+00:00,2009-05-14 18:30:00+00:00,4264.75,4273.0,5,0.627906976744186,4266.125,2009-05-14 18:30:00+00:00,4271.5,0.7777777777777778
15min,2009-05-15 19:30:00+00:00,2009-05-18 14:30:00+00:00,4261.0,4276.25,9,2009-05-18 14:30:00+00:00,2009-05-18 16:30:00+00:00,4265.0,4283.0,9,0.7377049180327869,4268.625,2009-05-18 16:30:00+00:00,4282.75,1.0
15min,2009-05-18 17:00:00+00:00,2009-05-19 20:00:00+00:00,4282.75,4317.5,41,2009-05-19 20:00:00+00:00,2009-05-20 14:15:00+00:00,4302.0,4326.25,5,0.4460431654676259,4300.125,2009-05-20 14:15:00+00:00,4324.0,1.0
15min,2009-05-29 19:30:00+00:00,2009-06-02 16:30:00+00:00,4322.5,4401.5,44,2009-06-02 16:30:00+00:00,2009-06-02 17:45:00+00:00,4379.0,4388.0,6,0.2848101265822785,4362.0,2009-06-02 17:45:00+00:00,4387.0,1.0
15min,2009-06-04 14:00:00+00:00,2009-06-04 16:15:00+00:00,4384.0,4394.0,11,2009-06-04 16:15:00+00:00,2009-06-04 17:30:00+00:00,4385.5,4397.0,6,0.85,4389.0,2009-06-04 17:30:00+00:00,4395.5,1.0
15min,2009-06-25 14:00:00+00:00,2009-06-29 13:30:00+00:00,4351.5,4390.25,54,2009-06-29 13:30:00+00:00,2009-06-29 15:15:00+00:00,4375.0,4394.0,8,0.3935483870967742,4370.875,2009-06-29 15:15:00+00:00,4393.5,1.0
15min,2009-07-13 14:45:00+00:00,2009-07-14 13:45:00+00:00,4321.5,4360.5,25,2009-07-14 13:45:00+00:00,2009-07-15 13:30:00+00:00,4345.5,4383.0,27,0.38461538461538464,4341.0,2009-07-15 13:30:00+00:00,4383.0,1.0
15min,2009-07-15 14:00:00+00:00,2009-07-20 13:45:00+00:00,4385.5,4444.25,82,2009-07-20 13:45:00+00:00,2009-07-21 13:30:00+00:00,4435.25,4455.25,27,0.15319148936170213,4414.875,2009-07-21 13:30:00+00:00,4453.75,0.8888888888888888
15min,2009-07-21 19:00:00+00:00,2009-07-22 18:30:00+00:00,4445.5,4479.5,27,2009-07-22 18:30:00+00:00,2009-07-23 13:45:00+00:00,4466.0,4477.0,9,0.39705882352941174,4462.5,2009-07-23 13:45:00+00:00,4475.75,1.0
15min,2009-08-20 14:00:00+00:00,2009-08-21 17:45:00+00:00,4512.75,4548.0,44,2009-08-21 17:45:00+00:00,2009-08-21 19:00:00+00:00,4535.25,4542.0,6,0.3617021276595745,4530.375,2009-08-21 19:00:00+00:00,4541.75,1.0
15min,2009-09-03 19:30:00+00:00,2009-09-08 13:45:00+00:00,4506.75,4564.25,42,2009-09-08 13:45:00+00:00,2009-09-09 14:00:00+00:00,4551.25,4570.25,29,0.22608695652173913,4535.5,2009-09-09 14:00:00+00:00,4567.25,1.0
15min,2009-09-14 14:00:00+00:00,2009-09-15 20:00:00+00:00,4583.5,4612.25,53,2009-09-15 20:00:00+00:00,2009-09-16 15:45:00+00:00,4605.5,4619.75,11,0.23478260869565218,4597.875,2009-09-16 15:45:00+00:00,4619.75,1.0
15min,2009-10-09 13:45:00+00:00,2009-10-09 18:30:00+00:00,4618.0,4635.25,21,2009-10-09 18:30:00+00:00,2009-10-12 14:00:00+00:00,4630.75,4649.5,10,0.2608695652173913,4626.625,2009-10-12 14:00:00+00:00,4649.25,1.0
15min,2009-10-13 19:30:00+00:00,2009-10-14 14:00:00+00:00,4637.75,4661.5,7,2009-10-14 14:00:00+00:00,2009-10-14 15:30:00+00:00,4650.0,4659.0,7,0.4842105263157895,4649.625,2009-10-14 15:30:00+00:00,4658.25,1.0
15min,2009-10-29 14:15:00+00:00,2009-10-29 17:30:00+00:00,4603.0,4618.75,15,2009-10-29 17:30:00+00:00,2009-10-29 18:45:00+00:00,4613.0,4621.25,6,0.36507936507936506,4610.875,2009-10-29 18:45:00+00:00,4620.5,0.7777777777777778
15min,2009-11-03 18:00:00+00:00,2009-11-03 18:45:00+00:00,4577.25,4582.25,5,2009-11-03 18:45:00+00:00,2009-11-04 14:30:00+00:00,4577.5,4596.75,11,0.95,4579.75,2009-11-04 14:30:00+00:00,4595.25,0.8888888888888888
15min,2009-11-06 16:15:00+00:00,2009-11-10 16:15:00+00:00,4629.5,4686.75,56,2009-11-10 16:15:00+00:00,2009-11-10 19:45:00+00:00,4672.5,4684.0,15,0.24890829694323144,4658.125,2009-11-10 19:45:00+00:00,4683.75,1.0
15min,2009-11-13 20:30:00+00:00,2009-11-16 20:30:00+00:00,4691.5,4724.0,29,2009-11-16 20:30:00+00:00,2009-11-17 21:00:00+00:00,4707.25,4722.0,30,0.5153846153846153,4707.75,2009-11-17 21:00:00+00:00,4721.75,1.0
15min,2009-11-30 20:30:00+00:00,2009-12-01 21:00:00+00:00,4671.5,4709.25,31,2009-12-01 21:00:00+00:00,2009-12-02 15:15:00+00:00,4696.5,4716.0,5,0.33774834437086093,4690.375,2009-12-02 15:15:00+00:00,4715.5,1.0
15min,2009-12-09 19:30:00+00:00,2009-12-10 18:30:00+00:00,4684.0,4719.0,25,2009-12-10 18:30:00+00:00,2009-12-10 19:30:00+00:00,4709.25,4715.75,5,0.2785714285714286,4701.5,2009-12-10 19:30:00+00:00,4715.0,1.0
15min,2009-12-18 17:30:00+00:00,2009-12-21 20:30:00+00:00,4705.75,4746.0,41,2009-12-21 20:30:00+00:00,2009-12-23 16:45:00+00:00,4736.0,4760.25,40,0.2484472049689441,4725.875,2009-12-23 16:45:00+00:00,4758.5,1.0
15min,2009-12-23 17:15:00+00:00,2009-12-28 19:00:00+00:00,4757.75,4793.75,52,2009-12-28 19:00:00+00:00,2009-12-28 21:00:00+00:00,4779.5,4790.5,9,0.3958333333333333,4775.75,2009-12-28 21:00:00+00:00,4790.5,1.0
15min,2010-01-13 17:30:00+00:00,2010-01-14 18:30:00+00:00,4779.75,4802.0,33,2010-01-14 18:30:00+00:00,2010-01-14 19:45:00+00:00,4794.5,4800.25,6,0.33707865168539325,4790.875,2010-01-14 19:45:00+00:00,4799.25,1.0
15min,2010-02-12 16:45:00+00:00,2010-02-15 15:30:00+00:00,4674.5,4695.25,24,2010-02-15 15:30:00+00:00,2010-02-16 15:45:00+00:00,4688.25,4710.0,11,0.3373493975903614,4684.875,2010-02-16 15:45:00+00:00,4708.5,1.0
15min,2010-02-17 18:15:00+00:00,2010-02-18 14:45:00+00:00,4715.5,4723.25,15,2010-02-18 14:45:00+00:00,2010-02-18 16:00:00+00:00,4718.0,4729.25,6,0.6774193548387096,4719.375,2010-02-18 16:00:00+00:00,4727.5,1.0
15min,2010-02-26 15:30:00+00:00,2010-03-02 19:45:00+00:00,4724.75,4774.5,73,2010-03-02 19:45:00+00:00,2010-03-03 16:00:00+00:00,4758.75,4773.5,13,0.3165829145728643,4749.625,2010-03-03 16:00:00+00:00,4772.0,1.0
15min,2010-03-04 16:30:00+00:00,2010-03-08 20:15:00+00:00,4761.75,4807.0,71,2010-03-08 20:15:00+00:00,2010-03-09 15:15:00+00:00,4795.75,4808.5,8,0.24861878453038674,4784.375,2010-03-09 15:15:00+00:00,4807.5,1.0
15min,2010-03-15 19:45:00+00:00,2010-03-17 19:00:00+00:00,4829.0,4858.5,53,2010-03-17 19:00:00+00:00,2010-03-19 13:30:00+00:00,4843.5,4863.0,33,0.5084745762711864,4843.75,2010-03-19 13:30:00+00:00,4862.5,1.0
15min,2010-03-22 14:00:00+00:00,2010-03-23 14:00:00+00:00,4845.75,4869.0,29,2010-03-23 14:00:00+00:00,2010-03-23 18:30:00+00:00,4855.25,4868.0,19,0.5913978494623656,4857.375,2010-03-23 18:30:00+00:00,4867.75,1.0
15min,2010-04-08 16:00:00+00:00,2010-04-09 13:30:00+00:00,4883.25,4897.25,19,2010-04-09 13:30:00+00:00,2010-04-09 15:30:00+00:00,4889.75,4899.5,9,0.5357142857142857,4890.25,2010-04-09 15:30:00+00:00,4899.5,1.0
15min,2010-04-22 17:30:00+00:00,2010-04-23 15:15:00+00:00,4938.75,4967.25,20,2010-04-23 15:15:00+00:00,2010-04-23 17:00:00+00:00,4949.25,4959.75,8,0.631578947368421,4953.0,2010-04-23 17:00:00+00:00,4959.5,1.0
15min,2010-05-03 14:00:00+00:00,2010-05-03 15:15:00+00:00,4923.75,4935.25,7,2010-05-03 15:15:00+00:00,2010-05-03 16:30:00+00:00,4927.75,4948.5,6,0.6521739130434783,4929.5,2010-05-03 16:30:00+00:00,4947.75,1.0
15min,2010-06-02 14:30:00+00:00,2010-06-03 14:45:00+00:00,4759.5,4809.25,30,2010-06-03 14:45:00+00:00,2010-06-03 18:45:00+00:00,4785.75,4809.0,17,0.4723618090452261,4784.375,2010-06-03 18:45:00+00:00,4808.5,1.0
15min,2010-06-10 13:45:00+00:00,2010-06-10 17:00:00+00:00,4710.75,4733.5,15,2010-06-10 17:00:00+00:00,2010-06-10 18:00:00+00:00,4717.0,4730.75,5,0.7252747252747253,4722.125,2010-06-10 18:00:00+00:00,4729.0,0.8888888888888888
15min,2010-06-10 18:45:00+00:00,2010-06-11 18:00:00+00:00,4724.0,4758.0,26,2010-06-11 18:00:00+00:00,2010-06-11 19:30:00+00:00,4739.0,4754.0,7,0.5588235294117647,4741.0,2010-06-11 19:30:00+00:00,4751.5,1.0
15min,2010-07-07 13:45:00+00:00,2010-07-08 15:30:00+00:00,4651.5,4719.75,36,2010-07-08 15:30:00+00:00,2010-07-08 19:45:00+00:00,4691.0,4712.75,18,0.42124542124542125,4685.625,2010-07-08 19:45:00+00:00,4712.5,1.0
15min,2010-07-12 16:30:00+00:00,2010-07-13 13:45:00+00:00,4725.5,4754.25,18,2010-07-13 13:45:00+00:00,2010-07-13 15:45:00+00:00,4737.0,4760.25,9,0.6,4739.875,2010-07-13 15:45:00+00:00,4758.0,1.0
15min,2010-07-13 16:15:00+00:00,2010-07-14 13:45:00+00:00,4747.5,4768.5,19,2010-07-14 13:45:00+00:00,2010-07-14 15:30:00+00:00,4757.0,4774.5,8,0.5476190476190477,4758.0,2010-07-14 15:30:00+00:00,4772.5,0.8888888888888888
15min,2010-07-23 17:30:00+00:00,2010-07-26 18:45:00+00:00,4770.0,4802.5,34,2010-07-26 18:45:00+00:00,2010-07-26 20:00:00+00:00,4792.25,4804.75,6,0.3153846153846154,4786.25,2010-07-26 20:00:00+00:00,4803.5,1.0
15min,2010-08-16 14:00:00+00:00,2010-08-16 15:30:00+00:00,4731.25,4746.75,8,2010-08-16 15:30:00+00:00,2010-08-16 16:30:00+00:00,4739.25,4748.25,5,0.4838709677419355,4739.0,2010-08-16 16:30:00+00:00,4748.0,0.8888888888888888
15min,2010-08-27 15:30:00+00:00,2010-08-27 17:15:00+00:00,4694.25,4704.75,9,2010-08-27 17:15:00+00:00,2010-08-27 18:45:00+00:00,4694.5,4710.75,7,0.9761904761904762,4699.5,2010-08-27 18:45:00+00:00,4709.5,0.8888888888888888
15min,2010-09-01 13:45:00+00:00,2010-09-01 18:15:00+00:00,4707.25,4741.5,20,2010-09-01 18:15:00+00:00,2010-09-02 15:00:00+00:00,4728.75,4749.5,15,0.3722627737226277,4724.375,2010-09-02 15:00:00+00:00,4748.5,1.0
15min,2010-09-02 15:30:00+00:00,2010-09-06 14:30:00+00:00,4744.75,4794.0,52,2010-09-06 14:30:00+00:00,2010-09-08 14:15:00+00:00,4770.25,4792.75,36,0.48223350253807107,4769.375,2010-09-08 14:15:00+00:00,4791.75,1.0
15min,2010-09-10 18:30:00+00:00,2010-09-14 20:00:00+00:00,4804.25,4855.0,62,2010-09-14 20:00:00+00:00,2010-09-15 16:00:00+00:00,4834.25,4851.0,12,0.4088669950738916,4829.625,2010-09-15 16:00:00+00:00,4849.75,1.0
15min,2010-09-20 14:15:00+00:00,2010-09-21 15:45:00+00:00,4880.0,4909.75,35,2010-09-21 15:45:00+00:00,2010-09-21 18:45:00+00:00,4899.25,4919.25,13,0.35294117647058826,4894.875,2010-09-21 18:45:00+00:00,4916.0,1.0
15min,2010-09-22 19:00:00+00:00,2010-09-23 13:45:00+00:00,4885.5,4901.0,8,2010-09-23 13:45:00+00:00,2010-09-23 14:45:00+00:00,4885.5,4911.75,5,1.0,4893.25,2010-09-23 14:45:00+00:00,4910.75,1.0
15min,2010-09-24 13:45:00+00:00,2010-09-24 18:15:00+00:00,4918.75,4941.0,20,2010-09-24 18:15:00+00:00,2010-09-27 18:45:00+00:00,4929.5,4943.25,30,0.5168539325842697,4929.875,2010-09-27 18:45:00+00:00,4942.75,1.0
15min,2010-10-12 14:45:00+00:00,2010-10-13 13:45:00+00:00,4938.25,4971.5,25,2010-10-13 13:45:00+00:00,2010-10-13 15:00:00+00:00,4964.75,4977.25,6,0.20300751879699247,4954.875,2010-10-13 15:00:00+00:00,4977.25,1.0
15min,2010-10-15 15:30:00+00:00,2010-10-18 17:45:00+00:00,4992.25,5019.75,38,2010-10-18 17:45:00+00:00,2010-10-18 19:15:00+00:00,5008.75,5020.75,7,0.4,5006.0,2010-10-18 19:15:00+00:00,5018.25,1.0
15min,2010-10-20 15:00:00+00:00,2010-10-20 20:00:00+00:00,4999.5,5017.5,22,2010-10-20 20:00:00+00:00,2010-10-21 14:15:00+00:00,5000.75,5022.25,5,0.9305555555555556,5008.5,2010-10-21 14:15:00+00:00,5021.25,1.0
15min,2010-11-03 19:00:00+00:00,2010-11-04 18:00:00+00:00,5065.25,5110.0,25,2010-11-04 18:00:00+00:00,2010-11-09 14:30:00+00:00,5092.5,5113.75,64,0.39106145251396646,5087.625,2010-11-09 14:30:00+00:00,5113.75,1.0
15min,2010-11-17 15:15:00+00:00,2010-11-17 17:30:00+00:00,5016.75,5027.25,11,2010-11-17 17:30:00+00:00,2010-11-17 18:30:00+00:00,5021.0,5026.5,5,0.5952380952380952,5022.0,2010-11-17 18:30:00+00:00,5026.25,0.7777777777777778
15min,2010-11-24 14:45:00+00:00,2010-11-24 21:00:00+00:00,5055.5,5084.25,27,2010-11-24 21:00:00+00:00,2010-11-25 16:15:00+00:00,5071.75,5081.5,9,0.43478260869565216,5069.875,2010-11-25 16:15:00+00:00,5081.5,1.0
15min,2010-12-01 14:45:00+00:00,2010-12-03 15:15:00+00:00,5067.0,5109.5,58,2010-12-03 15:15:00+00:00,2010-12-03 21:00:00+00:00,5099.75,5112.25,24,0.22941176470588234,5088.25,2010-12-03 21:00:00+00:00,5109.75,1.0
15min,2010-12-10 15:45:00+00:00,2010-12-13 15:00:00+00:00,5123.25,5146.0,26,2010-12-13 15:00:00+00:00,2010-12-13 16:00:00+00:00,5136.0,5144.75,5,0.43956043956043955,5134.625,2010-12-13 16:00:00+00:00,5144.5,1.0
15min,2010-12-16 15:30:00+00:00,2010-12-16 20:00:00+00:00,5125.5,5142.25,20,2010-12-16 20:00:00+00:00,2010-12-17 14:30:00+00:00,5136.0,5142.75,6,0.373134328358209,5133.875,2010-12-17 14:30:00+00:00,5141.25,0.8888888888888888
15min,2010-12-20 18:00:00+00:00,2010-12-22 15:15:00+00:00,5136.75,5156.5,45,2010-12-22 15:15:00+00:00,2010-12-22 16:45:00+00:00,5151.5,5158.25,7,0.25316455696202533,5146.625,2010-12-22 16:45:00+00:00,5157.25,1.0
15min,2011-01-07 20:30:00+00:00,2011-01-10 16:15:00+00:00,5183.75,5197.25,12,2011-01-10 16:15:00+00:00,2011-01-10 18:15:00+00:00,5188.25,5199.0,9,0.6666666666666666,5190.5,2011-01-10 18:15:00+00:00,5198.75,1.0
15min,2011-01-11 20:15:00+00:00,2011-01-12 15:00:00+00:00,5204.0,5219.0,8,2011-01-12 15:00:00+00:00,2011-01-12 16:00:00+00:00,5209.0,5216.5,5,0.6666666666666666,5211.5,2011-01-12 16:00:00+00:00,5216.25,0.7777777777777778
15min,2011-01-12 16:30:00+00:00,2011-01-13 15:00:00+00:00,5217.75,5225.0,23,2011-01-13 15:00:00+00:00,2011-01-13 16:00:00+00:00,5218.5,5229.25,5,0.896551724137931,5221.375,2011-01-13 16:00:00+00:00,5228.0,1.0
15min,2011-01-26 20:00:00+00:00,2011-01-26 21:00:00+00:00,5233.0,5240.25,6,2011-01-26 21:00:00+00:00,2011-01-27 18:00:00+00:00,5233.0,5253.25,16,1.0,5236.625,2011-01-27 18:00:00+00:00,5251.25,1.0
15min,2011-02-01 14:30:00+00:00,2011-02-02 14:30:00+00:00,5215.25,5248.75,29,2011-02-02 14:30:00+00:00,2011-02-02 15:30:00+00:00,5234.75,5247.25,5,0.417910447761194,5232.0,2011-02-02 15:30:00+00:00,5246.5,1.0
15min,2011-02-04 17:45:00+00:00,2011-02-07 19:30:00+00:00,5246.0,5280.25,36,2011-02-07 19:30:00+00:00,2011-02-08 19:45:00+00:00,5263.5,5280.25,29,0.48905109489051096,5263.125,2011-02-08 19:45:00+00:00,5279.25,1.0
15min,2011-02-24 19:45:00+00:00,2011-02-25 14:30:00+00:00,5222.75,5249.5,8,2011-02-25 14:30:00+00:00,2011-02-25 16:00:00+00:00,5245.5,5268.75,7,0.14953271028037382,5236.125,2011-02-25 16:00:00+00:00,5267.25,1.0
15min,2011-03-02 20:00:00+00:00,2011-03-02 21:00:00+00:00,5244.25,5258.0,6,2011-03-02 21:00:00+00:00,2011-03-03 15:15:00+00:00,5244.25,5285.0,5,1.0,5251.125,2011-03-03 15:15:00+00:00,5283.75,1.0
15min,2011-03-11 16:45:00+00:00,2011-03-11 18:30:00+00:00,5204.25,5218.75,9,2011-03-11 18:30:00+00:00,2011-03-11 19:30:00+00:00,5210.0,5218.0,5,0.603448275862069,5211.5,2011-03-11 19:30:00+00:00,5217.0,0.7777777777777778
15min,2011-03-23 16:00:00+00:00,2011-03-24 14:00:00+00:00,5172.25,5208.0,21,2011-03-24 14:00:00+00:00,2011-03-24 15:00:00+00:00,5195.25,5219.25,5,0.35664335664335667,5190.125,2011-03-24 15:00:00+00:00,5218.5,1.0
15min,2011-03-29 14:30:00+00:00,2011-03-30 13:45:00+00:00,5231.25,5260.5,26,2011-03-30 13:45:00+00:00,2011-04-01 13:30:00+00:00,5246.75,5273.5,54,0.4700854700854701,5245.875,2011-04-01 13:30:00+00:00,5273.0,0.8888888888888888
15min,2011-04-19 17:30:00+00:00,2011-04-20 17:15:00+00:00,5213.25,5280.0,28,2011-04-20 17:15:00+00:00,2011-04-21 13:30:00+00:00,5270.25,5302.75,13,0.14606741573033707,5246.625,2011-04-21 13:30:00+00:00,5302.0,0.8888888888888888
15min,2011-05-09 16:15:00+00:00,2011-05-09 20:00:00+00:00,5309.0,5320.75,17,2011-05-09 20:00:00+00:00,2011-05-10 18:45:00+00:00,5309.0,5330.75,23,1.0,5314.875,2011-05-10 18:45:00+00:00,5329.75,1.0
15min,2011-05-25 14:00:00+00:00,2011-05-25 17:30:00+00:00,5224.25,5237.5,16,2011-05-25 17:30:00+00:00,2011-05-25 18:30:00+00:00,5230.0,5237.25,5,0.5660377358490566,5230.875,2011-05-25 18:30:00+00:00,5236.75,0.8888888888888888
15min,2011-05-26 14:30:00+00:00,2011-05-26 15:15:00+00:00,5229.25,5239.0,5,2011-05-26 15:15:00+00:00,2011-05-26 16:30:00+00:00,5230.25,5242.5,6,0.8974358974358975,5234.125,2011-05-26 16:30:00+00:00,5242.5,0.8888888888888888
15min,2011-05-26 17:00:00+00:00,2011-05-27 18:30:00+00:00,5244.0,5261.25,35,2011-05-27 18:30:00+00:00,2011-05-31 13:45:00+00:00,5252.5,5285.25,18,0.5072463768115942,5252.625,2011-05-31 13:45:00+00:00,5282.0,1.0
15min,2011-06-20 14:00:00+00:00,2011-06-20 18:00:00+00:00,5112.25,5133.5,18,2011-06-20 18:00:00+00:00,2011-06-20 19:00:00+00:00,5125.75,5132.25,5,0.36470588235294116,5122.875,2011-06-20 19:00:00+00:00,5131.25,0.8888888888888888
15min,2011-06-27 13:45:00+00:00,2011-06-29 13:45:00+00:00,5136.75,5217.75,56,2011-06-29 13:45:00+00:00,2011-06-29 15:00:00+00:00,5201.25,5221.0,6,0.2037037037037037,5177.25,2011-06-29 15:00:00+00:00,5219.25,1.0
15min,2011-06-29 19:30:00+00:00,2011-07-05 13:45:00+00:00,5213.0,5294.75,69,2011-07-05 13:45:00+00:00,2011-07-05 15:45:00+00:00,5280.5,5291.5,9,0.1743119266055046,5253.875,2011-07-05 15:45:00+00:00,5291.5,1.0
15min,2011-07-18 19:45:00+00:00,2011-07-20 13:45:00+00:00,5261.0,5337.0,32,2011-07-20 13:45:00+00:00,2011-07-21 14:30:00+00:00,5301.25,5341.0,31,0.47039473684210525,5299.0,2011-07-21 14:30:00+00:00,5339.25,1.0
15min,2011-07-22 15:00:00+00:00,2011-07-25 13:45:00+00:00,5328.75,5356.25,24,2011-07-25 13:45:00+00:00,2011-07-25 15:30:00+00:00,5328.75,5352.75,8,1.0,5342.5,2011-07-25 15:30:00+00:00,5352.25,1.0
15min,2011-08-11 14:15:00+00:00,2011-08-12 18:45:00+00:00,5028.5,5119.0,47,2011-08-12 18:45:00+00:00,2011-08-15 13:30:00+00:00,5099.25,5117.5,7,0.21823204419889503,5073.75,2011-08-15 13:30:00+00:00,5113.75,0.7777777777777778
15min,2011-08-23 14:15:00+00:00,2011-08-23 18:00:00+00:00,4990.75,5033.5,17,2011-08-23 18:00:00+00:00,2011-08-23 19:00:00+00:00,5012.0,5037.75,5,0.5029239766081871,5012.125,2011-08-23 19:00:00+00:00,5036.0,0.8888888888888888
15min,2011-08-26 14:45:00+00:00,2011-08-26 19:30:00+00:00,5039.0,5095.5,21,2011-08-26 19:30:00+00:00,2011-08-29 16:45:00+00:00,5072.25,5139.75,17,0.41150442477876104,5067.25,2011-08-29 16:45:00+00:00,5139.5,1.0
15min,2011-09-12 19:30:00+00:00,2011-09-14 14:30:00+00:00,5078.0,5166.5,36,2011-09-14 14:30:00+00:00,2011-09-14 15:30:00+00:00,5136.25,5164.5,5,0.3418079096045198,5122.25,2011-09-14 15:30:00+00:00,5164.25,1.0
15min,2011-09-15 15:45:00+00:00,2011-09-16 18:00:00+00:00,5193.5,5235.5,38,2011-09-16 18:00:00+00:00,2011-09-16 19:00:00+00:00,5222.5,5231.0,5,0.30952380952380953,5214.5,2011-09-16 19:00:00+00:00,5230.75,1.0
15min,2011-09-19 15:30:00+00:00,2011-09-20 13:45:00+00:00,5206.75,5249.75,22,2011-09-20 13:45:00+00:00,2011-09-20 14:45:00+00:00,5229.75,5257.25,5,0.46511627906976744,5228.25,2011-09-20 14:45:00+00:00,5256.75,1.0
15min,2011-10-05 14:30:00+00:00,2011-10-06 13:45:00+00:00,5046.75,5113.5,26,2011-10-06 13:45:00+00:00,2011-10-06 14:45:00+00:00,5094.5,5134.0,5,0.2846441947565543,5080.125,2011-10-06 14:45:00+00:00,5128.0,1.0
15min,2011-10-07 19:15:00+00:00,2011-10-10 19:00:00+00:00,5125.25,5201.25,28,2011-10-10 19:00:00+00:00,2011-10-10 20:00:00+00:00,5177.75,5205.0,5,0.3092105263157895,5163.25,2011-10-10 20:00:00+00:00,5204.75,1.0
15min,2011-10-11 14:00:00+00:00,2011-10-11 18:45:00+00:00,5201.0,5227.75,21,2011-10-11 18:45:00+00:00,2011-10-14 13:30:00+00:00,5213.5,5288.0,61,0.5327102803738317,5214.375,2011-10-14 13:30:00+00:00,5284.25,0.8888888888888888
15min,2011-10-26 19:30:00+00:00,2011-10-27 14:15:00+00:00,5256.25,5320.75,8,2011-10-27 14:15:00+00:00,2011-10-27 16:00:00+00:00,5292.5,5312.0,8,0.437984496124031,5288.5,2011-10-27 16:00:00+00:00,5311.0,1.0
15min,2011-11-30 19:30:00+00:00,2011-12-01 16:15:00+00:00,5205.25,5245.25,16,2011-12-01 16:15:00+00:00,2011-12-01 17:30:00+00:00,5223.25,5238.25,6,0.55,5225.25,2011-12-01 17:30:00+00:00,5236.25,1.0
15min,2011-12-22 15:00:00+00:00,2011-12-23 14:45:00+00:00,5184.25,5205.25,28,2011-12-23 14:45:00+00:00,2011-12-23 16:45:00+00:00,5197.25,5209.5,9,0.38095238095238093,5194.75,2011-12-23 16:45:00+00:00,5208.0,1.0
15min,2012-01-05 15:30:00+00:00,2012-01-06 15:00:00+00:00,5254.25,5284.0,17,2012-01-06 15:00:00+00:00,2012-01-06 16:45:00+00:00,5272.75,5289.75,8,0.37815126050420167,5269.125,2012-01-06 16:45:00+00:00,5289.5,1.0
15min,2012-01-13 20:30:00+00:00,2012-01-17 18:45:00+00:00,5300.25,5336.25,31,2012-01-17 18:45:00+00:00,2012-01-18 15:00:00+00:00,5317.0,5337.5,13,0.5347222222222222,5318.25,2012-01-18 15:00:00+00:00,5334.75,1.0
15min,2012-01-18 15:30:00+00:00,2012-01-19 19:45:00+00:00,5336.5,5377.75,46,2012-01-19 19:45:00+00:00,2012-01-23 15:00:00+00:00,5358.75,5383.0,36,0.46060606060606063,5357.125,2012-01-23 15:00:00+00:00,5380.75,1.0
15min,2012-01-27 18:45:00+00:00,2012-01-27 19:30:00+00:00,5388.0,5393.5,5,2012-01-27 19:30:00+00:00,2012-01-27 20:30:00+00:00,5388.0,5399.0,5,1.0,5390.75,2012-01-27 20:30:00+00:00,5397.75,1.0
15min,2012-01-31 19:30:00+00:00,2012-02-01 15:00:00+00:00,5395.5,5417.5,11,2012-02-01 15:00:00+00:00,2012-02-01 16:00:00+00:00,5405.75,5418.25,5,0.5340909090909091,5406.5,2012-02-01 16:00:00+00:00,5417.5,1.0
15min,2012-02-02 19:15:00+00:00,2012-02-03 20:30:00+00:00,5423.25,5465.25,34,2012-02-03 20:30:00+00:00,2012-02-07 16:00:00+00:00,5446.5,5465.25,37,0.44642857142857145,5444.25,2012-02-07 16:00:00+00:00,5464.75,1.0
15min,2012-02-13 17:00:00+00:00,2012-02-13 17:45:00+00:00,5492.25,5500.5,5,2012-02-13 17:45:00+00:00,2012-02-13 19:15:00+00:00,5492.25,5502.5,7,1.0,5496.375,2012-02-13 19:15:00+00:00,5502.25,1.0
15min,2012-02-16 15:30:00+00:00,2012-02-16 16:15:00+00:00,5490.25,5500.25,5,2012-02-16 16:15:00+00:00,2012-02-16 17:15:00+00:00,5490.25,5509.5,5,1.0,5495.25,2012-02-16 17:15:00+00:00,5509.5,1.0
15min,2012-02-23 19:45:00+00:00,2012-02-24 14:45:00+00:00,5521.75,5540.25,9,2012-02-24 14:45:00+00:00,2012-02-24 17:45:00+00:00,5533.25,5543.75,13,0.3783783783783784,5531.0,2012-02-24 17:45:00+00:00,5543.5,1.0
15min,2012-02-27 15:45:00+00:00,2012-02-28 14:30:00+00:00,5529.75,5552.0,24,2012-02-28 14:30:00+00:00,2012-02-28 15:45:00+00:00,5542.75,5565.0,6,0.4157303370786517,5540.875,2012-02-28 15:45:00+00:00,5564.5,1.0
15min,2012-03-07 20:45:00+00:00,2012-03-08 15:30:00+00:00,5541.0,5562.75,8,2012-03-08 15:30:00+00:00,2012-03-08 17:15:00+00:00,5554.0,5571.0,8,0.40229885057471265,5551.875,2012-03-08 17:15:00+00:00,5570.75,1.0
15min,2012-03-08 17:45:00+00:00,2012-03-09 20:15:00+00:00,5568.75,5588.5,39,2012-03-09 20:15:00+00:00,2012-03-12 13:45:00+00:00,5579.5,5587.25,6,0.45569620253164556,5578.625,2012-03-12 13:45:00+00:00,5586.0,1.0
15min,2012-03-12 16:30:00+00:00,2012-03-13 14:15:00+00:00,5577.25,5603.5,20,2012-03-13 14:15:00+00:00,2012-03-13 15:15:00+00:00,5594.25,5606.5,5,0.3523809523809524,5590.375,2012-03-13 15:15:00+00:00,5606.5,1.0
15min,2012-03-13 15:45:00+00:00,2012-03-14 16:30:00+00:00,5607.5,5650.5,32,2012-03-14 16:30:00+00:00,2012-03-14 17:30:00+00:00,5638.25,5654.5,5,0.28488372093023256,5629.0,2012-03-14 17:30:00+00:00,5653.0,1.0
15min,2012-03-20 17:00:00+00:00,2012-03-21 14:30:00+00:00,5655.25,5682.75,19,2012-03-21 14:30:00+00:00,2012-03-21 16:30:00+00:00,5670.75,5683.5,9,0.43636363636363634,5669.0,2012-03-21 16:30:00+00:00,5683.0,1.0
15min,2012-06-05 17:00:00+00:00,2012-06-06 18:15:00+00:00,5411.25,5484.0,34,2012-06-06 18:15:00+00:00,2012-06-06 20:00:00+00:00,5471.25,5486.5,8,0.17525773195876287,5447.625,2012-06-06 20:00:00+00:00,5485.75,1.0
15min,2012-06-29 13:45:00+00:00,2012-07-02 15:00:00+00:00,5518.75,5567.0,34,2012-07-02 15:00:00+00:00,2012-07-02 20:00:00+00:00,5549.25,5566.5,21,0.36787564766839376,5542.875,2012-07-02 20:00:00+00:00,5565.0,1.0
15min,2012-08-03 13:45:00+00:00,2012-08-03 19:45:00+00:00,5599.25,5628.0,26,2012-08-03 19:45:00+00:00,2012-08-06 16:45:00+00:00,5614.5,5645.25,16,0.46956521739130436,5613.625,2012-08-06 16:45:00+00:00,5644.25,1.0
15min,2012-08-15 18:45:00+00:00,2012-08-20 13:45:00+00:00,5676.75,5727.25,63,2012-08-20 13:45:00+00:00,2012-08-20 16:00:00+00:00,5713.75,5727.5,10,0.26732673267326734,5702.0,2012-08-20 16:00:00+00:00,5727.0,1.0
15min,2012-09-13 13:30:00+00:00,2012-09-13 16:30:00+00:00,5738.0,5749.5,14,2012-09-13 16:30:00+00:00,2012-09-13 17:30:00+00:00,5739.5,5773.5,5,0.8695652173913043,5743.75,2012-09-13 17:30:00+00:00,5772.75,1.0
15min,2012-09-13 18:00:00+00:00,2012-09-14 19:30:00+00:00,5771.75,5812.75,35,2012-09-14 19:30:00+00:00,2012-09-19 16:30:00+00:00,5793.5,5815.5,70,0.4695121951219512,5792.25,2012-09-19 16:30:00+00:00,5815.5,1.0
15min,2012-10-15 19:30:00+00:00,2012-10-17 17:45:00+00:00,5677.0,5732.25,49,2012-10-17 17:45:00+00:00,2012-10-17 19:15:00+00:00,5716.75,5729.25,7,0.28054298642533937,5704.625,2012-10-17 19:15:00+00:00,5727.25,1.0
15min,2012-11-16 20:45:00+00:00,2012-11-20 16:15:00+00:00,5482.5,5548.0,38,2012-11-20 16:15:00+00:00,2012-11-21 14:45:00+00:00,5521.5,5555.5,22,0.40458015267175573,5515.25,2012-11-21 14:45:00+00:00,5553.5,1.0
15min,2012-11-21 16:30:00+00:00,2012-11-22 14:45:00+00:00,5544.5,5556.25,22,2012-11-22 14:45:00+00:00,2012-11-23 15:30:00+00:00,5550.5,5583.0,13,0.48936170212765956,5550.375,2012-11-23 15:30:00+00:00,5581.25,1.0
15min,2012-11-28 16:00:00+00:00,2012-11-29 16:45:00+00:00,5586.75,5642.0,32,2012-11-29 16:45:00+00:00,2012-12-03 14:30:00+00:00,5619.75,5650.5,46,0.40271493212669685,5614.375,2012-12-03 14:30:00+00:00,5650.0,1.0
15min,2012-12-06 15:15:00+00:00,2012-12-06 17:45:00+00:00,5587.0,5615.5,12,2012-12-06 17:45:00+00:00,2012-12-06 19:00:00+00:00,5598.5,5611.75,6,0.5964912280701754,5601.25,2012-12-06 19:00:00+00:00,5611.5,0.8888888888888888
15min,2012-12-17 20:15:00+00:00,2012-12-18 14:45:00+00:00,5601.75,5633.75,7,2012-12-18 14:45:00+00:00,2012-12-18 15:45:00+00:00,5624.75,5641.25,5,0.28125,5617.75,2012-12-18 15:45:00+00:00,5641.0,1.0
15min,2012-12-31 15:00:00+00:00,2013-01-02 17:00:00+00:00,5566.5,5695.75,37,2013-01-02 17:00:00+00:00,2013-01-02 19:30:00+00:00,5670.5,5683.25,11,0.195357833655706,5631.125,2013-01-02 19:30:00+00:00,5682.75,1.0
15min,2013-01-08 20:30:00+00:00,2013-01-09 20:15:00+00:00,5666.0,5689.0,28,2013-01-09 20:15:00+00:00,2013-01-10 14:30:00+00:00,5675.25,5700.5,5,0.5978260869565217,5677.5,2013-01-10 14:30:00+00:00,5699.0,0.8888888888888888
15min,2013-01-18 18:30:00+00:00,2013-01-18 20:15:00+00:00,5688.25,5691.5,9,2013-01-18 20:15:00+00:00,2013-01-21 15:15:00+00:00,5687.5,5697.0,8,1.2307692307692308,5689.875,2013-01-21 15:15:00+00:00,5697.0,1.0
15min,2013-02-22 17:15:00+00:00,2013-02-22 19:30:00+00:00,5682.0,5692.75,11,2013-02-22 19:30:00+00:00,2013-02-22 20:45:00+00:00,5687.0,5693.75,6,0.5348837209302325,5687.375,2013-02-22 20:45:00+00:00,5693.25,0.7777777777777778
15min,2013-03-04 18:45:00+00:00,2013-03-06 15:00:00+00:00,5704.75,5767.75,41,2013-03-06 15:00:00+00:00,2013-03-07 16:45:00+00:00,5747.5,5761.75,35,0.32142857142857145,5736.25,2013-03-07 16:45:00+00:00,5761.5,1.0
15min,2013-03-18 14:00:00+00:00,2013-03-18 17:45:00+00:00,5734.5,5759.25,17,2013-03-18 17:45:00+00:00,2013-03-18 18:45:00+00:00,5749.75,5760.25,5,0.3838383838383838,5746.875,2013-03-18 18:45:00+00:00,5759.75,1.0
15min,2013-03-27 18:00:00+00:00,2013-03-28 16:30:00+00:00,5760.25,5772.75,23,2013-03-28 16:30:00+00:00,2013-03-28 18:30:00+00:00,5764.75,5771.75,9,0.64,5766.5,2013-03-28 18:30:00+00:00,5771.25,1.0
15min,2013-04-08 18:15:00+00:00,2013-04-08 19:00:00+00:00,5731.75,5737.5,5,2013-04-08 19:00:00+00:00,2013-04-08 20:00:00+00:00,5731.75,5743.0,5,1.0,5734.625,2013-04-08 20:00:00+00:00,5742.5,0.8888888888888888
15min,2013-04-09 16:45:00+00:00,2013-04-10 18:45:00+00:00,5750.25,5820.5,37,2013-04-10 18:45:00+00:00,2013-04-10 19:45:00+00:00,5810.25,5819.25,5,0.14590747330960854,5785.375,2013-04-10 19:45:00+00:00,5818.25,1.0
15min,2013-04-16 15:15:00+00:00,2013-04-16 18:30:00+00:00,5770.25,5794.0,15,2013-04-16 18:30:00+00:00,2013-04-16 19:45:00+00:00,5784.5,5795.5,6,0.4,5782.125,2013-04-16 19:45:00+00:00,5795.25,1.0
15min,2013-04-22 15:45:00+00:00,2013-04-23 17:45:00+00:00,5746.0,5802.0,37,2013-04-23 17:45:00+00:00,2013-04-25 13:45:00+00:00,5779.0,5810.5,39,0.4107142857142857,5774.0,2013-04-25 13:45:00+00:00,5807.0,1.0
15min,2013-05-02 14:00:00+00:00,2013-05-03 17:45:00+00:00,5844.25,5910.75,44,2013-05-03 17:45:00+00:00,2013-05-06 13:45:00+00:00,5899.75,5912.5,12,0.16541353383458646,5877.5,2013-05-06 13:45:00+00:00,5910.5,1.0
15min,2013-05-10 17:30:00+00:00,2013-05-13 19:30:00+00:00,5929.75,5950.5,37,2013-05-13 19:30:00+00:00,2013-05-14 14:00:00+00:00,5936.25,5954.75,6,0.6867469879518072,5940.125,2013-05-14 14:00:00+00:00,5952.25,1.0
15min,2013-06-13 14:00:00+00:00,2013-06-13 17:45:00+00:00,5882.25,5909.5,17,2013-06-13 17:45:00+00:00,2013-06-13 19:15:00+00:00,5902.75,5923.0,7,0.24770642201834864,5895.875,2013-06-13 19:15:00+00:00,5922.75,1.0
15min,2013-06-25 19:30:00+00:00,2013-06-26 15:30:00+00:00,5825.75,5859.25,13,2013-06-26 15:30:00+00:00,2013-06-26 17:30:00+00:00,5844.5,5856.75,9,0.44029850746268656,5842.5,2013-06-26 17:30:00+00:00,5856.0,0.8888888888888888
15min,2013-07-09 15:00:00+00:00,2013-07-10 13:30:00+00:00,5937.0,5953.5,23,2013-07-10 13:30:00+00:00,2013-07-10 18:15:00+00:00,5939.5,5968.5,20,0.8484848484848485,5945.25,2013-07-10 18:15:00+00:00,5962.75,1.0
15min,2013-07-10 18:45:00+00:00,2013-07-12 15:45:00+00:00,5952.25,6030.75,44,2013-07-12 15:45:00+00:00,2013-07-12 18:15:00+00:00,6017.75,6029.0,11,0.16560509554140126,5991.5,2013-07-12 18:15:00+00:00,6028.0,1.0
15min,2013-07-12 18:45:00+00:00,2013-07-15 14:00:00+00:00,6026.5,6041.75,10,2013-07-15 14:00:00+00:00,2013-07-15 15:30:00+00:00,6031.5,6041.5,7,0.6721311475409836,6034.125,2013-07-15 15:30:00+00:00,6041.25,1.0
15min,2013-07-29 17:00:00+00:00,2013-07-29 17:45:00+00:00,6028.25,6034.25,5,2013-07-29 17:45:00+00:00,2013-07-30 14:30:00+00:00,6028.25,6052.5,15,1.0,6031.25,2013-07-30 14:30:00+00:00,6051.75,1.0
15min,2013-07-30 18:30:00+00:00,2013-07-31 16:30:00+00:00,6042.5,6066.0,21,2013-07-31 16:30:00+00:00,2013-07-31 18:45:00+00:00,6049.75,6068.75,10,0.6914893617021277,6054.25,2013-07-31 18:45:00+00:00,6067.75,1.0
15min,2013-09-06 15:00:00+00:00,2013-09-06 20:00:00+00:00,6100.25,6118.75,22,2013-09-06 20:00:00+00:00,2013-09-09 15:45:00+00:00,6100.25,6126.25,11,1.0,6109.5,2013-09-09 15:45:00+00:00,6125.75,1.0
15min,2013-09-17 13:45:00+00:00,2013-09-17 20:00:00+00:00,6144.25,6164.25,27,2013-09-17 20:00:00+00:00,2013-09-18 19:00:00+00:00,6158.0,6202.5,24,0.3125,6154.25,2013-09-18 19:00:00+00:00,6202.25,1.0
15min,2013-10-10 13:45:00+00:00,2013-10-10 18:30:00+00:00,6144.0,6174.75,21,2013-10-10 18:30:00+00:00,2013-10-11 14:00:00+00:00,6163.5,6188.25,10,0.36585365853658536,6159.375,2013-10-11 14:00:00+00:00,6187.0,1.0
15min,2013-10-16 13:45:00+00:00,2013-10-16 18:45:00+00:00,6226.0,6251.75,22,2013-10-16 18:45:00+00:00,2013-10-16 20:00:00+00:00,6240.5,6251.0,6,0.4368932038834951,6238.875,2013-10-16 20:00:00+00:00,6249.5,1.0
15min,2013-10-17 14:00:00+00:00,2013-10-21 17:45:00+00:00,6235.0,6337.5,71,2013-10-21 17:45:00+00:00,2013-10-22 13:30:00+00:00,6318.5,6343.0,11,0.18536585365853658,6286.25,2013-10-22 13:30:00+00:00,6340.5,0.7777777777777778
15min,2013-11-08 15:30:00+00:00,2013-11-08 19:15:00+00:00,6310.5,6336.25,17,2013-11-08 19:15:00+00:00,2013-11-08 21:00:00+00:00,6326.0,6338.0,8,0.39805825242718446,6323.375,2013-11-08 21:00:00+00:00,6337.5,0.8888888888888888
15min,2013-11-21 14:45:00+00:00,2013-11-21 18:15:00+00:00,6355.0,6371.0,16,2013-11-21 18:15:00+00:00,2013-11-21 19:45:00+00:00,6360.25,6380.25,7,0.671875,6363.0,2013-11-21 19:45:00+00:00,6379.25,1.0
15min,2013-11-21 20:15:00+00:00,2013-11-22 19:00:00+00:00,6374.5,6397.75,24,2013-11-22 19:00:00+00:00,2013-11-25 14:30:00+00:00,6389.5,6410.5,10,0.3548387096774194,6386.125,2013-11-25 14:30:00+00:00,6408.75,0.6666666666666666
15min,2013-12-19 21:00:00+00:00,2013-12-20 21:00:00+00:00,6470.75,6517.5,29,2013-12-20 21:00:00+00:00,2013-12-23 16:45:00+00:00,6508.25,6542.0,11,0.19786096256684493,6494.125,2013-12-23 16:45:00+00:00,6540.25,1.0
15min,2013-12-23 20:00:00+00:00,2013-12-24 16:00:00+00:00,6538.25,6551.0,13,2013-12-24 16:00:00+00:00,2013-12-24 17:45:00+00:00,6541.25,6549.25,8,0.7647058823529411,6544.625,2013-12-24 17:45:00+00:00,6548.5,1.0
15min,2013-12-24 18:15:00+00:00,2013-12-26 15:00:00+00:00,6548.5,6558.5,5,2013-12-26 15:00:00+00:00,2013-12-26 16:30:00+00:00,6548.5,6559.75,7,1.0,6553.5,2013-12-26 16:30:00+00:00,6559.25,1.0
15min,2014-01-07 14:45:00+00:00,2014-01-07 17:00:00+00:00,6509.5,6532.75,11,2014-01-07 17:00:00+00:00,2014-01-07 18:30:00+00:00,6523.0,6532.0,7,0.41935483870967744,6521.125,2014-01-07 18:30:00+00:00,6532.0,0.8888888888888888
15min,2014-01-14 15:30:00+00:00,2014-01-15 21:00:00+00:00,6513.5,6590.5,51,2014-01-15 21:00:00+00:00,2014-01-16 15:30:00+00:00,6574.25,6587.25,6,0.21103896103896103,6552.0,2014-01-16 15:30:00+00:00,6586.25,1.0
15min,2014-01-30 14:45:00+00:00,2014-01-30 19:15:00+00:00,6480.5,6517.5,20,2014-01-30 19:15:00+00:00,2014-01-30 20:15:00+00:00,6503.5,6517.0,5,0.3783783783783784,6499.0,2014-01-30 20:15:00+00:00,6515.25,1.0
15min,2014-02-06 14:45:00+00:00,2014-02-12 16:45:00+00:00,6440.25,6613.75,118,2014-02-12 16:45:00+00:00,2014-02-12 18:00:00+00:00,6595.0,6607.0,6,0.10806916426512968,6527.0,2014-02-12 18:00:00+00:00,6605.25,1.0
15min,2014-02-14 16:45:00+00:00,2014-02-14 17:30:00+00:00,6630.5,6638.0,5,2014-02-14 17:30:00+00:00,2014-02-14 18:30:00+00:00,6629.75,6639.5,5,1.1,6634.25,2014-02-14 18:30:00+00:00,6637.75,1.0
15min,2014-02-14 19:00:00+00:00,2014-02-17 15:00:00+00:00,6639.25,6648.5,13,2014-02-17 15:00:00+00:00,2014-02-18 14:45:00+00:00,6643.75,6654.0,9,0.5135135135135135,6643.875,2014-02-18 14:45:00+00:00,6653.0,1.0
15min,2014-03-12 15:00:00+00:00,2014-03-12 19:15:00+00:00,6660.25,6688.5,19,2014-03-12 19:15:00+00:00,2014-03-13 13:30:00+00:00,6675.0,6702.75,5,0.4778761061946903,6674.375,2014-03-13 13:30:00+00:00,6700.0,0.8888888888888888
15min,2014-04-08 19:30:00+00:00,2014-04-09 18:00:00+00:00,6511.75,6551.25,23,2014-04-09 18:00:00+00:00,2014-04-09 19:45:00+00:00,6541.5,6578.25,8,0.2468354430379747,6531.5,2014-04-09 19:45:00+00:00,6576.25,1.0
15min,2014-05-09 19:15:00+00:00,2014-05-13 15:30:00+00:00,6528.75,6611.5,41,2014-05-13 15:30:00+00:00,2014-05-13 18:45:00+00:00,6590.75,6603.75,14,0.25075528700906347,6570.125,2014-05-13 18:45:00+00:00,6602.75,1.0
15min,2014-05-21 14:00:00+00:00,2014-05-26 13:45:00+00:00,6596.5,6673.5,82,2014-05-26 13:45:00+00:00,2014-05-26 14:45:00+00:00,6671.25,6676.5,5,0.02922077922077922,6635.0,2014-05-26 14:45:00+00:00,6675.5,1.0
15min,2014-05-26 15:15:00+00:00,2014-05-28 13:45:00+00:00,6675.0,6710.75,38,2014-05-28 13:45:00+00:00,2014-05-28 16:15:00+00:00,6694.75,6713.25,11,0.44755244755244755,6692.875,2014-05-28 16:15:00+00:00,6712.75,1.0
15min,2014-06-04 14:15:00+00:00,2014-06-04 19:00:00+00:00,6712.75,6736.5,21,2014-06-04 19:00:00+00:00,2014-06-05 15:30:00+00:00,6721.25,6744.25,14,0.6421052631578947,6724.625,2014-06-05 15:30:00+00:00,6742.5,1.0
15min,2014-06-05 16:00:00+00:00,2014-06-09 14:00:00+00:00,6747.0,6785.75,48,2014-06-09 14:00:00+00:00,2014-06-09 15:30:00+00:00,6774.5,6786.5,7,0.2903225806451613,6766.375,2014-06-09 15:30:00+00:00,6786.0,1.0
15min,2014-06-26 17:45:00+00:00,2014-06-30 20:00:00+00:00,6801.5,6845.25,65,2014-06-30 20:00:00+00:00,2014-07-01 14:15:00+00:00,6833.0,6867.75,5,0.28,6823.375,2014-07-01 14:15:00+00:00,6866.5,1.0
15min,2014-07-01 14:45:00+00:00,2014-07-02 13:30:00+00:00,6865.75,6888.5,24,2014-07-02 13:30:00+00:00,2014-07-02 16:15:00+00:00,6878.25,6889.0,12,0.45054945054945056,6877.125,2014-07-02 16:15:00+00:00,6889.0,1.0
15min,2014-07-09 14:45:00+00:00,2014-07-09 18:15:00+00:00,6860.5,6877.0,16,2014-07-09 18:15:00+00:00,2014-07-09 19:15:00+00:00,6863.25,6884.0,5,0.8333333333333334,6868.75,2014-07-09 19:15:00+00:00,6882.75,0.8888888888888888
15min,2014-07-11 14:15:00+00:00,2014-07-14 18:30:00+00:00,6872.75,6924.75,46,2014-07-14 18:30:00+00:00,2014-07-15 13:45:00+00:00,6913.5,6926.0,9,0.21634615384615385,6898.75,2014-07-15 13:45:00+00:00,6925.25,1.0
15min,2014-07-21 16:15:00+00:00,2014-07-22 18:45:00+00:00,6911.5,6953.5,39,2014-07-22 18:45:00+00:00,2014-07-23 13:30:00+00:00,6938.75,6961.5,7,0.35119047619047616,6932.5,2014-07-23 13:30:00+00:00,6960.75,1.0
15min,2014-08-08 17:30:00+00:00,2014-08-11 18:15:00+00:00,6857.75,6911.75,32,2014-08-11 18:15:00+00:00,2014-08-11 19:15:00+00:00,6895.25,6904.75,5,0.3055555555555556,6884.75,2014-08-11 19:15:00+00:00,6904.75,1.0
15min,2014-08-12 20:00:00+00:00,2014-08-15 15:00:00+00:00,6895.5,6988.5,63,2014-08-15 15:00:00+00:00,2014-08-18 14:15:00+00:00,6941.25,7007.75,25,0.5080645161290323,6942.0,2014-08-18 14:15:00+00:00,7006.25,1.0
15min,2014-08-18 14:45:00+00:00,2014-08-20 18:15:00+00:00,7003.25,7039.0,70,2014-08-20 18:15:00+00:00,2014-08-20 19:15:00+00:00,7025.5,7040.5,5,0.3776223776223776,7021.125,2014-08-20 19:15:00+00:00,7038.25,1.0
15min,2014-08-29 20:00:00+00:00,2014-09-01 14:30:00+00:00,7070.0,7077.5,7,2014-09-01 14:30:00+00:00,2014-09-01 15:30:00+00:00,7075.0,7078.0,5,0.3333333333333333,7073.75,2014-09-01 15:30:00+00:00,7077.75,1.0
15min,2014-09-05 16:15:00+00:00,2014-09-05 17:45:00+00:00,7058.25,7074.0,8,2014-09-05 17:45:00+00:00,2014-09-05 20:00:00+00:00,7067.75,7083.5,10,0.3968253968253968,7066.125,2014-09-05 20:00:00+00:00,7082.0,1.0
15min,2014-09-16 15:45:00+00:00,2014-09-17 15:00:00+00:00,7029.5,7069.0,26,2014-09-17 15:00:00+00:00,2014-09-17 18:15:00+00:00,7040.75,7074.0,14,0.7151898734177216,7049.25,2014-09-17 18:15:00+00:00,7072.0,1.0
15min,2014-10-08 16:15:00+00:00,2014-10-09 14:15:00+00:00,6958.75,7043.25,21,2014-10-09 14:15:00+00:00,2014-10-09 15:15:00+00:00,7006.25,7033.0,5,0.4378698224852071,7001.0,2014-10-09 15:15:00+00:00,7031.5,0.7777777777777778
15min,2014-10-20 14:00:00+00:00,2014-10-22 16:15:00+00:00,6811.75,6981.5,65,2014-10-22 16:15:00+00:00,2014-10-23 14:15:00+00:00,6941.0,7002.75,20,0.23858615611192932,6896.625,2014-10-23 14:15:00+00:00,7002.5,1.0
15min,2014-10-24 13:45:00+00:00,2014-10-27 14:15:00+00:00,6995.5,7038.5,31,2014-10-27 14:15:00+00:00,2014-10-28 14:00:00+00:00,7011.0,7075.25,27,0.6395348837209303,7017.0,2014-10-28 14:00:00+00:00,7071.75,1.0
15min,2014-10-30 15:15:00+00:00,2014-10-31 14:00:00+00:00,7067.75,7165.0,24,2014-10-31 14:00:00+00:00,2014-10-31 15:30:00+00:00,7138.25,7156.25,7,0.2750642673521851,7116.375,2014-10-31 15:30:00+00:00,7155.25,1.0
15min,2014-11-11 19:00:00+00:00,2014-11-12 16:15:00+00:00,7169.5,7187.0,18,2014-11-12 16:15:00+00:00,2014-11-12 18:30:00+00:00,7172.5,7195.25,10,0.8285714285714286,7178.25,2014-11-12 18:30:00+00:00,7194.75,1.0
15min,2014-11-20 15:15:00+00:00,2014-11-20 20:15:00+00:00,7224.0,7248.0,22,2014-11-20 20:15:00+00:00,2014-11-21 14:30:00+00:00,7238.0,7285.0,5,0.4166666666666667,7236.0,2014-11-21 14:30:00+00:00,7282.0,1.0
15min,2014-11-21 20:00:00+00:00,2014-11-25 16:15:00+00:00,7247.5,7304.75,41,2014-11-25 16:15:00+00:00,2014-11-25 18:45:00+00:00,7286.75,7298.0,11,0.314410480349345,7276.125,2014-11-25 18:45:00+00:00,7297.75,1.0
15min,2014-11-25 19:15:00+00:00,2014-11-25 21:00:00+00:00,7288.0,7296.75,9,2014-11-25 21:00:00+00:00,2014-11-26 15:30:00+00:00,7289.75,7305.5,6,0.8,7292.375,2014-11-26 15:30:00+00:00,7303.75,1.0
15min,2014-12-09 18:00:00+00:00,2014-12-09 20:00:00+00:00,7269.0,7295.0,10,2014-12-09 20:00:00+00:00,2014-12-09 21:00:00+00:00,7278.5,7300.0,5,0.6346153846153846,7282.0,2014-12-09 21:00:00+00:00,7297.75,0.8888888888888888
15min,2015-01-22 15:30:00+00:00,2015-01-23 14:45:00+00:00,7198.5,7274.5,26,2015-01-23 14:45:00+00:00,2015-01-23 17:15:00+00:00,7256.5,7285.0,11,0.23684210526315788,7236.5,2015-01-23 17:15:00+00:00,7283.25,1.0
15min,2015-02-04 16:00:00+00:00,2015-02-04 21:00:00+00:00,7209.25,7249.25,22,2015-02-04 21:00:00+00:00,2015-02-05 15:45:00+00:00,7209.5,7249.0,7,0.99375,7229.25,2015-02-05 15:45:00+00:00,7246.75,1.0
15min,2015-02-10 14:45:00+00:00,2015-02-11 18:00:00+00:00,7234.25,7306.5,42,2015-02-11 18:00:00+00:00,2015-02-11 20:30:00+00:00,7280.5,7309.25,11,0.35986159169550175,7270.375,2015-02-11 20:30:00+00:00,7305.5,1.0
15min,2015-03-02 14:45:00+00:00,2015-03-02 18:30:00+00:00,7456.0,7484.75,17,2015-03-02 18:30:00+00:00,2015-03-02 20:15:00+00:00,7465.5,7482.5,8,0.6695652173913044,7470.375,2015-03-02 20:15:00+00:00,7482.0,1.0
15min,2015-03-27 20:00:00+00:00,2015-03-30 14:45:00+00:00,7332.75,7390.25,8,2015-03-30 14:45:00+00:00,2015-03-30 17:15:00+00:00,7366.25,7385.5,11,0.41739130434782606,7361.5,2015-03-30 17:15:00+00:00,7384.5,0.8888888888888888
15min,2015-04-06 14:00:00+00:00,2015-04-07 13:30:00+00:00,7319.25,7367.25,27,2015-04-07 13:30:00+00:00,2015-04-07 14:30:00+00:00,7351.25,7378.75,5,0.3333333333333333,7343.25,2015-04-07 14:30:00+00:00,7378.25,1.0
15min,2015-04-08 14:00:00+00:00,2015-04-08 19:15:00+00:00,7353.75,7389.0,23,2015-04-08 19:15:00+00:00,2015-04-09 19:15:00+00:00,7365.25,7411.25,28,0.6737588652482269,7371.375,2015-04-09 19:15:00+00:00,7409.25,1.0
15min,2015-04-20 14:00:00+00:00,2015-04-21 14:00:00+00:00,7385.5,7455.25,29,2015-04-21 14:00:00+00:00,2015-04-22 17:45:00+00:00,7423.25,7458.0,43,0.45878136200716846,7420.375,2015-04-22 17:45:00+00:00,7457.75,1.0
15min,2015-05-07 13:45:00+00:00,2015-05-07 17:30:00+00:00,7379.25,7421.75,17,2015-05-07 17:30:00+00:00,2015-05-07 18:30:00+00:00,7408.25,7418.5,5,0.3176470588235294,7400.5,2015-05-07 18:30:00+00:00,7417.5,0.7777777777777778
15min,2015-05-21 13:45:00+00:00,2015-05-22 15:30:00+00:00,7504.5,7552.25,36,2015-05-22 15:30:00+00:00,2015-05-22 16:45:00+00:00,7538.5,7548.75,6,0.2879581151832461,7528.375,2015-05-22 16:45:00+00:00,7548.0,1.0
15min,2015-06-17 19:00:00+00:00,2015-06-19 13:30:00+00:00,7479.5,7555.0,34,2015-06-19 13:30:00+00:00,2015-06-22 15:15:00+00:00,7521.5,7568.75,35,0.44370860927152317,7517.25,2015-06-22 15:15:00+00:00,7566.75,1.0
15min,2015-07-10 14:30:00+00:00,2015-07-14 20:00:00+00:00,7404.25,7548.75,78,2015-07-14 20:00:00+00:00,2015-07-15 14:15:00+00:00,7535.0,7556.75,5,0.09515570934256055,7476.5,2015-07-15 14:15:00+00:00,7554.25,1.0
15min,2015-07-16 13:30:00+00:00,2015-07-20 14:30:00+00:00,7570.0,7686.0,60,2015-07-20 14:30:00+00:00,2015-07-20 16:45:00+00:00,7667.5,7693.25,10,0.15948275862068967,7628.0,2015-07-20 16:45:00+00:00,7692.75,1.0
15min,2015-07-28 16:45:00+00:00,2015-07-28 19:30:00+00:00,7553.0,7580.25,13,2015-07-28 19:30:00+00:00,2015-07-29 18:45:00+00:00,7563.0,7594.0,25,0.6330275229357798,7566.625,2015-07-29 18:45:00+00:00,7591.75,0.8888888888888888
15min,2015-07-30 15:45:00+00:00,2015-07-31 14:00:00+00:00,7584.5,7627.75,22,2015-07-31 14:00:00+00:00,2015-07-31 15:00:00+00:00,7601.25,7625.75,5,0.6127167630057804,7606.125,2015-07-31 15:00:00+00:00,7622.5,1.0
15min,2015-08-26 17:45:00+00:00,2015-08-27 18:30:00+00:00,7117.25,7346.25,32,2015-08-27 18:30:00+00:00,2015-08-27 20:00:00+00:00,7245.5,7340.75,7,0.43995633187772926,7231.75,2015-08-27 20:00:00+00:00,7339.5,1.0
15min,2015-10-08 18:30:00+00:00,2015-10-12 14:45:00+00:00,7322.25,7402.25,41,2015-10-12 14:45:00+00:00,2015-10-12 15:45:00+00:00,7383.5,7407.25,5,0.234375,7362.25,2015-10-12 15:45:00+00:00,7404.5,1.0
15min,2015-10-15 16:45:00+00:00,2015-10-16 14:00:00+00:00,7390.25,7447.0,18,2015-10-16 14:00:00+00:00,2015-10-16 19:45:00+00:00,7423.5,7451.25,24,0.41409691629955947,7418.625,2015-10-16 19:45:00+00:00,7451.0,1.0
15min,2015-10-22 13:45:00+00:00,2015-10-22 18:30:00+00:00,7456.75,7524.0,21,2015-10-22 18:30:00+00:00,2015-10-23 13:30:00+00:00,7494.5,7642.5,8,0.43866171003717475,7490.375,2015-10-23 13:30:00+00:00,7641.5,0.6666666666666666
15min,2015-11-18 14:45:00+00:00,2015-11-19 14:45:00+00:00,7606.25,7688.0,29,2015-11-19 14:45:00+00:00,2015-11-19 16:30:00+00:00,7674.25,7696.5,8,0.16819571865443425,7647.125,2015-11-19 16:30:00+00:00,7695.0,1.0
15min,2015-11-20 19:15:00+00:00,2015-11-20 20:15:00+00:00,7701.0,7713.5,6,2015-11-20 20:15:00+00:00,2015-11-23 14:30:00+00:00,7701.0,7718.5,5,1.0,7707.25,2015-11-23 14:30:00+00:00,7717.0,0.8888888888888888
15min,2015-11-25 19:15:00+00:00,2015-11-25 21:00:00+00:00,7698.75,7708.5,9,2015-11-25 21:00:00+00:00,2015-11-26 16:45:00+00:00,7698.75,7728.25,11,1.0,7703.625,2015-11-26 16:45:00+00:00,7727.25,1.0
15min,2015-12-04 15:00:00+00:00,2015-12-04 16:45:00+00:00,7671.25,7715.25,9,2015-12-04 16:45:00+00:00,2015-12-04 17:45:00+00:00,7695.75,7727.25,5,0.4431818181818182,7693.25,2015-12-04 17:45:00+00:00,7723.75,1.0
15min,2015-12-22 18:00:00+00:00,2015-12-23 14:45:00+00:00,7594.25,7645.0,16,2015-12-23 14:45:00+00:00,2015-12-23 19:45:00+00:00,7632.0,7654.0,21,0.2561576354679803,7619.625,2015-12-23 19:45:00+00:00,7650.75,1.0
15min,2016-01-22 14:45:00+00:00,2016-01-25 17:00:00+00:00,7234.0,7286.75,38,2016-01-25 17:00:00+00:00,2016-01-25 18:00:00+00:00,7261.0,7283.25,5,0.4881516587677725,7260.375,2016-01-25 18:00:00+00:00,7281.5,1.0
15min,2016-01-28 17:45:00+00:00,2016-02-01 18:15:00+00:00,7182.5,7303.25,58,2016-02-01 18:15:00+00:00,2016-02-01 19:45:00+00:00,7279.0,7312.25,7,0.20082815734989648,7242.875,2016-02-01 19:45:00+00:00,7310.5,1.0
15min,2016-02-12 19:30:00+00:00,2016-02-15 15:30:00+00:00,7033.75,7115.0,13,2016-02-15 15:30:00+00:00,2016-02-16 21:00:00+00:00,7080.75,7134.5,38,0.42153846153846153,7074.375,2016-02-16 21:00:00+00:00,7133.75,1.0
15min,2016-02-24 18:15:00+00:00,2016-02-25 14:45:00+00:00,7167.5,7250.25,15,2016-02-25 14:45:00+00:00,2016-02-25 18:45:00+00:00,7204.0,7251.5,17,0.5589123867069486,7208.875,2016-02-25 18:45:00+00:00,7251.0,1.0
15min,2016-03-01 14:45:00+00:00,2016-03-02 14:45:00+00:00,7257.75,7366.5,29,2016-03-02 14:45:00+00:00,2016-03-04 16:15:00+00:00,7327.25,7371.0,61,0.36091954022988504,7312.125,2016-03-04 16:15:00+00:00,7369.75,1.0
15min,2016-03-09 19:15:00+00:00,2016-03-09 20:30:00+00:00,7311.25,7326.75,7,2016-03-09 20:30:00+00:00,2016-03-10 15:00:00+00:00,7311.25,7367.25,6,1.0,7319.0,2016-03-10 15:00:00+00:00,7366.0,1.0
15min,2016-04-12 15:15:00+00:00,2016-04-12 16:15:00+00:00,7502.75,7521.5,6,2016-04-12 16:15:00+00:00,2016-04-12 18:15:00+00:00,7507.5,7529.25,9,0.7466666666666667,7512.125,2016-04-12 18:15:00+00:00,7527.5,1.0
15min,2016-04-12 18:45:00+00:00,2016-04-13 17:15:00+00:00,7524.25,7589.75,23,2016-04-13 17:15:00+00:00,2016-04-13 19:15:00+00:00,7565.75,7586.5,9,0.366412213740458,7557.0,2016-04-13 19:15:00+00:00,7584.5,1.0
15min,2016-05-06 17:30:00+00:00,2016-05-09 14:45:00+00:00,7340.0,7394.75,18,2016-05-09 14:45:00+00:00,2016-05-09 17:15:00+00:00,7372.25,7391.5,11,0.410958904109589,7367.375,2016-05-09 17:15:00+00:00,7389.75,1.0
15min,2016-05-18 14:00:00+00:00,2016-05-18 15:15:00+00:00,7363.25,7393.75,7,2016-05-18 15:15:00+00:00,2016-05-18 17:30:00+00:00,7378.25,7401.25,10,0.5081967213114754,7378.5,2016-05-18 17:30:00+00:00,7398.5,1.0
15min,2016-05-24 13:45:00+00:00,2016-05-25 13:45:00+00:00,7420.5,7507.25,29,2016-05-25 13:45:00+00:00,2016-05-25 17:15:00+00:00,7495.0,7530.5,15,0.14121037463976946,7463.875,2016-05-25 17:15:00+00:00,7529.25,1.0
15min,2016-05-26 17:45:00+00:00,2016-05-27 18:00:00+00:00,7525.0,7555.75,30,2016-05-27 18:00:00+00:00,2016-05-27 19:45:00+00:00,7538.0,7552.0,8,0.5772357723577236,7540.375,2016-05-27 19:45:00+00:00,7551.75,1.0
15min,2016-06-28 19:00:00+00:00,2016-06-30 14:15:00+00:00,7311.0,7422.0,37,2016-06-30 14:15:00+00:00,2016-06-30 15:15:00+00:00,7399.5,7436.0,5,0.20270270270270271,7366.5,2016-06-30 15:15:00+00:00,7432.0,1.0
15min,2016-06-30 15:45:00+00:00,2016-07-01 18:15:00+00:00,7429.0,7497.0,39,2016-07-01 18:15:00+00:00,2016-07-01 19:15:00+00:00,7471.0,7487.25,5,0.38235294117647056,7463.0,2016-07-01 19:15:00+00:00,7484.25,1.0
15min,2016-07-06 14:15:00+00:00,2016-07-07 17:00:00+00:00,7427.25,7512.0,40,2016-07-07 17:00:00+00:00,2016-07-07 19:45:00+00:00,7480.75,7504.0,12,0.3687315634218289,7469.625,2016-07-07 19:45:00+00:00,7500.75,1.0
15min,2016-07-08 13:30:00+00:00,2016-07-11 19:45:00+00:00,7518.0,7614.25,54,2016-07-11 19:45:00+00:00,2016-07-15 13:30:00+00:00,7596.5,7653.5,84,0.18441558441558442,7566.125,2016-07-15 13:30:00+00:00,7650.75,1.0
15min,2016-07-20 13:30:00+00:00,2016-07-20 19:15:00+00:00,7666.25,7709.75,25,2016-07-20 19:15:00+00:00,2016-07-21 13:45:00+00:00,7698.5,7711.25,6,0.25862068965517243,7688.0,2016-07-21 13:45:00+00:00,7711.0,1.0
15min,2016-08-03 17:00:00+00:00,2016-08-03 18:30:00+00:00,7764.5,7770.75,8,2016-08-03 18:30:00+00:00,2016-08-03 19:30:00+00:00,7764.0,7777.0,5,1.08,7767.625,2016-08-03 19:30:00+00:00,7775.75,0.8888888888888888
15min,2016-08-04 15:00:00+00:00,2016-08-05 18:30:00+00:00,7782.75,7848.5,43,2016-08-05 18:30:00+00:00,2016-08-09 14:30:00+00:00,7817.0,7852.5,39,0.4790874524714829,7815.625,2016-08-09 14:30:00+00:00,7850.75,1.0
15min,2016-08-26 20:00:00+00:00,2016-08-29 15:00:00+00:00,7832.75,7850.25,9,2016-08-29 15:00:00+00:00,2016-08-29 16:00:00+00:00,7840.0,7854.25,5,0.5857142857142857,7841.5,2016-08-29 16:00:00+00:00,7851.75,1.0
15min,2016-09-14 20:00:00+00:00,2016-09-16 14:15:00+00:00,7790.75,7878.75,33,2016-09-16 14:15:00+00:00,2016-09-16 19:45:00+00:00,7844.0,7872.5,23,0.39488636363636365,7834.75,2016-09-16 19:45:00+00:00,7869.25,1.0
15min,2016-09-21 19:00:00+00:00,2016-09-22 18:30:00+00:00,7876.0,7947.5,27,2016-09-22 18:30:00+00:00,2016-09-22 19:45:00+00:00,7928.75,7947.0,6,0.26223776223776224,7911.75,2016-09-22 19:45:00+00:00,7945.75,1.0
15min,2016-09-28 16:15:00+00:00,2016-09-28 17:15:00+00:00,7904.0,7913.75,6,2016-09-28 17:15:00+00:00,2016-09-28 20:00:00+00:00,7905.5,7928.25,12,0.8461538461538461,7908.875,2016-09-28 20:00:00+00:00,7925.75,1.0
15min,2016-11-04 14:45:00+00:00,2016-11-04 16:00:00+00:00,7732.75,7746.75,7,2016-11-04 16:00:00+00:00,2016-11-04 17:00:00+00:00,7733.0,7749.25,5,0.9821428571428571,7739.75,2016-11-04 17:00:00+00:00,7749.0,0.7777777777777778
15min,2016-11-07 14:45:00+00:00,2016-11-07 20:00:00+00:00,7781.5,7829.25,23,2016-11-07 20:00:00+00:00,2016-11-07 21:00:00+00:00,7811.25,7829.25,5,0.3769633507853403,7805.375,2016-11-07 21:00:00+00:00,7825.25,1.0
15min,2016-11-15 19:00:00+00:00,2016-11-16 19:30:00+00:00,7791.5,7850.0,31,2016-11-16 19:30:00+00:00,2016-11-17 16:15:00+00:00,7833.25,7862.0,15,0.2863247863247863,7820.75,2016-11-17 16:15:00+00:00,7859.75,1.0
15min,2016-11-17 16:45:00+00:00,2016-11-17 19:45:00+00:00,7859.5,7881.25,14,2016-11-17 19:45:00+00:00,2016-11-17 20:45:00+00:00,7864.75,7879.25,5,0.7586206896551724,7870.375,2016-11-17 20:45:00+00:00,7878.75,1.0
15min,2016-11-23 21:00:00+00:00,2016-11-25 14:45:00+00:00,7901.0,7918.75,19,2016-11-25 14:45:00+00:00,2016-11-25 16:30:00+00:00,7907.25,7920.75,8,0.647887323943662,7909.875,2016-11-25 16:30:00+00:00,7920.5,1.0
15min,2016-12-07 17:00:00+00:00,2016-12-08 18:30:00+00:00,7837.5,7924.75,35,2016-12-08 18:30:00+00:00,2016-12-09 14:30:00+00:00,7897.25,7936.5,12,0.3151862464183381,7881.125,2016-12-09 14:30:00+00:00,7931.75,0.7777777777777778
15min,2017-01-03 21:00:00+00:00,2017-01-10 14:30:00+00:00,7951.25,8086.0,111,2017-01-10 14:30:00+00:00,2017-01-10 16:15:00+00:00,8067.5,8094.25,8,0.137291280148423,8018.625,2017-01-10 16:15:00+00:00,8093.0,1.0
15min,2017-01-23 18:30:00+00:00,2017-01-26 15:45:00+00:00,8107.0,8219.75,72,2017-01-26 15:45:00+00:00,2017-01-26 16:45:00+00:00,8200.75,8212.0,5,0.16851441241685144,8163.375,2017-01-26 16:45:00+00:00,8211.25,0.7777777777777778
15min,2017-02-02 20:30:00+00:00,2017-02-06 18:30:00+00:00,8192.25,8220.0,48,2017-02-06 18:30:00+00:00,2017-02-06 21:00:00+00:00,8205.25,8219.0,11,0.5315315315315315,8206.125,2017-02-06 21:00:00+00:00,8218.75,1.0
15min,2017-02-08 15:30:00+00:00,2017-02-09 20:45:00+00:00,8233.75,8275.75,50,2017-02-09 20:45:00+00:00,2017-02-10 15:45:00+00:00,8263.75,8280.5,8,0.2857142857142857,8254.75,2017-02-10 15:45:00+00:00,8279.25,1.0
15min,2017-02-10 16:15:00+00:00,2017-02-14 14:30:00+00:00,8273.75,8318.0,49,2017-02-14 14:30:00+00:00,2017-02-14 17:15:00+00:00,8296.25,8316.25,12,0.4915254237288136,8295.875,2017-02-14 17:15:00+00:00,8315.0,1.0
15min,2017-02-16 20:15:00+00:00,2017-02-21 17:15:00+00:00,8347.0,8409.5,59,2017-02-21 17:15:00+00:00,2017-02-21 19:30:00+00:00,8391.5,8400.25,10,0.288,8378.25,2017-02-21 19:30:00+00:00,8399.75,1.0
15min,2017-02-22 15:30:00+00:00,2017-02-22 20:00:00+00:00,8397.5,8412.0,20,2017-02-22 20:00:00+00:00,2017-02-23 14:30:00+00:00,8402.0,8417.75,6,0.6896551724137931,8404.75,2017-02-23 14:30:00+00:00,8415.5,1.0
15min,2017-03-27 14:15:00+00:00,2017-03-28 13:30:00+00:00,8386.75,8438.25,26,2017-03-28 13:30:00+00:00,2017-03-28 15:15:00+00:00,8416.0,8443.0,8,0.4320388349514563,8412.5,2017-03-28 15:15:00+00:00,8442.25,1.0
15min,2017-03-28 15:45:00+00:00,2017-03-30 16:00:00+00:00,8438.5,8500.25,57,2017-03-30 16:00:00+00:00,2017-03-30 17:45:00+00:00,8480.0,8496.0,8,0.32793522267206476,8469.375,2017-03-30 17:45:00+00:00,8494.5,1.0
15min,2017-04-21 20:00:00+00:00,2017-04-24 15:30:00+00:00,8491.75,8561.75,11,2017-04-24 15:30:00+00:00,2017-04-24 17:15:00+00:00,8546.5,8556.0,8,0.21785714285714286,8526.75,2017-04-24 17:15:00+00:00,8555.5,1.0
15min,2017-04-24 17:45:00+00:00,2017-04-26 13:30:00+00:00,8553.25,8609.75,39,2017-04-26 13:30:00+00:00,2017-04-27 14:15:00+00:00,8588.25,8618.25,31,0.3805309734513274,8581.5,2017-04-27 14:15:00+00:00,8615.75,1.0
15min,2017-05-05 16:15:00+00:00,2017-05-08 14:15:00+00:00,8673.0,8704.5,21,2017-05-08 14:15:00+00:00,2017-05-08 16:45:00+00:00,8687.0,8704.5,11,0.5555555555555556,8688.75,2017-05-08 16:45:00+00:00,8703.25,1.0
15min,2017-05-11 17:30:00+00:00,2017-05-12 19:30:00+00:00,8711.0,8739.75,37,2017-05-12 19:30:00+00:00,2017-05-15 14:00:00+00:00,8729.0,8752.0,6,0.3739130434782609,8725.375,2017-05-15 14:00:00+00:00,8750.5,1.0
15min,2017-05-24 18:00:00+00:00,2017-05-26 17:45:00+00:00,8764.25,8848.0,55,2017-05-26 17:45:00+00:00,2017-05-26 20:00:00+00:00,8833.25,8843.25,10,0.1761194029850746,8806.125,2017-05-26 20:00:00+00:00,8842.5,1.0
15min,2017-06-01 16:15:00+00:00,2017-06-02 13:45:00+00:00,8851.25,8894.5,19,2017-06-02 13:45:00+00:00,2017-06-02 15:00:00+00:00,8878.75,8903.75,6,0.36416184971098264,8872.875,2017-06-02 15:00:00+00:00,8901.0,1.0
15min,2017-06-02 15:30:00+00:00,2017-06-05 15:45:00+00:00,8901.5,8943.75,30,2017-06-05 15:45:00+00:00,2017-06-06 14:30:00+00:00,8922.5,8943.0,23,0.5029585798816568,8922.625,2017-06-06 14:30:00+00:00,8941.25,1.0
15min,2017-06-13 16:00:00+00:00,2017-06-13 18:00:00+00:00,8786.5,8802.5,10,2017-06-13 18:00:00+00:00,2017-06-13 19:30:00+00:00,8786.5,8809.0,7,1.0,8794.5,2017-06-13 19:30:00+00:00,8808.5,0.7777777777777778
15min,2017-06-23 14:45:00+00:00,2017-06-23 19:30:00+00:00,8827.0,8860.5,21,2017-06-23 19:30:00+00:00,2017-06-26 13:45:00+00:00,8836.75,8897.0,5,0.7089552238805971,8843.75,2017-06-26 13:45:00+00:00,8894.25,1.0
15min,2017-06-28 14:45:00+00:00,2017-06-28 18:15:00+00:00,8733.25,8797.25,16,2017-06-28 18:15:00+00:00,2017-06-28 19:15:00+00:00,8782.0,8800.75,5,0.23828125,8765.25,2017-06-28 19:15:00+00:00,8796.25,0.8888888888888888
15min,2017-07-07 13:45:00+00:00,2017-07-10 13:30:00+00:00,8663.25,8721.5,28,2017-07-10 13:30:00+00:00,2017-07-10 15:00:00+00:00,8695.0,8730.5,7,0.45493562231759654,8692.375,2017-07-10 15:00:00+00:00,8729.5,1.0
15min,2017-07-11 17:00:00+00:00,2017-07-13 13:45:00+00:00,8736.25,8840.75,43,2017-07-13 13:45:00+00:00,2017-07-14 16:45:00+00:00,8822.25,8872.75,40,0.17703349282296652,8788.5,2017-07-14 16:45:00+00:00,8870.5,1.0
15min,2017-07-18 14:30:00+00:00,2017-07-19 20:00:00+00:00,8879.5,8970.0,51,2017-07-19 20:00:00+00:00,2017-07-24 19:00:00+00:00,8935.5,8984.25,78,0.3812154696132597,8924.75,2017-07-24 19:00:00+00:00,8984.0,1.0
15min,2017-07-28 13:45:00+00:00,2017-07-28 15:45:00+00:00,8913.25,8950.25,10,2017-07-28 15:45:00+00:00,2017-07-28 16:45:00+00:00,8939.5,8963.25,5,0.2905405405405405,8931.75,2017-07-28 16:45:00+00:00,8957.25,0.7777777777777778
15min,2017-08-07 13:30:00+00:00,2017-08-08 13:45:00+00:00,8945.5,8980.75,30,2017-08-08 13:45:00+00:00,2017-08-08 14:45:00+00:00,8957.0,8981.25,5,0.6737588652482269,8963.125,2017-08-08 14:45:00+00:00,8981.0,1.0
15min,2017-08-11 14:00:00+00:00,2017-08-11 19:00:00+00:00,8828.5,8890.75,22,2017-08-11 19:00:00+00:00,2017-08-14 13:30:00+00:00,8863.75,8925.0,6,0.43373493975903615,8859.625,2017-08-14 13:30:00+00:00,8922.75,0.8888888888888888
15min,2017-08-14 14:00:00+00:00,2017-08-14 19:15:00+00:00,8926.75,8956.5,23,2017-08-14 19:15:00+00:00,2017-08-16 15:00:00+00:00,8940.5,8979.75,38,0.5378151260504201,8941.625,2017-08-16 15:00:00+00:00,8976.75,1.0
15min,2017-09-11 13:45:00+00:00,2017-09-11 19:00:00+00:00,9005.5,9038.0,23,2017-09-11 19:00:00+00:00,2017-09-12 13:30:00+00:00,9019.75,9045.5,6,0.5615384615384615,9021.75,2017-09-12 13:30:00+00:00,9043.25,1.0
15min,2017-09-29 13:30:00+00:00,2017-09-29 19:45:00+00:00,8970.75,9022.5,27,2017-09-29 19:45:00+00:00,2017-10-02 14:00:00+00:00,9010.75,9042.75,5,0.22705314009661837,8996.625,2017-10-02 14:00:00+00:00,9041.5,1.0
15min,2017-10-04 15:30:00+00:00,2017-10-05 15:15:00+00:00,9023.25,9078.25,28,2017-10-05 15:15:00+00:00,2017-10-05 16:15:00+00:00,9056.25,9076.75,5,0.4,9050.75,2017-10-05 16:15:00+00:00,9075.75,1.0
15min,2017-10-05 16:45:00+00:00,2017-10-06 15:00:00+00:00,9075.25,9102.5,22,2017-10-06 15:00:00+00:00,2017-10-06 16:30:00+00:00,9079.5,9099.5,7,0.8440366972477065,9088.875,2017-10-06 16:30:00+00:00,9099.25,0.8888888888888888
15min,2017-10-30 20:00:00+00:00,2017-10-31 14:15:00+00:00,9261.0,9287.25,6,2017-10-31 14:15:00+00:00,2017-10-31 15:15:00+00:00,9268.0,9285.5,5,0.7333333333333333,9274.125,2017-10-31 15:15:00+00:00,9284.25,1.0
15min,2017-11-03 15:15:00+00:00,2017-11-07 15:30:00+00:00,9288.0,9364.5,53,2017-11-07 15:30:00+00:00,2017-11-08 16:00:00+00:00,9334.0,9363.75,30,0.39869281045751637,9326.25,2017-11-08 16:00:00+00:00,9361.5,1.0
15min,2017-11-10 18:45:00+00:00,2017-11-13 14:45:00+00:00,9319.25,9352.0,13,2017-11-13 14:45:00+00:00,2017-11-13 20:15:00+00:00,9322.75,9361.25,23,0.8931297709923665,9335.625,2017-11-13 20:15:00+00:00,9361.0,1.0
15min,2017-11-21 14:45:00+00:00,2017-11-21 20:30:00+00:00,9378.25,9423.0,25,2017-11-21 20:30:00+00:00,2017-11-22 19:45:00+00:00,9413.0,9432.0,25,0.22346368715083798,9400.625,2017-11-22 19:45:00+00:00,9431.0,1.0
15min,2017-11-28 14:45:00+00:00,2017-11-28 16:15:00+00:00,9446.5,9462.25,8,2017-11-28 16:15:00+00:00,2017-11-28 17:30:00+00:00,9449.0,9465.25,6,0.8412698412698413,9454.375,2017-11-28 17:30:00+00:00,9462.5,1.0
15min,2017-12-15 14:45:00+00:00,2017-12-18 14:45:00+00:00,9442.5,9549.75,29,2017-12-18 14:45:00+00:00,2017-12-18 17:15:00+00:00,9532.0,9557.75,11,0.1655011655011655,9496.125,2017-12-18 17:15:00+00:00,9557.25,1.0
15min,2018-01-02 14:45:00+00:00,2018-01-04 15:00:00+00:00,9445.25,9634.75,57,2018-01-04 15:00:00+00:00,2018-01-05 16:00:00+00:00,9605.5,9664.5,32,0.15435356200527706,9540.0,2018-01-05 16:00:00+00:00,9661.75,1.0
15min,2018-01-05 16:30:00+00:00,2018-01-08 20:15:00+00:00,9661.0,9709.75,44,2018-01-08 20:15:00+00:00,2018-01-09 14:30:00+00:00,9699.0,9724.5,5,0.2205128205128205,9685.375,2018-01-09 14:30:00+00:00,9719.5,0.6666666666666666
15min,2018-01-10 20:15:00+00:00,2018-01-11 15:30:00+00:00,9676.25,9714.25,10,2018-01-11 15:30:00+00:00,2018-01-11 17:30:00+00:00,9691.25,9719.25,9,0.6052631578947368,9695.25,2018-01-11 17:30:00+00:00,9716.5,1.0
15min,2018-01-17 16:30:00+00:00,2018-01-18 15:30:00+00:00,9797.25,9853.25,25,2018-01-18 15:30:00+00:00,2018-01-18 19:30:00+00:00,9815.0,9855.5,17,0.6830357142857143,9825.25,2018-01-18 19:30:00+00:00,9854.25,1.0
15min,2018-02-09 20:00:00+00:00,2018-02-12 15:15:00+00:00,9300.25,9535.75,10,2018-02-12 15:15:00+00:00,2018-02-12 17:00:00+00:00,9444.0,9545.75,8,0.3895966029723992,9418.0,2018-02-12 17:00:00+00:00,9545.5,1.0
15min,2018-02-15 16:45:00+00:00,2018-02-16 14:45:00+00:00,9740.25,9834.5,21,2018-02-16 14:45:00+00:00,2018-02-16 17:30:00+00:00,9801.75,9857.5,12,0.34748010610079577,9787.375,2018-02-16 17:30:00+00:00,9856.5,1.0
15min,2018-03-05 16:00:00+00:00,2018-03-06 16:15:00+00:00,9813.75,9958.25,30,2018-03-06 16:15:00+00:00,2018-03-06 17:15:00+00:00,9890.75,9926.25,5,0.4671280276816609,9886.0,2018-03-06 17:15:00+00:00,9923.25,0.7777777777777778
15min,2018-03-07 18:00:00+00:00,2018-03-08 15:45:00+00:00,9883.75,9990.5,20,2018-03-08 15:45:00+00:00,2018-03-09 14:30:00+00:00,9951.0,10044.25,23,0.3700234192037471,9937.125,2018-03-09 14:30:00+00:00,10039.75,0.7777777777777778
15min,2018-04-26 13:30:00+00:00,2018-04-26 16:00:00+00:00,9575.5,9641.75,12,2018-04-26 16:00:00+00:00,2018-04-26 17:15:00+00:00,9610.75,9647.5,6,0.4679245283018868,9608.625,2018-04-26 17:15:00+00:00,9643.75,0.8888888888888888
15min,2018-05-01 18:00:00+00:00,2018-05-02 13:45:00+00:00,9606.75,9698.75,12,2018-05-02 13:45:00+00:00,2018-05-02 18:15:00+00:00,9642.75,9712.5,19,0.6086956521739131,9652.75,2018-05-02 18:15:00+00:00,9704.25,1.0
15min,2018-05-04 14:00:00+00:00,2018-05-07 17:15:00+00:00,9638.5,9842.5,42,2018-05-07 17:15:00+00:00,2018-05-07 18:30:00+00:00,9812.5,9840.75,6,0.14705882352941177,9740.5,2018-05-07 18:30:00+00:00,9840.0,1.0
15min,2018-05-08 19:30:00+00:00,2018-05-09 15:15:00+00:00,9792.25,9839.25,12,2018-05-09 15:15:00+00:00,2018-05-09 16:15:00+00:00,9802.0,9836.0,5,0.7925531914893617,9815.75,2018-05-09 16:15:00+00:00,9831.5,1.0
15min,2018-05-23 15:30:00+00:00,2018-05-23 17:30:00+00:00,9869.75,9906.75,10,2018-05-23 17:30:00+00:00,2018-05-23 19:00:00+00:00,9884.5,9931.75,7,0.6013513513513513,9888.25,2018-05-23 19:00:00+00:00,9931.5,1.0
15min,2018-05-24 15:45:00+00:00,2018-05-25 13:45:00+00:00,9906.75,9962.75,21,2018-05-25 13:45:00+00:00,2018-05-28 15:00:00+00:00,9936.25,9989.75,33,0.4732142857142857,9934.75,2018-05-28 15:00:00+00:00,9987.0,1.0
15min,2018-06-01 13:45:00+00:00,2018-06-05 15:30:00+00:00,10003.0,10178.25,63,2018-06-05 15:30:00+00:00,2018-06-05 18:30:00+00:00,10133.5,10162.25,13,0.2553495007132668,10090.625,2018-06-05 18:30:00+00:00,10161.0,1.0
15min,2018-06-08 16:30:00+00:00,2018-06-11 13:30:00+00:00,10130.0,10157.5,17,2018-06-11 13:30:00+00:00,2018-06-11 15:45:00+00:00,10139.0,10171.5,10,0.6727272727272727,10143.75,2018-06-11 15:45:00+00:00,10170.5,1.0
15min,2018-07-05 15:45:00+00:00,2018-07-09 14:15:00+00:00,10048.0,10251.75,50,2018-07-09 14:15:00+00:00,2018-07-09 18:45:00+00:00,10210.0,10247.75,19,0.2049079754601227,10149.875,2018-07-09 18:45:00+00:00,10246.25,1.0
15min,2018-07-23 15:45:00+00:00,2018-07-23 17:15:00+00:00,10325.0,10349.25,8,2018-07-23 17:15:00+00:00,2018-07-23 19:00:00+00:00,10334.75,10356.75,8,0.5979381443298969,10337.125,2018-07-23 19:00:00+00:00,10353.25,1.0
15min,2018-08-06 14:15:00+00:00,2018-08-07 15:15:00+00:00,10366.25,10456.5,33,2018-08-07 15:15:00+00:00,2018-08-07 16:15:00+00:00,10420.25,10441.5,5,0.40166204986149584,10411.375,2018-08-07 16:15:00+00:00,10440.75,1.0
15min,2018-08-22 14:30:00+00:00,2018-08-22 18:45:00+00:00,10366.5,10411.5,19,2018-08-22 18:45:00+00:00,2018-08-22 19:45:00+00:00,10392.75,10414.5,5,0.4166666666666667,10389.0,2018-08-22 19:45:00+00:00,10410.0,1.0
15min,2018-08-24 13:45:00+00:00,2018-08-28 14:45:00+00:00,10415.75,10567.0,60,2018-08-28 14:45:00+00:00,2018-08-29 13:45:00+00:00,10534.0,10583.5,24,0.21818181818181817,10491.375,2018-08-29 13:45:00+00:00,10580.0,1.0
15min,2018-08-29 14:15:00+00:00,2018-08-30 13:45:00+00:00,10572.5,10642.0,27,2018-08-30 13:45:00+00:00,2018-08-30 14:45:00+00:00,10612.25,10647.0,5,0.42805755395683454,10607.25,2018-08-30 14:45:00+00:00,10642.0,1.0
15min,2018-09-11 14:15:00+00:00,2018-09-11 15:00:00+00:00,10420.5,10448.0,5,2018-09-11 15:00:00+00:00,2018-09-11 16:00:00+00:00,10420.5,10486.5,5,1.0,10434.25,2018-09-11 16:00:00+00:00,10486.25,0.8888888888888888
15min,2018-10-25 14:15:00+00:00,2018-10-25 15:15:00+00:00,9877.0,9939.5,6,2018-10-25 15:15:00+00:00,2018-10-25 18:15:00+00:00,9889.75,9971.0,13,0.796,9908.25,2018-10-25 18:15:00+00:00,9970.5,0.8888888888888888
15min,2018-10-30 19:15:00+00:00,2018-10-31 20:00:00+00:00,9693.0,9981.0,32,2018-10-31 20:00:00+00:00,2018-11-01 15:30:00+00:00,9878.5,9979.75,10,0.3559027777777778,9837.0,2018-11-01 15:30:00+00:00,9977.25,1.0
15min,2018-11-15 18:45:00+00:00,2018-11-16 14:45:00+00:00,9749.25,9862.25,13,2018-11-16 14:45:00+00:00,2018-11-16 15:45:00+00:00,9749.25,9844.25,5,1.0,9805.75,2018-11-16 15:45:00+00:00,9834.25,0.8888888888888888
15min,2018-11-26 18:30:00+00:00,2018-11-27 20:30:00+00:00,9555.0,9664.75,37,2018-11-27 20:30:00+00:00,2018-11-28 17:15:00+00:00,9624.5,9769.0,15,0.36674259681093396,9609.875,2018-11-28 17:15:00+00:00,9763.0,1.0
15min,2018-12-11 20:00:00+00:00,2018-12-11 21:00:00+00:00,9645.5,9706.0,6,2018-12-11 21:00:00+00:00,2018-12-12 15:15:00+00:00,9647.0,9776.0,5,0.9752066115702479,9675.75,2018-12-12 15:15:00+00:00,9774.0,1.0
15min,2018-12-27 20:15:00+00:00,2018-12-28 15:00:00+00:00,9039.0,9265.5,8,2018-12-28 15:00:00+00:00,2018-12-28 19:15:00+00:00,9160.5,9276.75,18,0.46357615894039733,9152.25,2018-12-28 19:15:00+00:00,9274.0,1.0
15min,2019-01-04 14:45:00+00:00,2019-01-07 19:45:00+00:00,9158.25,9452.5,49,2019-01-07 19:45:00+00:00,2019-01-08 14:45:00+00:00,9398.75,9503.0,8,0.1826677994902294,9305.375,2019-01-08 14:45:00+00:00,9495.25,1.0
15min,2019-01-08 17:15:00+00:00,2019-01-09 16:00:00+00:00,9426.75,9531.5,24,2019-01-09 16:00:00+00:00,2019-01-09 17:00:00+00:00,9477.0,9544.5,5,0.5202863961813843,9479.125,2019-01-09 17:00:00+00:00,9533.25,1.0
15min,2019-01-15 14:45:00+00:00,2019-01-16 18:30:00+00:00,9492.75,9654.0,44,2019-01-16 18:30:00+00:00,2019-01-16 19:30:00+00:00,9601.5,9618.5,5,0.32558139534883723,9573.375,2019-01-16 19:30:00+00:00,9615.75,1.0
15min,2019-01-30 14:45:00+00:00,2019-01-31 14:45:00+00:00,9611.25,9775.25,29,2019-01-31 14:45:00+00:00,2019-01-31 15:45:00+00:00,9757.0,9830.0,5,0.11128048780487805,9693.25,2019-01-31 15:45:00+00:00,9829.25,1.0
15min,2019-02-04 15:15:00+00:00,2019-02-05 18:00:00+00:00,9809.5,9945.5,40,2019-02-05 18:00:00+00:00,2019-02-05 19:15:00+00:00,9898.5,9940.0,6,0.34558823529411764,9877.5,2019-02-05 19:15:00+00:00,9936.75,1.0
15min,2019-02-08 18:00:00+00:00,2019-02-08 20:45:00+00:00,9786.75,9829.5,13,2019-02-08 20:45:00+00:00,2019-02-12 15:15:00+00:00,9812.5,9915.75,33,0.39766081871345027,9808.125,2019-02-12 15:15:00+00:00,9905.5,1.0
15min,2019-03-05 16:00:00+00:00,2019-03-05 18:45:00+00:00,10063.75,10094.0,13,2019-03-05 18:45:00+00:00,2019-03-05 19:45:00+00:00,10072.5,10091.5,5,0.7107438016528925,10078.875,2019-03-05 19:45:00+00:00,10089.0,1.0
15min,2019-03-08 21:00:00+00:00,2019-03-12 19:30:00+00:00,9919.5,10139.75,54,2019-03-12 19:30:00+00:00,2019-03-13 14:00:00+00:00,10106.25,10173.0,6,0.15209988649262202,10029.625,2019-03-13 14:00:00+00:00,10164.75,1.0
15min,2019-03-15 14:00:00+00:00,2019-03-15 19:30:00+00:00,10197.5,10250.25,24,2019-03-15 19:30:00+00:00,2019-03-18 14:00:00+00:00,10214.25,10258.5,6,0.6824644549763034,10223.875,2019-03-18 14:00:00+00:00,10257.75,1.0
15min,2019-03-18 18:00:00+00:00,2019-03-19 13:45:00+00:00,10234.0,10288.25,12,2019-03-19 13:45:00+00:00,2019-03-19 16:00:00+00:00,10262.75,10300.5,10,0.4700460829493088,10261.125,2019-03-19 16:00:00+00:00,10300.25,1.0
15min,2019-03-28 19:30:00+00:00,2019-03-29 15:00:00+00:00,10230.0,10293.25,11,2019-03-29 15:00:00+00:00,2019-03-29 19:00:00+00:00,10245.25,10291.0,17,0.758893280632411,10261.625,2019-03-29 19:00:00+00:00,10289.25,1.0
15min,2019-04-01 15:15:00+00:00,2019-04-02 14:00:00+00:00,10352.25,10397.75,24,2019-04-02 14:00:00+00:00,2019-04-02 18:45:00+00:00,10375.5,10411.25,20,0.489010989010989,10375.0,2019-04-02 18:45:00+00:00,10410.75,1.0
15min,2019-04-12 16:00:00+00:00,2019-04-12 18:00:00+00:00,10517.75,10534.0,10,2019-04-12 18:00:00+00:00,2019-04-15 13:45:00+00:00,10524.25,10548.25,11,0.6,10525.875,2019-04-15 13:45:00+00:00,10543.25,1.0
15min,2019-05-15 14:30:00+00:00,2019-05-16 13:30:00+00:00,10317.75,10427.75,25,2019-05-16 13:30:00+00:00,2019-05-16 14:30:00+00:00,10401.0,10499.0,5,0.2431818181818182,10372.75,2019-05-16 14:30:00+00:00,10498.75,1.0
15min,2019-05-21 15:00:00+00:00,2019-05-21 16:00:00+00:00,10334.25,10369.0,6,2019-05-21 16:00:00+00:00,2019-05-21 18:00:00+00:00,10334.25,10365.5,9,1.0,10351.625,2019-05-21 18:00:00+00:00,10365.25,0.7777777777777778
15min,2019-06-04 14:30:00+00:00,2019-06-05 14:00:00+00:00,9941.0,10131.5,27,2019-06-05 14:00:00+00:00,2019-06-05 20:00:00+00:00,10039.5,10119.0,25,0.48293963254593175,10036.25,2019-06-05 20:00:00+00:00,10115.25,1.0
15min,2019-06-06 17:00:00+00:00,2019-06-10 17:45:00+00:00,10118.75,10467.75,59,2019-06-10 17:45:00+00:00,2019-06-18 13:30:00+00:00,10345.25,10511.25,146,0.3510028653295129,10293.25,2019-06-18 13:30:00+00:00,10505.5,1.0
15min,2019-07-02 17:45:00+00:00,2019-07-03 13:45:00+00:00,10648.5,10714.5,13,2019-07-03 13:45:00+00:00,2019-07-03 14:45:00+00:00,10698.25,10731.75,5,0.24621212121212122,10681.5,2019-07-03 14:45:00+00:00,10730.75,1.0
15min,2019-07-09 14:00:00+00:00,2019-07-11 13:45:00+00:00,10652.5,10813.25,55,2019-07-11 13:45:00+00:00,2019-07-12 20:00:00+00:00,10757.5,10830.0,53,0.3468118195956454,10732.875,2019-07-12 20:00:00+00:00,10828.75,1.0
15min,2019-08-16 14:45:00+00:00,2019-08-19 19:00:00+00:00,10444.0,10613.25,46,2019-08-19 19:00:00+00:00,2019-08-21 13:45:00+00:00,10535.75,10629.0,34,0.45790251107828656,10528.625,2019-08-21 13:45:00+00:00,10623.75,1.0
15min,2019-09-11 13:30:00+00:00,2019-09-11 18:15:00+00:00,10674.75,10756.0,21,2019-09-11 18:15:00+00:00,2019-09-11 19:45:00+00:00,10721.75,10745.75,7,0.42153846153846153,10715.375,2019-09-11 19:45:00+00:00,10741.0,1.0
15min,2019-09-17 13:30:00+00:00,2019-09-17 16:15:00+00:00,10704.75,10735.25,13,2019-09-17 16:15:00+00:00,2019-09-17 19:45:00+00:00,10716.0,10752.0,15,0.6311475409836066,10720.0,2019-09-17 19:45:00+00:00,10751.5,1.0
15min,2019-10-03 15:30:00+00:00,2019-10-03 19:00:00+00:00,10424.0,10496.75,16,2019-10-03 19:00:00+00:00,2019-10-03 20:00:00+00:00,10464.25,10496.0,5,0.44673539518900346,10460.375,2019-10-03 20:00:00+00:00,10494.5,0.7777777777777778
15min,2019-10-04 13:45:00+00:00,2019-10-07 13:45:00+00:00,10524.25,10616.0,29,2019-10-07 13:45:00+00:00,2019-10-07 15:00:00+00:00,10566.5,10615.25,6,0.5395095367847411,10570.125,2019-10-07 15:00:00+00:00,10613.5,1.0
15min,2019-10-09 14:45:00+00:00,2019-10-09 15:30:00+00:00,10512.5,10539.5,5,2019-10-09 15:30:00+00:00,2019-10-09 19:00:00+00:00,10513.75,10570.0,15,0.9537037037037037,10526.0,2019-10-09 19:00:00+00:00,10564.5,1.0
15min,2019-10-10 19:15:00+00:00,2019-10-11 20:00:00+00:00,10579.25,10760.75,32,2019-10-11 20:00:00+00:00,2019-10-15 14:15:00+00:00,10674.5,10757.5,32,0.47520661157024796,10670.0,2019-10-15 14:15:00+00:00,10756.5,1.0
15min,2019-10-23 19:45:00+00:00,2019-10-24 14:15:00+00:00,10725.0,10803.5,7,2019-10-24 14:15:00+00:00,2019-10-24 15:15:00+00:00,10759.0,10797.75,5,0.5668789808917197,10764.25,2019-10-24 15:15:00+00:00,10794.0,1.0
15min,2019-11-01 17:45:00+00:00,2019-11-04 16:45:00+00:00,10978.5,11076.0,21,2019-11-04 16:45:00+00:00,2019-11-04 18:00:00+00:00,11043.5,11058.25,6,0.3333333333333333,11027.25,2019-11-04 18:00:00+00:00,11058.0,1.0
15min,2019-11-14 18:00:00+00:00,2019-11-15 15:00:00+00:00,11074.75,11163.0,17,2019-11-15 15:00:00+00:00,2019-11-15 16:15:00+00:00,11131.25,11164.75,6,0.3597733711048159,11118.875,2019-11-15 16:15:00+00:00,11159.5,1.0
15min,2019-11-25 14:45:00+00:00,2019-11-26 19:45:00+00:00,11154.0,11244.75,49,2019-11-26 19:45:00+00:00,2019-11-27 15:15:00+00:00,11226.25,11263.25,10,0.20385674931129477,11199.375,2019-11-27 15:15:00+00:00,11261.25,0.8888888888888888
15min,2019-11-27 15:45:00+00:00,2019-11-28 16:00:00+00:00,11262.5,11291.75,30,2019-11-28 16:00:00+00:00,2019-11-28 17:15:00+00:00,11278.0,11289.75,6,0.4700854700854701,11277.125,2019-11-28 17:15:00+00:00,11289.25,1.0
15min,2019-12-05 19:30:00+00:00,2019-12-09 14:30:00+00:00,11128.0,11251.75,36,2019-12-09 14:30:00+00:00,2019-12-12 15:00:00+00:00,11180.75,11306.5,84,0.5737373737373738,11189.875,2019-12-12 15:00:00+00:00,11306.25,1.0
15min,2019-12-12 18:00:00+00:00,2019-12-12 19:30:00+00:00,11262.0,11289.0,8,2019-12-12 19:30:00+00:00,2019-12-12 21:00:00+00:00,11262.0,11323.25,7,1.0,11275.5,2019-12-12 21:00:00+00:00,11310.25,1.0
15min,2019-12-16 14:45:00+00:00,2019-12-16 19:30:00+00:00,11389.25,11435.25,21,2019-12-16 19:30:00+00:00,2019-12-18 14:45:00+00:00,11414.0,11446.75,36,0.46195652173913043,11412.25,2019-12-18 14:45:00+00:00,11444.25,1.0
15min,2019-12-19 14:45:00+00:00,2019-12-20 20:30:00+00:00,11436.0,11542.5,52,2019-12-20 20:30:00+00:00,2019-12-23 16:45:00+00:00,11511.5,11554.25,13,0.29107981220657275,11489.25,2019-12-23 16:45:00+00:00,11553.5,1.0
15min,2019-12-31 20:30:00+00:00,2020-01-02 15:45:00+00:00,11551.25,11670.25,10,2020-01-02 15:45:00+00:00,2020-01-02 17:45:00+00:00,11623.0,11663.5,9,0.39705882352941174,11610.75,2020-01-02 17:45:00+00:00,11660.5,1.0
15min,2020-01-06 15:00:00+00:00,2020-01-07 14:45:00+00:00,11589.25,11695.75,28,2020-01-07 14:45:00+00:00,2020-01-07 16:15:00+00:00,11652.25,11703.0,7,0.4084507042253521,11642.5,2020-01-07 16:15:00+00:00,11700.25,1.0
15min,2020-01-07 20:15:00+00:00,2020-01-08 14:30:00+00:00,11674.25,11698.25,6,2020-01-08 14:30:00+00:00,2020-01-08 16:45:00+00:00,11665.75,11751.25,10,1.3541666666666667,11686.25,2020-01-08 16:45:00+00:00,11749.5,1.0
15min,2020-01-16 17:00:00+00:00,2020-01-16 18:15:00+00:00,11906.5,11916.5,7,2020-01-16 18:15:00+00:00,2020-01-16 19:30:00+00:00,11906.25,11929.75,6,1.025,11911.5,2020-01-16 19:30:00+00:00,11928.0,1.0
15min,2020-01-21 19:30:00+00:00,2020-01-22 16:30:00+00:00,11975.0,12071.75,17,2020-01-22 16:30:00+00:00,2020-01-22 18:15:00+00:00,12036.25,12061.75,8,0.3669250645994832,12023.375,2020-01-22 18:15:00+00:00,12060.25,1.0
15min,2020-02-03 19:45:00+00:00,2020-02-05 15:00:00+00:00,11932.25,12277.0,37,2020-02-05 15:00:00+00:00,2020-02-06 16:15:00+00:00,12135.5,12253.75,33,0.41044234952864395,12104.625,2020-02-06 16:15:00+00:00,12252.75,1.0
15min,2020-02-10 15:00:00+00:00,2020-02-11 15:00:00+00:00,12240.75,12400.5,29,2020-02-11 15:00:00+00:00,2020-02-12 17:45:00+00:00,12319.0,12437.75,39,0.5101721439749609,12320.625,2020-02-12 17:45:00+00:00,12435.5,1.0
15min,2020-02-14 21:00:00+00:00,2020-02-17 15:15:00+00:00,12431.5,12482.25,6,2020-02-17 15:15:00+00:00,2020-02-17 16:45:00+00:00,12475.75,12486.0,7,0.12807881773399016,12456.875,2020-02-17 16:45:00+00:00,12485.25,0.7777777777777778
15min,2020-03-19 13:30:00+00:00,2020-03-19 16:15:00+00:00,9839.25,10279.25,13,2020-03-19 16:15:00+00:00,2020-03-19 18:00:00+00:00,10065.25,10288.5,8,0.4863636363636364,10059.25,2020-03-19 18:00:00+00:00,10241.0,1.0
15min,2020-04-06 14:15:00+00:00,2020-04-07 14:30:00+00:00,10659.75,11127.75,30,2020-04-07 14:30:00+00:00,2020-04-07 15:45:00+00:00,10900.5,11026.0,6,0.4855769230769231,10893.75,2020-04-07 15:45:00+00:00,11014.0,0.7777777777777778
15min,2020-04-08 15:15:00+00:00,2020-04-08 18:00:00+00:00,10940.0,11024.0,13,2020-04-08 18:00:00+00:00,2020-04-09 13:30:00+00:00,10949.0,11140.75,10,0.8928571428571429,10982.0,2020-04-09 13:30:00+00:00,11113.5,0.8888888888888888
15min,2020-04-13 15:45:00+00:00,2020-04-15 13:45:00+00:00,11012.25,11539.25,48,2020-04-15 13:45:00+00:00,2020-04-15 18:30:00+00:00,11315.75,11457.5,20,0.4240986717267552,11275.75,2020-04-15 18:30:00+00:00,11448.0,1.0
15min,2020-05-04 18:15:00+00:00,2020-05-05 19:45:00+00:00,11562.5,11849.25,35,2020-05-05 19:45:00+00:00,2020-05-07 13:45:00+00:00,11714.0,11938.25,31,0.47166521360069746,11705.875,2020-05-07 13:45:00+00:00,11922.25,1.0
15min,2020-05-08 19:15:00+00:00,2020-05-12 14:00:00+00:00,11972.75,12174.75,35,2020-05-12 14:00:00+00:00,2020-05-12 15:15:00+00:00,12066.0,12153.75,6,0.5383663366336634,12073.75,2020-05-12 15:15:00+00:00,12150.5,1.0
15min,2020-05-15 16:45:00+00:00,2020-05-18 19:15:00+00:00,11865.25,12190.75,39,2020-05-18 19:15:00+00:00,2020-05-19 14:00:00+00:00,12139.5,12208.75,7,0.15745007680491552,12028.0,2020-05-19 14:00:00+00:00,12201.0,1.0
15min,2020-05-29 17:15:00+00:00,2020-05-29 18:00:00+00:00,12248.75,12290.5,5,2020-05-29 18:00:00+00:00,2020-05-29 19:00:00+00:00,12221.0,12327.75,5,1.6646706586826348,12269.625,2020-05-29 19:00:00+00:00,12326.75,1.0
15min,2020-06-02 17:00:00+00:00,2020-06-03 16:00:00+00:00,12397.0,12533.0,25,2020-06-03 16:00:00+00:00,2020-06-03 17:30:00+00:00,12470.0,12514.0,7,0.4632352941176471,12465.0,2020-06-03 17:30:00+00:00,12512.25,1.0
15min,2020-06-08 15:15:00+00:00,2020-06-08 16:30:00+00:00,12623.25,12655.0,7,2020-06-08 16:30:00+00:00,2020-06-08 17:30:00+00:00,12624.25,12659.75,5,0.968503937007874,12639.125,2020-06-08 17:30:00+00:00,12656.0,1.0
15min,2020-06-15 13:45:00+00:00,2020-06-15 14:45:00+00:00,12314.5,12466.75,6,2020-06-15 14:45:00+00:00,2020-06-15 16:15:00+00:00,12387.5,12499.75,7,0.5205254515599343,12390.625,2020-06-15 16:15:00+00:00,12486.75,0.7777777777777778
15min,2020-06-30 14:00:00+00:00,2020-07-02 15:30:00+00:00,12838.5,13265.5,62,2020-07-02 15:30:00+00:00,2020-07-02 16:30:00+00:00,13172.25,13236.75,5,0.21838407494145198,13052.0,2020-07-02 16:30:00+00:00,13232.5,1.0
15min,2020-07-31 19:00:00+00:00,2020-08-03 19:30:00+00:00,13612.0,13916.25,31,2020-08-03 19:30:00+00:00,2020-08-04 14:15:00+00:00,13844.25,13925.25,7,0.23664749383730485,13764.125,2020-08-04 14:15:00+00:00,13919.5,1.0
15min,2020-08-04 14:45:00+00:00,2020-08-04 17:00:00+00:00,13851.0,13914.5,11,2020-08-04 17:00:00+00:00,2020-08-04 18:00:00+00:00,13856.25,13906.5,5,0.9173228346456693,13882.75,2020-08-04 18:00:00+00:00,13900.5,1.0
15min,2020-08-04 19:45:00+00:00,2020-08-05 15:45:00+00:00,13870.0,13971.75,13,2020-08-05 15:45:00+00:00,2020-08-06 14:15:00+00:00,13913.25,13982.25,22,0.5749385749385749,13920.875,2020-08-06 14:15:00+00:00,13973.75,1.0
15min,2020-08-17 13:30:00+00:00,2020-08-18 14:30:00+00:00,14064.75,14225.25,33,2020-08-18 14:30:00+00:00,2020-08-18 16:15:00+00:00,14111.25,14214.5,8,0.7102803738317757,14145.0,2020-08-18 16:15:00+00:00,14209.25,1.0
15min,2020-08-20 14:00:00+00:00,2020-08-24 14:15:00+00:00,14178.25,14565.75,57,2020-08-24 14:15:00+00:00,2020-08-25 15:15:00+00:00,14371.5,14525.5,32,0.5012903225806452,14372.0,2020-08-25 15:15:00+00:00,14524.5,1.0
15min,2020-08-25 16:45:00+00:00,2020-08-26 19:00:00+00:00,14490.0,14810.75,38,2020-08-26 19:00:00+00:00,2020-08-26 20:00:00+00:00,14711.25,14817.75,5,0.3102104442712393,14650.375,2020-08-26 20:00:00+00:00,14808.0,1.0
15min,2020-09-24 15:15:00+00:00,2020-09-24 16:45:00+00:00,13678.75,13838.5,8,2020-09-24 16:45:00+00:00,2020-09-24 17:45:00+00:00,13744.0,13863.0,5,0.5915492957746479,13758.625,2020-09-24 17:45:00+00:00,13860.0,1.0
15min,2020-09-25 14:45:00+00:00,2020-09-28 14:00:00+00:00,13784.5,14208.5,26,2020-09-28 14:00:00+00:00,2020-09-28 17:45:00+00:00,14082.5,14186.75,16,0.2971698113207547,13996.5,2020-09-28 17:45:00+00:00,14178.25,1.0
15min,2020-10-05 14:00:00+00:00,2020-10-05 18:15:00+00:00,14198.25,14308.75,19,2020-10-05 18:15:00+00:00,2020-10-05 19:15:00+00:00,14243.5,14337.5,5,0.5904977375565611,14253.5,2020-10-05 19:15:00+00:00,14333.5,1.0
15min,2020-10-07 15:15:00+00:00,2020-10-08 14:00:00+00:00,14249.5,14433.0,24,2020-10-08 14:00:00+00:00,2020-10-09 13:30:00+00:00,14344.0,14472.25,26,0.48501362397820164,14341.25,2020-10-09 13:30:00+00:00,14458.75,0.7777777777777778
15min,2020-10-09 14:00:00+00:00,2020-10-12 14:00:00+00:00,14464.75,14802.5,29,2020-10-12 14:00:00+00:00,2020-10-12 15:00:00+00:00,14723.5,14827.75,5,0.23390081421169504,14633.625,2020-10-12 15:00:00+00:00,14823.0,1.0
15min,2020-10-29 14:45:00+00:00,2020-10-29 16:00:00+00:00,14116.25,14191.75,7,2020-10-29 16:00:00+00:00,2020-10-29 17:30:00+00:00,14119.75,14221.75,7,0.9536423841059603,14154.0,2020-10-29 17:30:00+00:00,14218.75,0.7777777777777778
15min,2020-11-03 14:45:00+00:00,2020-11-04 20:30:00+00:00,13957.5,14696.0,52,2020-11-04 20:30:00+00:00,2020-11-09 14:30:00+00:00,14583.75,15073.25,58,0.15199729180771834,14326.75,2020-11-09 14:30:00+00:00,15050.25,0.6666666666666666
15min,2020-11-11 15:00:00+00:00,2020-11-11 19:45:00+00:00,14627.75,14755.25,21,2020-11-11 19:45:00+00:00,2020-11-12 14:30:00+00:00,14684.0,14775.25,7,0.5588235294117647,14691.5,2020-11-12 14:30:00+00:00,14775.25,0.7777777777777778
15min,2020-11-19 15:00:00+00:00,2020-11-19 17:45:00+00:00,14733.0,14820.75,13,2020-11-19 17:45:00+00:00,2020-11-19 19:00:00+00:00,14767.25,14823.25,6,0.6096866096866097,14776.875,2020-11-19 19:00:00+00:00,14818.5,1.0
15min,2020-12-11 19:45:00+00:00,2020-12-14 18:15:00+00:00,15186.75,15406.5,23,2020-12-14 18:15:00+00:00,2020-12-15 21:00:00+00:00,15308.25,15456.0,39,0.447098976109215,15296.625,2020-12-15 21:00:00+00:00,15454.5,1.0
15min,2020-12-16 15:45:00+00:00,2020-12-17 16:00:00+00:00,15467.25,15619.5,30,2020-12-17 16:00:00+00:00,2020-12-17 21:00:00+00:00,15540.75,15611.75,21,0.5172413793103449,15543.375,2020-12-17 21:00:00+00:00,15607.25,1.0
15min,2020-12-24 17:45:00+00:00,2020-12-28 15:00:00+00:00,15539.0,15684.25,7,2020-12-28 15:00:00+00:00,2020-12-28 16:00:00+00:00,15597.75,15671.0,5,0.5955249569707401,15611.625,2020-12-28 16:00:00+00:00,15668.0,1.0
15min,2021-01-07 14:45:00+00:00,2021-01-08 18:45:00+00:00,15583.0,15922.75,45,2021-01-08 18:45:00+00:00,2021-01-08 20:00:00+00:00,15784.25,15905.0,6,0.40765268579838115,15752.875,2021-01-08 20:00:00+00:00,15900.25,1.0
15min,2021-01-19 17:15:00+00:00,2021-01-21 14:45:00+00:00,15753.25,16200.75,46,2021-01-21 14:45:00+00:00,2021-01-21 16:00:00+00:00,16140.25,16246.25,6,0.13519553072625698,15977.0,2021-01-21 16:00:00+00:00,16242.75,1.0
15min,2021-02-01 15:45:00+00:00,2021-02-02 21:00:00+00:00,15898.5,16350.5,50,2021-02-02 21:00:00+00:00,2021-02-04 21:00:00+00:00,16243.75,16409.5,55,0.2361725663716814,16124.5,2021-02-04 21:00:00+00:00,16408.25,1.0
15min,2021-03-09 14:45:00+00:00,2021-03-09 21:00:00+00:00,15444.0,15724.5,27,2021-03-09 21:00:00+00:00,2021-03-11 16:00:00+00:00,15577.0,15885.75,35,0.5258467023172906,15584.25,2021-03-11 16:00:00+00:00,15883.75,1.0
15min,2021-03-22 14:00:00+00:00,2021-03-22 19:45:00+00:00,15822.5,16024.25,25,2021-03-22 19:45:00+00:00,2021-03-23 14:15:00+00:00,15917.75,16001.75,6,0.5278810408921933,15923.375,2021-03-23 14:15:00+00:00,15989.0,1.0
15min,2021-03-30 19:15:00+00:00,2021-03-31 20:00:00+00:00,15707.0,16025.25,32,2021-03-31 20:00:00+00:00,2021-04-01 14:15:00+00:00,15937.25,16182.25,5,0.27651217596229377,15866.125,2021-04-01 14:15:00+00:00,16175.25,1.0
15min,2021-04-01 18:15:00+00:00,2021-04-01 19:30:00+00:00,16142.5,16176.75,7,2021-04-01 19:30:00+00:00,2021-04-05 13:45:00+00:00,16144.25,16313.0,5,0.948905109489051,16159.625,2021-04-05 13:45:00+00:00,16306.0,1.0
15min,2021-04-05 14:15:00+00:00,2021-04-06 17:30:00+00:00,16324.25,16522.25,42,2021-04-06 17:30:00+00:00,2021-04-06 18:30:00+00:00,16413.25,16477.75,5,0.5505050505050505,16423.25,2021-04-06 18:30:00+00:00,16474.75,0.8888888888888888
15min,2021-04-07 14:15:00+00:00,2021-04-08 14:30:00+00:00,16428.0,16622.25,30,2021-04-08 14:30:00+00:00,2021-04-09 16:00:00+00:00,16525.5,16638.25,34,0.4980694980694981,16525.125,2021-04-09 16:00:00+00:00,16633.5,1.0
15min,2021-05-11 15:15:00+00:00,2021-05-11 16:45:00+00:00,16032.75,16206.5,8,2021-05-11 16:45:00+00:00,2021-05-11 17:45:00+00:00,16115.0,16237.0,5,0.5266187050359712,16119.625,2021-05-11 17:45:00+00:00,16232.0,0.7777777777777778
15min,2021-05-13 18:30:00+00:00,2021-05-14 13:30:00+00:00,15960.0,16114.25,9,2021-05-14 13:30:00+00:00,2021-05-14 15:00:00+00:00,16076.0,16195.5,7,0.2479740680713128,16037.125,2021-05-14 15:00:00+00:00,16194.25,0.8888888888888888
15min,2021-06-04 13:45:00+00:00,2021-06-07 13:30:00+00:00,16472.75,16651.0,28,2021-06-07 13:30:00+00:00,2021-06-07 19:00:00+00:00,16579.75,16653.0,23,0.3997194950911641,16561.875,2021-06-07 19:00:00+00:00,16645.5,1.0
15min,2021-06-10 13:45:00+00:00,2021-06-11 13:45:00+00:00,16677.5,16845.75,29,2021-06-11 13:45:00+00:00,2021-06-11 20:00:00+00:00,16801.75,16866.5,26,0.26151560178306094,16761.625,2021-06-11 20:00:00+00:00,16864.0,1.0
15min,2021-06-21 15:00:00+00:00,2021-06-21 19:30:00+00:00,16957.5,17021.75,20,2021-06-21 19:30:00+00:00,2021-06-22 15:15:00+00:00,16975.0,17074.0,11,0.7276264591439688,16989.625,2021-06-22 15:15:00+00:00,17071.0,1.0
15min,2021-06-22 15:45:00+00:00,2021-06-23 15:15:00+00:00,17072.75,17193.5,27,2021-06-23 15:15:00+00:00,2021-06-23 19:30:00+00:00,17109.5,17171.5,18,0.6956521739130435,17133.125,2021-06-23 19:30:00+00:00,17169.5,1.0
15min,2021-06-28 13:45:00+00:00,2021-06-28 17:30:00+00:00,17268.5,17372.75,17,2021-06-28 17:30:00+00:00,2021-06-28 18:45:00+00:00,17335.5,17360.75,6,0.35731414868105515,17320.625,2021-06-28 18:45:00+00:00,17357.5,1.0
15min,2021-07-01 18:30:00+00:00,2021-07-01 19:45:00+00:00,17405.0,17431.0,7,2021-07-01 19:45:00+00:00,2021-07-02 16:00:00+00:00,17405.75,17554.75,13,0.9711538461538461,17418.0,2021-07-02 16:00:00+00:00,17545.75,1.0
15min,2021-07-09 14:15:00+00:00,2021-07-12 14:15:00+00:00,17578.5,17766.25,29,2021-07-12 14:15:00+00:00,2021-07-12 19:30:00+00:00,17680.0,17743.0,22,0.459387483355526,17672.375,2021-07-12 19:30:00+00:00,17740.0,1.0
15min,2021-07-20 15:00:00+00:00,2021-07-21 13:30:00+00:00,17503.25,17660.25,23,2021-07-21 13:30:00+00:00,2021-07-21 15:15:00+00:00,17570.0,17663.5,8,0.5748407643312102,17581.75,2021-07-21 15:15:00+00:00,17653.75,1.0
15min,2021-07-21 15:45:00+00:00,2021-07-26 18:15:00+00:00,17612.75,18011.75,93,2021-07-26 18:15:00+00:00,2021-07-26 19:15:00+00:00,17970.25,18002.0,5,0.10401002506265664,17812.25,2021-07-26 19:15:00+00:00,18000.0,1.0
15min,2021-08-19 19:15:00+00:00,2021-08-19 20:00:00+00:00,17791.25,17858.0,5,2021-08-19 20:00:00+00:00,2021-08-20 14:15:00+00:00,17791.25,17950.5,5,1.0,17824.625,2021-08-20 14:15:00+00:00,17933.25,1.0
15min,2021-08-20 14:45:00+00:00,2021-08-23 20:00:00+00:00,17879.25,18215.25,50,2021-08-23 20:00:00+00:00,2021-08-24 14:30:00+00:00,18179.25,18247.5,6,0.10714285714285714,18047.25,2021-08-24 14:30:00+00:00,18245.5,1.0
15min,2021-09-24 16:15:00+00:00,2021-09-24 18:15:00+00:00,18131.25,18183.0,10,2021-09-24 18:15:00+00:00,2021-09-24 19:30:00+00:00,18146.0,18202.0,6,0.714975845410628,18157.125,2021-09-24 19:30:00+00:00,18193.75,1.0
15min,2021-10-15 16:30:00+00:00,2021-10-19 14:00:00+00:00,17938.75,18244.5,46,2021-10-19 14:00:00+00:00,2021-10-19 15:00:00+00:00,18198.25,18263.25,5,0.15126737530662307,18091.625,2021-10-19 15:00:00+00:00,18262.5,1.0
15min,2021-10-21 13:30:00+00:00,2021-10-21 18:15:00+00:00,18220.75,18332.5,21,2021-10-21 18:15:00+00:00,2021-10-21 19:15:00+00:00,18299.0,18345.5,5,0.29977628635346754,18276.625,2021-10-21 19:15:00+00:00,18344.0,1.0
15min,2021-11-01 19:15:00+00:00,2021-11-02 18:15:00+00:00,18708.25,18867.0,25,2021-11-02 18:15:00+00:00,2021-11-02 19:15:00+00:00,18792.0,18849.75,5,0.47244094488188976,18787.625,2021-11-02 19:15:00+00:00,18841.25,1.0
15min,2021-11-12 15:45:00+00:00,2021-11-12 18:15:00+00:00,18930.75,19086.75,12,2021-11-12 18:15:00+00:00,2021-11-12 20:30:00+00:00,19042.75,19086.0,10,0.28205128205128205,19008.75,2021-11-12 20:30:00+00:00,19084.25,0.8888888888888888
15min,2021-11-15 20:30:00+00:00,2021-11-17 18:15:00+00:00,19028.75,19283.25,47,2021-11-17 18:15:00+00:00,2021-11-18 16:45:00+00:00,19175.0,19346.75,22,0.42534381139489197,19156.0,2021-11-18 16:45:00+00:00,19344.25,1.0
15min,2021-11-29 14:45:00+00:00,2021-11-29 15:45:00+00:00,19095.25,19201.0,6,2021-11-29 15:45:00+00:00,2021-11-29 16:45:00+00:00,19113.75,19234.25,5,0.8250591016548463,19148.125,2021-11-29 16:45:00+00:00,19230.0,0.8888888888888888
15min,2021-12-06 17:30:00+00:00,2021-12-06 20:00:00+00:00,18627.75,18784.0,12,2021-12-06 20:00:00+00:00,2021-12-07 14:45:00+00:00,18711.0,19063.75,7,0.4672,18705.875,2021-12-07 14:45:00+00:00,19050.75,1.0
15min,2021-12-10 17:00:00+00:00,2021-12-10 17:45:00+00:00,19091.25,19149.5,5,2021-12-10 17:45:00+00:00,2021-12-10 20:45:00+00:00,19091.25,19179.75,13,1.0,19120.375,2021-12-10 20:45:00+00:00,19177.5,0.8888888888888888
15min,2021-12-21 17:00:00+00:00,2021-12-22 18:45:00+00:00,18654.0,19023.5,36,2021-12-22 18:45:00+00:00,2021-12-22 20:00:00+00:00,18920.5,18999.75,6,0.2787550744248985,18838.75,2021-12-22 20:00:00+00:00,18997.75,1.0
15min,2021-12-22 20:30:00+00:00,2021-12-27 14:30:00+00:00,18979.5,19259.0,32,2021-12-27 14:30:00+00:00,2021-12-27 15:30:00+00:00,19227.25,19389.5,5,0.11359570661896243,19119.25,2021-12-27 15:30:00+00:00,19389.5,1.0
15min,2022-01-28 20:15:00+00:00,2022-02-01 15:00:00+00:00,17078.75,17839.0,35,2022-02-01 15:00:00+00:00,2022-02-01 16:15:00+00:00,17612.0,17799.0,6,0.2985859914501809,17458.875,2022-02-01 16:15:00+00:00,17797.0,1.0
15min,2022-02-08 20:30:00+00:00,2022-02-10 14:45:00+00:00,17564.5,17927.0,33,2022-02-10 14:45:00+00:00,2022-02-10 15:45:00+00:00,17617.75,17912.0,5,0.853103448275862,17745.75,2022-02-10 15:45:00+00:00,17887.5,1.0
15min,2022-03-09 15:15:00+00:00,2022-03-09 16:30:00+00:00,16435.25,16566.5,7,2022-03-09 16:30:00+00:00,2022-03-09 17:45:00+00:00,16463.25,16632.0,6,0.7866666666666666,16500.875,2022-03-09 17:45:00+00:00,16612.0,0.8888888888888888
15min,2022-03-15 14:15:00+00:00,2022-03-15 17:30:00+00:00,16045.25,16289.5,15,2022-03-15 17:30:00+00:00,2022-03-15 19:00:00+00:00,16145.0,16266.0,7,0.5916069600818833,16167.375,2022-03-15 19:00:00+00:00,16261.75,0.8888888888888888
15min,2022-03-16 19:00:00+00:00,2022-03-17 15:00:00+00:00,16524.75,16897.5,13,2022-03-17 15:00:00+00:00,2022-03-17 16:30:00+00:00,16726.5,16859.75,7,0.45875251509054327,16711.125,2022-03-17 16:30:00+00:00,16852.75,1.0
15min,2022-03-28 17:00:00+00:00,2022-03-29 16:45:00+00:00,17632.5,18104.25,28,2022-03-29 16:45:00+00:00,2022-03-29 17:45:00+00:00,17963.75,18042.75,5,0.2978272390037096,17868.375,2022-03-29 17:45:00+00:00,18041.0,1.0
15min,2022-04-25 16:45:00+00:00,2022-04-25 18:00:00+00:00,16190.5,16300.75,7,2022-04-25 18:00:00+00:00,2022-04-25 19:45:00+00:00,16208.5,16403.25,8,0.8367346938775511,16245.625,2022-04-25 19:45:00+00:00,16391.5,0.7777777777777778
15min,2022-05-25 18:30:00+00:00,2022-05-26 19:30:00+00:00,14739.25,15227.75,33,2022-05-26 19:30:00+00:00,2022-05-27 13:45:00+00:00,15118.75,15398.5,5,0.22313203684749233,14983.5,2022-05-27 13:45:00+00:00,15339.5,1.0
15min,2022-05-27 14:15:00+00:00,2022-05-30 13:45:00+00:00,15387.25,15683.75,27,2022-05-30 13:45:00+00:00,2022-05-30 15:30:00+00:00,15621.25,15694.0,8,0.21079258010118043,15535.5,2022-05-30 15:30:00+00:00,15693.25,0.8888888888888888
15min,2022-06-23 18:15:00+00:00,2022-06-24 18:00:00+00:00,14459.75,14937.0,28,2022-06-24 18:00:00+00:00,2022-06-24 19:00:00+00:00,14852.5,14912.75,5,0.17705605028810895,14698.375,2022-06-24 19:00:00+00:00,14909.0,1.0
15min,2022-07-14 17:45:00+00:00,2022-07-18 14:30:00+00:00,14541.25,15041.0,43,2022-07-18 14:30:00+00:00,2022-07-18 15:45:00+00:00,14950.0,15024.5,6,0.18209104552276137,14791.125,2022-07-18 15:45:00+00:00,15023.75,1.0
15min,2022-07-19 13:45:00+00:00,2022-07-21 13:45:00+00:00,14847.5,15380.5,56,2022-07-21 13:45:00+00:00,2022-07-21 16:15:00+00:00,15228.0,15445.0,11,0.2861163227016886,15114.0,2022-07-21 16:15:00+00:00,15431.75,1.0
15min,2022-07-28 15:15:00+00:00,2022-07-29 15:15:00+00:00,15427.0,15785.25,29,2022-07-29 15:15:00+00:00,2022-07-29 17:00:00+00:00,15640.75,15756.75,8,0.4033496161898116,15606.125,2022-07-29 17:00:00+00:00,15750.5,1.0
15min,2022-08-03 13:45:00+00:00,2022-08-04 14:30:00+00:00,15844.0,16193.5,32,2022-08-04 14:30:00+00:00,2022-08-04 16:15:00+00:00,16039.25,16166.5,8,0.4413447782546495,16018.75,2022-08-04 16:15:00+00:00,16154.75,1.0
15min,2022-08-24 19:15:00+00:00,2022-08-25 13:30:00+00:00,15780.25,15875.0,6,2022-08-25 13:30:00+00:00,2022-08-25 14:30:00+00:00,15816.5,15956.0,5,0.6174142480211082,15827.625,2022-08-25 14:30:00+00:00,15948.5,0.8888888888888888
15min,2022-09-01 18:45:00+00:00,2022-09-01 19:45:00+00:00,15020.5,15107.25,6,2022-09-01 19:45:00+00:00,2022-09-02 14:45:00+00:00,15037.25,15316.0,8,0.8069164265129684,15063.875,2022-09-02 14:45:00+00:00,15299.5,0.8888888888888888
15min,2022-09-08 19:30:00+00:00,2022-09-12 16:15:00+00:00,15102.75,15617.5,43,2022-09-12 16:15:00+00:00,2022-09-12 17:15:00+00:00,15501.25,15593.25,5,0.22583778533268578,15360.125,2022-09-12 17:15:00+00:00,15588.25,1.0
15min,2022-10-03 14:30:00+00:00,2022-10-03 16:00:00+00:00,13914.25,14015.75,8,2022-10-03 16:00:00+00:00,2022-10-03 17:15:00+00:00,13937.5,14011.5,6,0.770935960591133,13965.0,2022-10-03 17:15:00+00:00,14003.25,0.8888888888888888
15min,2022-10-03 17:45:00+00:00,2022-10-04 17:15:00+00:00,14029.5,14454.25,27,2022-10-04 17:15:00+00:00,2022-10-04 19:00:00+00:00,14303.5,14427.5,8,0.3549146556798117,14241.875,2022-10-04 19:00:00+00:00,14415.75,1.0
15min,2022-10-21 13:45:00+00:00,2022-10-21 15:15:00+00:00,13774.5,14004.5,8,2022-10-21 15:15:00+00:00,2022-10-21 16:15:00+00:00,13830.25,14027.5,5,0.7576086956521739,13889.5,2022-10-21 16:15:00+00:00,14002.5,1.0
15min,2022-11-10 14:45:00+00:00,2022-11-11 14:45:00+00:00,14048.5,14433.75,29,2022-11-11 14:45:00+00:00,2022-11-11 18:15:00+00:00,14348.5,14587.0,15,0.22128487994808566,14241.125,2022-11-11 18:15:00+00:00,14567.75,1.0
15min,2022-11-22 15:30:00+00:00,2022-11-23 17:45:00+00:00,14359.75,14669.75,38,2022-11-23 17:45:00+00:00,2022-11-23 18:45:00+00:00,14521.0,14601.75,5,0.4798387096774194,14514.75,2022-11-23 18:45:00+00:00,14599.5,0.8888888888888888
15min,2022-11-23 19:15:00+00:00,2022-11-24 15:00:00+00:00,14560.5,14697.75,12,2022-11-24 15:00:00+00:00,2022-11-24 16:00:00+00:00,14678.0,14700.0,5,0.14389799635701275,14629.125,2022-11-24 16:00:00+00:00,14699.5,1.0
15min,2022-12-01 16:15:00+00:00,2022-12-01 17:15:00+00:00,14763.75,14856.0,6,2022-12-01 17:15:00+00:00,2022-12-01 18:15:00+00:00,14763.75,14854.0,5,1.0,14809.875,2022-12-01 18:15:00+00:00,14844.75,1.0
15min,2023-01-13 17:15:00+00:00,2023-01-16 16:45:00+00:00,14146.5,14285.75,27,2023-01-16 16:45:00+00:00,2023-01-17 15:15:00+00:00,14215.75,14351.25,10,0.5026929982046678,14216.125,2023-01-17 15:15:00+00:00,14331.25,1.0
15min,2023-01-20 14:45:00+00:00,2023-01-20 16:00:00+00:00,14049.75,14164.75,7,2023-01-20 16:00:00+00:00,2023-01-20 18:45:00+00:00,14122.75,14244.5,12,0.3652173913043478,14107.25,2023-01-20 18:45:00+00:00,14238.25,1.0
15min,2023-01-25 18:15:00+00:00,2023-01-26 16:00:00+00:00,14418.25,14741.25,20,2023-01-26 16:00:00+00:00,2023-01-26 18:45:00+00:00,14570.5,14702.75,12,0.5286377708978328,14579.75,2023-01-26 18:45:00+00:00,14696.25,1.0
15min,2023-01-31 15:00:00+00:00,2023-02-01 16:00:00+00:00,14643.25,14824.25,33,2023-02-01 16:00:00+00:00,2023-02-01 19:15:00+00:00,14738.75,14870.75,14,0.4723756906077348,14733.75,2023-02-01 19:15:00+00:00,14851.0,1.0
15min,2023-02-01 19:45:00+00:00,2023-02-02 19:45:00+00:00,14721.5,15600.75,29,2023-02-02 19:45:00+00:00,2023-02-02 21:00:00+00:00,15357.25,15522.0,6,0.2769405743531419,15161.125,2023-02-02 21:00:00+00:00,15521.5,1.0
15min,2023-02-13 14:30:00+00:00,2023-02-13 19:45:00+00:00,15018.25,15233.25,23,2023-02-13 19:45:00+00:00,2023-02-13 20:45:00+00:00,15148.25,15213.75,5,0.3953488372093023,15125.75,2023-02-13 20:45:00+00:00,15207.75,1.0
15min,2023-03-02 17:15:00+00:00,2023-03-02 18:30:00+00:00,14561.0,14601.25,7,2023-03-02 18:30:00+00:00,2023-03-02 19:30:00+00:00,14578.75,14713.75,5,0.5590062111801242,14581.125,2023-03-02 19:30:00+00:00,14710.0,0.8888888888888888
15min,2023-03-15 17:30:00+00:00,2023-03-16 13:45:00+00:00,14771.25,14945.0,14,2023-03-16 13:45:00+00:00,2023-03-16 14:45:00+00:00,14851.5,14991.75,5,0.5381294964028777,14858.125,2023-03-16 14:45:00+00:00,14981.5,1.0
15min,2023-03-20 17:15:00+00:00,2023-03-21 16:00:00+00:00,15170.25,15374.75,24,2023-03-21 16:00:00+00:00,2023-03-21 17:15:00+00:00,15250.0,15335.25,6,0.6100244498777506,15272.5,2023-03-21 17:15:00+00:00,15328.75,1.0
15min,2023-03-29 13:45:00+00:00,2023-03-30 16:45:00+00:00,15392.0,15649.25,41,2023-03-30 16:45:00+00:00,2023-03-30 19:30:00+00:00,15548.75,15623.25,12,0.39067055393586003,15520.625,2023-03-30 19:30:00+00:00,15618.0,1.0
15min,2023-04-27 13:45:00+00:00,2023-04-28 15:15:00+00:00,15551.0,15830.5,35,2023-04-28 15:15:00+00:00,2023-04-28 16:15:00+00:00,15721.0,15810.25,5,0.39177101967799643,15690.75,2023-04-28 16:15:00+00:00,15804.75,1.0
15min,2023-05-05 13:45:00+00:00,2023-05-08 13:45:00+00:00,15661.75,15896.5,29,2023-05-08 13:45:00+00:00,2023-05-08 16:00:00+00:00,15792.0,15859.75,10,0.44515441959531415,15779.125,2023-05-08 16:00:00+00:00,15858.75,1.0
15min,2023-05-17 14:30:00+00:00,2023-05-18 18:15:00+00:00,16042.75,16392.75,44,2023-05-18 18:15:00+00:00,2023-05-18 19:15:00+00:00,16293.75,16366.75,5,0.28285714285714286,16217.75,2023-05-18 19:15:00+00:00,16363.5,1.0
15min,2023-05-25 14:45:00+00:00,2023-05-25 19:00:00+00:00,16405.25,16568.75,19,2023-05-25 19:00:00+00:00,2023-05-26 13:45:00+00:00,16478.75,16627.25,7,0.5504587155963303,16487.0,2023-05-26 13:45:00+00:00,16620.0,1.0
15min,2023-05-26 14:15:00+00:00,2023-05-29 13:45:00+00:00,16649.25,16919.0,27,2023-05-29 13:45:00+00:00,2023-05-29 17:00:00+00:00,16905.5,16949.75,14,0.05004633920296571,16784.125,2023-05-29 17:00:00+00:00,16942.25,1.0
15min,2023-06-01 14:15:00+00:00,2023-06-05 17:45:00+00:00,16810.25,17232.25,70,2023-06-05 17:45:00+00:00,2023-06-07 13:45:00+00:00,17042.0,17212.5,39,0.45082938388625593,17021.25,2023-06-07 13:45:00+00:00,17205.0,1.0
15min,2023-06-13 19:15:00+00:00,2023-06-14 13:45:00+00:00,17410.5,17461.25,7,2023-06-14 13:45:00+00:00,2023-06-14 15:15:00+00:00,17410.5,17539.5,7,1.0,17435.875,2023-06-14 15:15:00+00:00,17536.5,1.0
15min,2023-06-22 14:00:00+00:00,2023-06-22 15:00:00+00:00,17402.25,17507.0,6,2023-06-22 15:00:00+00:00,2023-06-22 19:00:00+00:00,17414.0,17549.0,17,0.8878281622911695,17454.625,2023-06-22 19:00:00+00:00,17547.5,0.8888888888888888
15min,2023-06-30 13:30:00+00:00,2023-07-03 14:45:00+00:00,17596.5,17748.0,34,2023-07-03 14:45:00+00:00,2023-07-03 17:00:00+00:00,17666.0,17725.0,10,0.5412541254125413,17672.25,2023-07-03 17:00:00+00:00,17722.75,1.0
15min,2023-07-11 19:15:00+00:00,2023-07-12 16:00:00+00:00,17554.75,17865.75,16,2023-07-12 16:00:00+00:00,2023-07-12 17:30:00+00:00,17702.0,17800.0,7,0.5265273311897106,17710.25,2023-07-12 17:30:00+00:00,17797.0,1.0
15min,2023-07-12 18:00:00+00:00,2023-07-14 17:15:00+00:00,17779.25,18215.25,53,2023-07-14 17:15:00+00:00,2023-07-17 15:45:00+00:00,18021.0,18155.75,22,0.4455275229357798,17997.25,2023-07-17 15:45:00+00:00,18155.25,1.0
15min,2023-07-28 13:45:00+00:00,2023-07-28 17:45:00+00:00,18073.75,18254.0,18,2023-07-28 17:45:00+00:00,2023-07-28 19:00:00+00:00,18132.5,18239.75,6,0.6740638002773925,18163.875,2023-07-28 19:00:00+00:00,18223.25,1.0
15min,2023-08-07 17:45:00+00:00,2023-08-07 18:30:00+00:00,17768.0,17819.0,5,2023-08-07 18:30:00+00:00,2023-08-07 20:00:00+00:00,17779.25,17849.25,7,0.7794117647058824,17793.5,2023-08-07 20:00:00+00:00,17844.5,0.8888888888888888
15min,2023-08-14 14:30:00+00:00,2023-08-14 16:30:00+00:00,17496.0,17606.0,10,2023-08-14 16:30:00+00:00,2023-08-14 19:45:00+00:00,17530.25,17612.5,14,0.6886363636363636,17551.0,2023-08-14 19:45:00+00:00,17610.0,0.8888888888888888
15min,2023-08-18 18:15:00+00:00,2023-08-18 19:15:00+00:00,17072.75,17137.0,6,2023-08-18 19:15:00+00:00,2023-08-21 14:00:00+00:00,17080.25,17271.75,7,0.8832684824902723,17104.875,2023-08-21 14:00:00+00:00,17271.75,0.8888888888888888
15min,2023-08-25 18:15:00+00:00,2023-08-28 14:15:00+00:00,17233.25,17484.5,13,2023-08-28 14:15:00+00:00,2023-08-29 13:45:00+00:00,17341.5,17492.5,26,0.5691542288557214,17358.875,2023-08-29 13:45:00+00:00,17485.5,1.0
15min,2023-08-29 14:15:00+00:00,2023-08-30 18:15:00+00:00,17513.0,17880.75,45,2023-08-30 18:15:00+00:00,2023-08-31 14:00:00+00:00,17808.0,17926.0,11,0.19782460910944935,17696.875,2023-08-31 14:00:00+00:00,17924.5,1.0
15min,2023-09-13 13:45:00+00:00,2023-09-13 14:30:00+00:00,17616.0,17723.25,5,2023-09-13 14:30:00+00:00,2023-09-13 15:30:00+00:00,17616.0,17756.75,5,1.0,17669.625,2023-09-13 15:30:00+00:00,17754.0,1.0
15min,2023-09-28 14:15:00+00:00,2023-09-28 19:00:00+00:00,16841.25,17109.25,21,2023-09-28 19:00:00+00:00,2023-09-29 14:00:00+00:00,16973.0,17206.0,8,0.5083955223880597,16975.25,2023-09-29 14:00:00+00:00,17194.25,1.0
15min,2023-10-09 15:45:00+00:00,2023-10-10 18:30:00+00:00,17183.5,17545.25,40,2023-10-10 18:30:00+00:00,2023-10-11 13:45:00+00:00,17423.5,17549.0,9,0.33655839668279197,17364.375,2023-10-11 13:45:00+00:00,17500.75,1.0
15min,2023-10-16 14:00:00+00:00,2023-10-16 16:00:00+00:00,17344.5,17487.5,10,2023-10-16 16:00:00+00:00,2023-10-16 17:15:00+00:00,17417.75,17483.0,6,0.48776223776223776,17416.0,2023-10-16 17:15:00+00:00,17472.25,1.0
15min,2023-10-31 16:45:00+00:00,2023-11-06 14:30:00+00:00,16533.5,17390.25,97,2023-11-06 14:30:00+00:00,2023-11-07 14:30:00+00:00,17299.75,17446.25,28,0.10563174788444704,16961.875,2023-11-07 14:30:00+00:00,17437.25,1.0
15min,2023-11-13 16:00:00+00:00,2023-11-13 21:00:00+00:00,17683.5,17751.25,22,2023-11-13 21:00:00+00:00,2023-11-14 15:45:00+00:00,17703.25,18061.5,7,0.7084870848708487,17717.375,2023-11-14 15:45:00+00:00,18056.0,1.0
15min,2023-11-21 19:00:00+00:00,2023-11-21 19:45:00+00:00,18119.5,18153.75,5,2023-11-21 19:45:00+00:00,2023-11-22 14:30:00+00:00,18124.75,18232.5,7,0.8467153284671532,18136.625,2023-11-22 14:30:00+00:00,18232.0,1.0
15min,2023-12-12 15:45:00+00:00,2023-12-13 17:15:00+00:00,18410.0,18608.5,35,2023-12-13 17:15:00+00:00,2023-12-13 19:30:00+00:00,18527.25,18672.0,10,0.4093198992443325,18509.25,2023-12-13 19:30:00+00:00,18649.0,1.0
15min,2023-12-15 20:00:00+00:00,2023-12-19 14:30:00+00:00,18752.5,18925.25,34,2023-12-19 14:30:00+00:00,2023-12-19 21:00:00+00:00,18895.75,18978.75,27,0.170767004341534,18838.875,2023-12-19 21:00:00+00:00,18972.25,1.0
15min,2023-12-21 20:00:00+00:00,2023-12-22 19:30:00+00:00,18818.25,18992.75,27,2023-12-22 19:30:00+00:00,2023-12-26 14:30:00+00:00,18847.25,18966.75,8,0.833810888252149,18905.5,2023-12-26 14:30:00+00:00,18960.5,0.6666666666666666
15min,2024-01-08 14:30:00+00:00,2024-01-09 14:45:00+00:00,18446.5,18762.5,30,2024-01-09 14:45:00+00:00,2024-01-09 16:15:00+00:00,18611.75,18714.5,7,0.47705696202531644,18604.5,2024-01-09 16:15:00+00:00,18713.0,1.0
15min,2024-01-18 19:00:00+00:00,2024-01-19 14:45:00+00:00,18957.75,19173.5,12,2024-01-19 14:45:00+00:00,2024-01-19 16:15:00+00:00,19117.5,19217.0,7,0.25955967555040554,19065.625,2024-01-19 16:15:00+00:00,19205.0,1.0
15min,2024-01-19 16:45:00+00:00,2024-01-22 14:45:00+00:00,19178.5,19536.25,21,2024-01-22 14:45:00+00:00,2024-01-24 14:30:00+00:00,19360.75,19645.75,54,0.49056603773584906,19357.375,2024-01-24 14:30:00+00:00,19644.0,1.0
15min,2024-02-01 17:30:00+00:00,2024-02-05 15:00:00+00:00,19280.25,19726.75,46,2024-02-05 15:00:00+00:00,2024-02-05 19:45:00+00:00,19505.5,19695.5,20,0.4955207166853303,19503.5,2024-02-05 19:45:00+00:00,19688.5,1.0
15min,2024-02-07 14:30:00+00:00,2024-02-08 19:15:00+00:00,19670.0,19847.75,48,2024-02-08 19:15:00+00:00,2024-02-09 15:30:00+00:00,19778.5,19921.0,13,0.38959212376933894,19758.875,2024-02-09 15:30:00+00:00,19920.75,1.0
15min,2024-02-09 16:00:00+00:00,2024-02-12 15:30:00+00:00,19918.25,20022.25,27,2024-02-12 15:30:00+00:00,2024-02-12 16:30:00+00:00,19965.5,20048.5,5,0.5456730769230769,19970.25,2024-02-12 16:30:00+00:00,20045.25,1.0
15min,2024-03-07 14:45:00+00:00,2024-03-07 20:30:00+00:00,20070.0,20311.25,25,2024-03-07 20:30:00+00:00,2024-03-08 15:15:00+00:00,20239.25,20378.5,7,0.29844559585492225,20190.625,2024-03-08 15:15:00+00:00,20373.75,1.0
15min,2024-03-19 16:45:00+00:00,2024-03-19 19:30:00+00:00,19897.25,19990.0,13,2024-03-19 19:30:00+00:00,2024-03-20 18:15:00+00:00,19917.25,20105.5,23,0.784366576819407,19943.625,2024-03-20 18:15:00+00:00,20050.5,1.0
15min,2024-03-20 18:45:00+00:00,2024-03-21 15:15:00+00:00,19987.0,20409.75,15,2024-03-21 15:15:00+00:00,2024-03-21 16:30:00+00:00,20318.25,20407.75,6,0.21643997634535778,20198.375,2024-03-21 16:30:00+00:00,20404.25,1.0
15min,2024-04-25 16:45:00+00:00,2024-04-25 18:45:00+00:00,19144.5,19284.25,10,2024-04-25 18:45:00+00:00,2024-04-26 14:00:00+00:00,19193.25,19503.5,9,0.6511627906976745,19214.375,2024-04-26 14:00:00+00:00,19486.0,1.0
15min,2024-05-02 17:30:00+00:00,2024-05-07 18:15:00+00:00,19274.5,19967.0,86,2024-05-07 18:15:00+00:00,2024-05-10 13:30:00+00:00,19779.25,19980.0,63,0.27111913357400724,19620.75,2024-05-10 13:30:00+00:00,19975.0,0.7777777777777778
15min,2024-05-13 16:15:00+00:00,2024-05-13 17:15:00+00:00,19935.75,20010.25,6,2024-05-13 17:15:00+00:00,2024-05-14 14:30:00+00:00,19935.75,20071.5,17,1.0,19973.0,2024-05-14 14:30:00+00:00,20065.0,1.0
15min,2024-05-14 15:00:00+00:00,2024-05-16 13:45:00+00:00,19990.75,20407.75,51,2024-05-16 13:45:00+00:00,2024-05-16 14:45:00+00:00,20372.75,20427.75,5,0.08393285371702638,20199.25,2024-05-16 14:45:00+00:00,20425.75,1.0
15min,2024-05-20 14:00:00+00:00,2024-05-20 18:15:00+00:00,20397.25,20495.25,19,2024-05-20 18:15:00+00:00,2024-05-20 19:30:00+00:00,20407.75,20480.0,6,0.8928571428571429,20446.25,2024-05-20 19:30:00+00:00,20479.75,1.0
15min,2024-05-24 13:45:00+00:00,2024-05-24 19:00:00+00:00,20433.25,20626.75,23,2024-05-24 19:00:00+00:00,2024-05-27 13:45:00+00:00,20536.25,20611.75,7,0.46770025839793283,20530.0,2024-05-27 13:45:00+00:00,20607.0,1.0
15min,2024-06-04 16:45:00+00:00,2024-06-06 14:15:00+00:00,20292.75,20816.5,46,2024-06-06 14:15:00+00:00,2024-06-07 17:00:00+00:00,20693.25,20846.5,39,0.23532219570405727,20554.625,2024-06-07 17:00:00+00:00,20842.5,1.0
15min,2024-06-11 14:45:00+00:00,2024-06-12 19:45:00+00:00,20764.0,21289.5,49,2024-06-12 19:45:00+00:00,2024-06-14 20:00:00+00:00,21133.75,21393.25,56,0.29638439581351095,21026.75,2024-06-14 20:00:00+00:00,21388.25,1.0
15min,2024-07-05 13:45:00+00:00,2024-07-08 14:45:00+00:00,21869.0,22094.25,33,2024-07-08 14:45:00+00:00,2024-07-09 13:30:00+00:00,22028.75,22170.25,23,0.290788013318535,21981.625,2024-07-09 13:30:00+00:00,22164.25,0.6666666666666666
15min,2024-07-12 14:00:00+00:00,2024-07-12 16:15:00+00:00,21874.0,22107.5,11,2024-07-12 16:15:00+00:00,2024-07-12 17:15:00+00:00,21995.5,22096.25,5,0.4796573875802998,21990.75,2024-07-12 17:15:00+00:00,22086.75,0.7777777777777778
15min,2024-07-31 13:45:00+00:00,2024-07-31 17:45:00+00:00,20751.5,20956.75,18,2024-07-31 17:45:00+00:00,2024-07-31 18:45:00+00:00,20785.5,20980.75,5,0.8343483556638246,20854.125,2024-07-31 18:45:00+00:00,20977.75,1.0
15min,2024-08-08 14:15:00+00:00,2024-08-09 13:45:00+00:00,19630.75,19996.0,27,2024-08-09 13:45:00+00:00,2024-08-09 17:15:00+00:00,19845.25,20032.0,15,0.4127310061601643,19813.375,2024-08-09 17:15:00+00:00,20029.75,1.0
15min,2024-08-14 20:00:00+00:00,2024-08-16 13:45:00+00:00,20511.0,21044.0,31,2024-08-16 13:45:00+00:00,2024-08-16 16:15:00+00:00,20903.25,21051.75,11,0.26407129455909945,20777.5,2024-08-16 16:15:00+00:00,21051.0,1.0
15min,2024-09-11 16:00:00+00:00,2024-09-12 13:45:00+00:00,20164.0,20734.25,20,2024-09-12 13:45:00+00:00,2024-09-12 17:15:00+00:00,20625.75,20837.0,15,0.19026742656729503,20449.125,2024-09-12 17:15:00+00:00,20832.0,1.0
15min,2024-10-08 13:45:00+00:00,2024-10-10 13:45:00+00:00,21273.75,21686.75,56,2024-10-10 13:45:00+00:00,2024-10-10 15:30:00+00:00,21505.5,21645.0,8,0.43886198547215494,21480.25,2024-10-10 15:30:00+00:00,21637.5,1.0
15min,2024-10-11 14:30:00+00:00,2024-10-14 15:45:00+00:00,21595.0,21884.0,34,2024-10-14 15:45:00+00:00,2024-10-14 16:45:00+00:00,21729.0,21818.5,5,0.5363321799307958,21739.5,2024-10-14 16:45:00+00:00,21816.5,1.0
15min,2024-10-24 17:15:00+00:00,2024-10-24 18:45:00+00:00,21531.25,21593.0,8,2024-10-24 18:45:00+00:00,2024-10-25 13:45:00+00:00,21546.0,21792.75,8,0.7611336032388664,21562.125,2024-10-25 13:45:00+00:00,21790.5,1.0
15min,2024-11-05 14:45:00+00:00,2024-11-05 18:45:00+00:00,21351.0,21576.75,18,2024-11-05 18:45:00+00:00,2024-11-06 14:30:00+00:00,21484.5,21898.25,11,0.40863787375415284,21463.875,2024-11-06 14:30:00+00:00,21889.75,1.0
15min,2024-11-28 17:30:00+00:00,2024-11-29 14:30:00+00:00,22026.0,22105.5,5,2024-11-29 14:30:00+00:00,2024-11-29 16:15:00+00:00,22009.5,22198.75,8,1.2075471698113207,22065.75,2024-11-29 16:15:00+00:00,22196.25,1.0
15min,2024-11-29 16:45:00+00:00,2024-12-03 14:45:00+00:00,22172.25,22463.75,37,2024-12-03 14:45:00+00:00,2024-12-03 16:30:00+00:00,22338.25,22455.5,8,0.4305317324185249,22318.0,2024-12-03 16:30:00+00:00,22454.5,1.0
15min,2024-12-03 17:15:00+00:00,2024-12-04 14:45:00+00:00,22394.0,22658.75,19,2024-12-04 14:45:00+00:00,2024-12-04 15:45:00+00:00,22592.25,22695.75,5,0.251180358829084,22526.375,2024-12-04 15:45:00+00:00,22682.25,1.0
15min,2024-12-04 16:15:00+00:00,2024-12-05 16:15:00+00:00,22643.5,22755.5,29,2024-12-05 16:15:00+00:00,2024-12-05 17:15:00+00:00,22701.5,22765.0,5,0.48214285714285715,22699.5,2024-12-05 17:15:00+00:00,22763.5,1.0
15min,2024-12-06 14:45:00+00:00,2024-12-06 19:30:00+00:00,22690.0,22873.25,21,2024-12-06 19:30:00+00:00,2024-12-06 21:00:00+00:00,22815.75,22867.5,7,0.31377899045020463,22781.625,2024-12-06 21:00:00+00:00,22862.5,1.0
15min,2024-12-23 16:30:00+00:00,2024-12-26 15:15:00+00:00,22519.5,22967.5,40,2024-12-26 15:15:00+00:00,2024-12-26 16:15:00+00:00,22845.75,22935.75,5,0.27176339285714285,22743.5,2024-12-26 16:15:00+00:00,22930.0,0.8888888888888888
15min,2025-01-03 14:45:00+00:00,2025-01-03 20:30:00+00:00,22179.25,22477.0,25,2025-01-03 20:30:00+00:00,2025-01-06 14:45:00+00:00,22392.5,22744.5,5,0.2837951301427372,22328.125,2025-01-06 14:45:00+00:00,22709.5,1.0
